Subject,Dataset,Tweet ID,URL,Content,Author ID,Author Username,Author Blue Verified (T/F),Followers,Author Location,Likes,Views,Date
Costco,domain,1979334671952761282,https://x.com/dis_masaopapa/status/1979334671952761282,@yukihiro_costco 施策,1144207697736159232,,False,0,,0,104,"October 17, 2025 at 11:52 PM"
Costco,domain,1979332835422146697,https://x.com/60PsW5B832423OU/status/1979332835422146697,@yukihiro_costco 施策,913438840148287489,,False,0,兵庫県,1,130,"October 17, 2025 at 11:44 PM"
Costco,domain,1979326628145901944,https://x.com/joychainaimport/status/1979326628145901944,@yukihiro_costco 施策,1521638037457084416,,False,0,,1,125,"October 17, 2025 at 11:20 PM"
Costco,domain,1979324864843649082,https://x.com/chalanke13/status/1979324864843649082,@yukihiro_costco 施策,1441289076909301764,,False,0,,0,97,"October 17, 2025 at 11:13 PM"
Costco,domain,1979318672515817588,https://x.com/BUYMA78428525/status/1979318672515817588,@yukihiro_costco 施策,1304919536773210113,,False,0,,0,77,"October 17, 2025 at 10:48 PM"
Costco,domain,1979318522632376437,https://x.com/sirubifrom0/status/1979318522632376437,@yukihiro_costco 施策,875940174055657479,,False,0,,0,67,"October 17, 2025 at 10:48 PM"
Costco,domain,1979316719899562217,https://x.com/79zPnHlU42XgVKY/status/1979316719899562217,@yukihiro_costco 施策,1285576200736264194,,False,0,,0,70,"October 17, 2025 at 10:40 PM"
Costco,domain,1979313608707445160,https://x.com/chopin_game/status/1979313608707445160,@yukihiro_costco 施策,1190841858760433665,,False,0,,1,52,"October 17, 2025 at 10:28 PM"
Costco,domain,1979313323209560551,https://x.com/Shiroinu_tips/status/1979313323209560551,@yukihiro_costco 施策,1654723804751622144,,False,0,０→１達成で紹介したコンテンツ▶,0,53,"October 17, 2025 at 10:27 PM"
Costco,domain,1979309715122458698,https://x.com/Jinkeido_Ando/status/1979309715122458698,@yukihiro_costco 施策,1143707780915712000,,False,0,福岡県　北九州市,1,60,"October 17, 2025 at 10:13 PM"
Costco,domain,1979285506707136885,https://x.com/XPPfIH98ic96372/status/1979285506707136885,@yukihiro_costco 施策,1770586965232300032,,False,0,,0,63,"October 17, 2025 at 08:36 PM"
Costco,domain,1979280988128849934,https://x.com/tatsunbo0_0/status/1979280988128849934,@yukihiro_costco 施策,3420587353,,False,0,関西,0,39,"October 17, 2025 at 08:18 PM"
Costco,domain,1979271803047678318,https://x.com/risakRISAK62205/status/1979271803047678318,@yukihiro_costco 施策,1942109282943848448,,False,0,,1,50,"October 17, 2025 at 07:42 PM"
Costco,domain,1979270284038541702,https://x.com/masa541008/status/1979270284038541702,@yukihiro_costco 施策,2652114110,,False,0,,0,41,"October 17, 2025 at 07:36 PM"
Costco,domain,1979254273184813453,https://x.com/diet_bu_beauty/status/1979254273184813453,@yukihiro_costco 施策,1015268619859648514,,False,0,日本,1,42,"October 17, 2025 at 06:32 PM"
Costco,domain,1979249993119863097,https://x.com/bakinft32/status/1979249993119863097,@yukihiro_costco 施策,1528190626491420675,,False,0,,0,28,"October 17, 2025 at 06:15 PM"
Costco,domain,1979244520123568250,https://x.com/hiroko_tokyox/status/1979244520123568250,@yukihiro_costco 施策,2279078148,,False,0,💋LINE登録はこちら➡️,0,84,"October 17, 2025 at 05:54 PM"
Costco,domain,1979236406196318639,https://x.com/omasadesyu/status/1979236406196318639,@yukihiro_costco 施策,1933452822420557824,,False,0,,0,51,"October 17, 2025 at 05:21 PM"
Costco,domain,1979229883160285590,https://x.com/machappe3962/status/1979229883160285590,@yukihiro_costco 施策,1259464848712200192,,False,0,,0,38,"October 17, 2025 at 04:55 PM"
Costco,domain,1979219723045998839,https://x.com/suminagasi1999/status/1979219723045998839,@yukihiro_costco 施策,1229426616889225217,,False,0,,1,52,"October 17, 2025 at 04:15 PM"
Costco,domain,1979217082106650666,https://x.com/kyn_msy88/status/1979217082106650666,@yukihiro_costco 施策,1635530267271237632,,False,0,,2,65,"October 17, 2025 at 04:04 PM"
Costco,domain,1979216547144176038,https://x.com/yogoiori/status/1979216547144176038,@yukihiro_costco 施策,1240860728,,False,0,,0,27,"October 17, 2025 at 04:02 PM"
Costco,domain,1979216233892638749,https://x.com/McSe9RDwAjQZNqr/status/1979216233892638749,@yukihiro_costco 施策,1212042714734190594,,False,0,,1,33,"October 17, 2025 at 04:01 PM"
Costco,domain,1979215164063826118,https://x.com/pb4AgvHiZV57055/status/1979215164063826118,@yukihiro_costco 施策,1848723623777079299,,False,0,,2,39,"October 17, 2025 at 03:57 PM"
Costco,domain,1979215073081200798,https://x.com/hidetaka_o/status/1979215073081200798,@yukihiro_costco 施策,567498212,,False,0,,0,73,"October 17, 2025 at 03:57 PM"
Costco,domain,1979214035456291119,https://x.com/MrXecec/status/1979214035456291119,@yukihiro_costco 施策,1695736532920160256,,False,0,,1,70,"October 17, 2025 at 03:52 PM"
Costco,domain,1979213262869934332,https://x.com/AR_5200/status/1979213262869934332,@yukihiro_costco 施策,3926193072,,False,0,日本,0,42,"October 17, 2025 at 03:49 PM"
Costco,domain,1979210546403541227,https://x.com/wineguydustin/status/1979210546403541227,"It's a Costco wine showdown: Old World Spain vs. New World California! I put a traditional, $11 Spanish Rioja (aged for 3 years!) up against a modern, $9 California Red Blend. These two wines have completely different styles but are both amazing values. The winner was a total surprise. I admit one was the ""better"" wine, but it's NOT the one I'd recommend buying and drinking right now. Watch to find out why!  #WineShowdown #CostcoFinds #CostcoWine #OldWorldVsNewWorld #Rioja #RedBlend #BoglePhantom #WineTasting #WineEducation",3367691482,,False,0,,0,13,"October 17, 2025 at 03:39 PM"
Costco,domain,1979204837867950556,https://x.com/tk52410367/status/1979204837867950556,@yukihiro_costco 施策,1303681524953313285,,False,0,,0,32,"October 17, 2025 at 03:16 PM"
Costco,domain,1979199729721577719,https://x.com/sedryman_30/status/1979199729721577719,@yukihiro_costco 施策,1666269393561743360,,False,0,,1,30,"October 17, 2025 at 02:56 PM"
Costco,domain,1979199370273632298,https://x.com/keepaseven/status/1979199370273632298,@yukihiro_costco 施策,715097130206044160,,False,0,,1,37,"October 17, 2025 at 02:54 PM"
Costco,domain,1979198364664119575,https://x.com/Radio_Formula/status/1979198364664119575,"Sí, amamos ir a Costco por las pruebitas, pero… también puedes llenar tu despensa sin salir de casa. Así puedes hacerlo en línea o por Uber Eats. 🛒😱
https://t.co/AI3OPI52Cz",148372339,,False,0,Ciudad de Mexico,1,689,"October 17, 2025 at 02:50 PM"
Costco,domain,1979197785007444343,https://x.com/tika_buppan/status/1979197785007444343,@yukihiro_costco 施策,1555026872123392000,,False,0,日本,1,33,"October 17, 2025 at 02:48 PM"
Costco,domain,1979197467007517051,https://x.com/christ10270/status/1979197467007517051,@yukihiro_costco 施策,1033167967452712960,,False,0,,0,31,"October 17, 2025 at 02:47 PM"
Costco,domain,1979195738950373658,https://x.com/LLawliet_88/status/1979195738950373658,@yukihiro_costco 施策,1175020488021594113,,False,0,,0,32,"October 17, 2025 at 02:40 PM"
Costco,domain,1979194795949199496,https://x.com/k1342005716420/status/1979194795949199496,@yukihiro_costco 施策,1657364926476992521,,False,0,,1,64,"October 17, 2025 at 02:36 PM"
Costco,domain,1979189836494872920,https://x.com/buppan_1000/status/1979189836494872920,@yukihiro_costco 施策,962256765151686664,,False,0,日本,0,29,"October 17, 2025 at 02:16 PM"
Costco,domain,1979189684938117623,https://x.com/SYU77541827/status/1979189684938117623,@yukihiro_costco 施策,1434136354791649285,,False,0,,0,38,"October 17, 2025 at 02:16 PM"
Costco,domain,1979184446353084860,https://x.com/zitskny/status/1979184446353084860,@yukihiro_costco 施策,1433344137281957888,,False,0,,1,66,"October 17, 2025 at 01:55 PM"
Costco,domain,1979183458896191676,https://x.com/Yuzub228/status/1979183458896191676,@yukihiro_costco 施策,1762302664661209088,,False,0,,0,61,"October 17, 2025 at 01:51 PM"
Costco,domain,1979172806907638063,https://x.com/KEIBUPPAN/status/1979172806907638063,@yukihiro_costco 施策,789113548093820928,,False,0,日本,1,83,"October 17, 2025 at 01:09 PM"
Costco,domain,1979168278359552428,https://x.com/IRLsyhsefv9CA8h/status/1979168278359552428,@yukihiro_costco 施策,3259037192,,False,0,日本 大阪,2,57,"October 17, 2025 at 12:51 PM"
Costco,domain,1979166926635999407,https://x.com/ISAO12610774/status/1979166926635999407,@yukihiro_costco 施策,1416770794479251456,,False,0,,1,101,"October 17, 2025 at 12:45 PM"
Costco,domain,1979166461496115419,https://x.com/Taku35912481/status/1979166461496115419,@yukihiro_costco 施策,944704859705556992,,False,0,,0,32,"October 17, 2025 at 12:43 PM"
Costco,domain,1979162608579056106,https://x.com/girichan_/status/1979162608579056106,@yukihiro_costco 施策,1413286589724119041,,False,0,,0,72,"October 17, 2025 at 12:28 PM"
Costco,domain,1979161221711409644,https://x.com/KazTech0818/status/1979161221711409644,@yukihiro_costco 施策,3591137900,,False,0,日本 東京,1,40,"October 17, 2025 at 12:23 PM"
Costco,domain,1979159479162700087,https://x.com/mu_mu_mu1997/status/1979159479162700087,@yukihiro_costco 施策,448622605,,False,0,zoom 無料相談→,0,39,"October 17, 2025 at 12:16 PM"
Costco,domain,1979159280520695867,https://x.com/greatRoi/status/1979159280520695867,@yukihiro_costco 施策,141474462,,False,0,,1,42,"October 17, 2025 at 12:15 PM"
Costco,domain,1979156420378714396,https://x.com/benzo____san/status/1979156420378714396,@yukihiro_costco 施策,1243059369069015042,,False,0,神奈川,0,45,"October 17, 2025 at 12:03 PM"
Costco,domain,1979155188918423690,https://x.com/hant_345/status/1979155188918423690,@yukihiro_costco 施策,1085516709748862976,,False,0,,0,37,"October 17, 2025 at 11:59 AM"
Costco,domain,1979152197129478369,https://x.com/kenchirozz/status/1979152197129478369,@yukihiro_costco 施策,1827627535808786433,,False,0,,0,39,"October 17, 2025 at 11:47 AM"
Costco,domain,1979151818988097897,https://x.com/lIllIIIlllllll/status/1979151818988097897,@yukihiro_costco 施策,1275768923527376897,,False,0,,0,85,"October 17, 2025 at 11:45 AM"
Costco,domain,1979150546125685197,https://x.com/M_N_amagasaki/status/1979150546125685197,@yukihiro_costco 施策,707485297794101248,,False,0,,0,98,"October 17, 2025 at 11:40 AM"
Costco,domain,1979150451011469555,https://x.com/KFp8W7IeTC3161/status/1979150451011469555,@yukihiro_costco 施策,1790597859685072897,,False,0,,0,71,"October 17, 2025 at 11:40 AM"
Costco,domain,1979150313413316699,https://x.com/yasuy41555244/status/1979150313413316699,@yukihiro_costco 施策,1594700637593141249,,False,0,,1,30,"October 17, 2025 at 11:39 AM"
Costco,domain,1979149432776950118,https://x.com/setosetoseto123/status/1979149432776950118,@yukihiro_costco 施策,1662309277506371586,,False,0,,1,85,"October 17, 2025 at 11:36 AM"
Costco,domain,1979149155374370863,https://x.com/ebay0418/status/1979149155374370863,@yukihiro_costco 施策,1948206187754958848,,False,0,日本,1,119,"October 17, 2025 at 11:35 AM"
Costco,domain,1979146789971210581,https://x.com/taki2595/status/1979146789971210581,@yukihiro_costco 施作,1769983013809754112,,False,0,,0,107,"October 17, 2025 at 11:25 AM"
Costco,domain,1979145201827336333,https://x.com/nukINm3dl4ZMh2X/status/1979145201827336333,@yukihiro_costco 施策,4798521733,,False,0,,1,42,"October 17, 2025 at 11:19 AM"
Costco,domain,1979143342912082270,https://x.com/tk7vm7trgp69331/status/1979143342912082270,@yukihiro_costco 施策,1828352706672762880,,False,0,,0,38,"October 17, 2025 at 11:11 AM"
Costco,domain,1979141043887951968,https://x.com/Manatee_Trade/status/1979141043887951968,@yukihiro_costco 施策,1290795919588257792,,False,0,,1,128,"October 17, 2025 at 11:02 AM"
Costco,domain,1979140497328476323,https://x.com/SolocamTozan/status/1979140497328476323,@yukihiro_costco 施策,1258612425726676993,,False,0,,0,105,"October 17, 2025 at 11:00 AM"
Costco,domain,1979138700304093220,https://x.com/pokemoncard440/status/1979138700304093220,@yukihiro_costco 施策,1080499336809611264,,False,0,,1,70,"October 17, 2025 at 10:53 AM"
Costco,domain,1979138671807992227,https://x.com/victinikun/status/1979138671807992227,@yukihiro_costco 施策,1783090149796323328,,False,0,,1,67,"October 17, 2025 at 10:53 AM"
Costco,domain,1979138418442445296,https://x.com/nyanzaburoooo/status/1979138418442445296,@yukihiro_costco 施策,1538136915534581763,,False,0,,0,62,"October 17, 2025 at 10:52 AM"
Costco,domain,1979137158737727579,https://x.com/spirits_act03/status/1979137158737727579,@yukihiro_costco 施策,176880459,,False,0,"Nara-shi, Nara",1,49,"October 17, 2025 at 10:47 AM"
Costco,domain,1979136457861161181,https://x.com/x39H388XucacOp9/status/1979136457861161181,@yukihiro_costco 施策,1495695667687137282,,False,0,,1,60,"October 17, 2025 at 10:44 AM"
Costco,domain,1979133686407659922,https://x.com/E5wtXLF1ZJFWGz6/status/1979133686407659922,@yukihiro_costco 施策,1200451062395654144,,False,0,,0,183,"October 17, 2025 at 10:33 AM"
Costco,domain,1979133650345312319,https://x.com/STEPN11859870/status/1979133650345312319,@yukihiro_costco 施策,1503587049013579780,,False,0,,2,69,"October 17, 2025 at 10:33 AM"
Costco,domain,1979133621350076599,https://x.com/MasatoHobbyHunt/status/1979133621350076599,@yukihiro_costco 施策,1222295660168220672,,False,0,,0,91,"October 17, 2025 at 10:33 AM"
Costco,domain,1979002802983620916,https://x.com/STEPN11859870/status/1979002802983620916,@yukihiro_costco 11月,1503587049013579780,,False,0,,1,47,"October 17, 2025 at 01:53 AM"
Costco,domain,1978985984227242425,https://x.com/01Ananto/status/1978985984227242425,"Tesla FSD 14.1.2 pulls into a Costco parking lot, waits for another car to leave, and parks in the empty space.",2603928967,,False,0,"Ronkonkoma, NY",6,500,"October 17, 2025 at 12:46 AM"
Costco,domain,1978909493200081353,https://x.com/TLch5sfcbl51403/status/1978909493200081353,@yukihiro_costco 11月,1814650601743282176,,False,0,東京,0,38,"October 16, 2025 at 07:42 PM"
Costco,domain,1978790144267157512,https://x.com/Traceyb38701240/status/1978790144267157512,Help me win this great Books and Costco GC giveaway from @FreshFiction and you can enter too! https://t.co/GmpTRnPERL,1336660338289340416,,False,0,,16,98,"October 16, 2025 at 11:48 AM"
Costco,domain,1978773719947289018,https://x.com/BrighouseDwayne/status/1978773719947289018,@wiseconnector Costco,2255338874,,False,0,,1,5,"October 16, 2025 at 10:43 AM"
Costco,domain,1978747295387566159,https://x.com/EBrereton/status/1978747295387566159,@wiseconnector Costco,2709908548,,False,0,"Naples, FL",1,11,"October 16, 2025 at 08:58 AM"
Costco,domain,1978726115402186803,https://x.com/franzee15/status/1978726115402186803,@wiseconnector Costco,1122956560693698568,,False,0,"Hackettstown, NJ",1,7,"October 16, 2025 at 07:34 AM"
Costco,domain,1978682866952265753,https://x.com/San_Carlos_Rob/status/1978682866952265753,Costco,16323181,,False,0,"San Diego, CA",0,11,"October 16, 2025 at 04:42 AM"
Costco,domain,1978676899099668882,https://x.com/EALEXACME/status/1978676899099668882,@wiseconnector Costco,1002706502,,False,0,Alberta ,0,6,"October 16, 2025 at 04:18 AM"
Costco,domain,1978647949820248289,https://x.com/SStrode/status/1978647949820248289,Help me win this great Books and Costco GC giveaway from @FreshFiction and you can enter too! https://t.co/Ty3I4BNVOy,341018943,,False,0,Kentucky US,0,9,"October 16, 2025 at 02:23 AM"
Costco,domain,1978642165136802285,https://x.com/komborpf84116/status/1978642165136802285,Costco,929474648302952448,,False,0,"Rose Park, Utah USA 🌹 ",0,25,"October 16, 2025 at 02:00 AM"
Costco,domain,1978627621479976988,https://x.com/Infidoll/status/1978627621479976988,@wiseconnector Costco,60383191,,False,0,U.S.A.,0,8,"October 16, 2025 at 01:02 AM"
Costco,domain,1978625350994186281,https://x.com/PBatts68/status/1978625350994186281,@FoodPleaser Costco,1584223987605073920,,False,0,"West Coast, Canada",0,5,"October 16, 2025 at 12:53 AM"
Costco,domain,1978622673652514894,https://x.com/MyNameIsJOH_EL/status/1978622673652514894,@wiseconnector Costco,1063992184054067200,,False,0,Southern California ,0,5,"October 16, 2025 at 12:43 AM"
Costco,domain,1978622231006650818,https://x.com/SchmetzerD6892/status/1978622231006650818,Costco,1712136646878261248,,False,0,CA,1,26,"October 16, 2025 at 12:41 AM"
Costco,domain,1978617592110895411,https://x.com/WAPBTRadio/status/1978617592110895411,@wiseconnector Costco,276201916,,False,0,Clearwater Idaho,2,14,"October 16, 2025 at 12:22 AM"
Costco,domain,1978603619894129135,https://x.com/GeorgiaKors/status/1978603619894129135,@wiseconnector Costco,952637138717126657,,False,0,,1,19,"October 15, 2025 at 11:27 PM"
Costco,domain,1978600694077591702,https://x.com/MissyMorri8827/status/1978600694077591702,@wiseconnector COSTCO,1815442604353613824,,False,0,"Trumpville,Mn",1,10,"October 15, 2025 at 11:15 PM"
Costco,domain,1978596459776782537,https://x.com/NurseDaytime/status/1978596459776782537,@wiseconnector Costco,1412276372400181248,,False,0,The Garden State U.S.A. ,1,15,"October 15, 2025 at 10:58 PM"
Costco,domain,1978592519102288108,https://x.com/scubajaxson/status/1978592519102288108,@wiseconnector Costco,1972449037560197120,,False,0,,4,12,"October 15, 2025 at 10:43 PM"
Costco,domain,1978592397253595517,https://x.com/PeterKubo2/status/1978592397253595517,@wiseconnector Costco,1608172972916998156,,False,0,,3,23,"October 15, 2025 at 10:42 PM"
Costco,domain,1978591573568094589,https://x.com/biggjay29/status/1978591573568094589,@FoodPleaser Costco,1482748454057115649,,False,0,United States,4,29,"October 15, 2025 at 10:39 PM"
Costco,domain,1978588075102974137,https://x.com/chuckalcay54725/status/1978588075102974137,@wiseconnector Costco,1838626681516343296,,False,0,A Different Timeline,2,9,"October 15, 2025 at 10:25 PM"
Costco,domain,1978586864945885568,https://x.com/DVlAGfiDaY13655/status/1978586864945885568,@yukihiro_costco 11月,1833520377114595330,,False,0,,0,75,"October 15, 2025 at 10:20 PM"
Costco,domain,1978585185646956971,https://x.com/javadtw888/status/1978585185646956971,@FoodPleaser Costco,1655255921973678080,,False,0,,3,56,"October 15, 2025 at 10:14 PM"
Costco,domain,1978584795278938371,https://x.com/Susan117134668/status/1978584795278938371,@wiseconnector Costco,1701906760863305729,,False,0,,1,19,"October 15, 2025 at 10:12 PM"
Costco,domain,1978584317895848392,https://x.com/DanielWalz9/status/1978584317895848392,@FoodPleaser Costco,1393627999325630465,,False,0,,2,24,"October 15, 2025 at 10:10 PM"
Costco,domain,1978583366522839434,https://x.com/hiro_you2999/status/1978583366522839434,@yukihiro_costco 11月,1196291342302711808,,False,0,その辺,0,78,"October 15, 2025 at 10:06 PM"
Costco,domain,1978580999564059132,https://x.com/BeardedNurseDad/status/1978580999564059132,@wiseconnector Costco?,19846558,,False,0,"Kansas, USA",4,219,"October 15, 2025 at 09:57 PM"
Costco,domain,1978580750787101148,https://x.com/Jayne839897/status/1978580750787101148,@wiseconnector Costco?,1815902885345124353,,False,0,,1,21,"October 15, 2025 at 09:56 PM"
Costco,domain,1978579091683975204,https://x.com/LGmyWRGH4j6tmdI/status/1978579091683975204,@yukihiro_costco 11月,1221718780151136256,,False,0,,0,71,"October 15, 2025 at 09:49 PM"
Costco,domain,1978578965901041760,https://x.com/ErinStapylton/status/1978578965901041760,@wiseconnector Costco,1815822249074778112,,False,0,Texas,1,24,"October 15, 2025 at 09:49 PM"
Costco,domain,1978577466177249573,https://x.com/Mr_Kustom/status/1978577466177249573,Costco,1677368200961593350,,False,0,Follow the music baby!,0,9,"October 15, 2025 at 09:43 PM"
Costco,domain,1978573649008328797,https://x.com/waterboy2192/status/1978573649008328797,@wiseconnector Costco,1603078238091223041,,False,0,"New York, USA",3,32,"October 15, 2025 at 09:28 PM"
Costco,domain,1978573509459677221,https://x.com/TrippyGal2468/status/1978573509459677221,@wiseconnector Costco,1856788670105194496,,False,0,,1,33,"October 15, 2025 at 09:27 PM"
Costco,domain,1978572729629495776,https://x.com/Funtidos2/status/1978572729629495776,@wiseconnector Costco?,1846651999141744642,,False,0,Earth,2,34,"October 15, 2025 at 09:24 PM"
Costco,domain,1978571729468334459,https://x.com/KelleyBales71/status/1978571729468334459,@wiseconnector Costco,1463680396059570180,,False,0,"Idaho, USA",2,44,"October 15, 2025 at 09:20 PM"
Costco,domain,1978571585389793574,https://x.com/wyld_wyvell/status/1978571585389793574,@wiseconnector Costco,1508860163498778624,,False,0,"Colorado, USA",2,34,"October 15, 2025 at 09:20 PM"
Costco,domain,1978571406104309887,https://x.com/plantain_cali80/status/1978571406104309887,@wiseconnector Costco,3529440854,,False,0,From the Bay ~ SinCity,2,46,"October 15, 2025 at 09:19 PM"
Costco,domain,1978570676416958630,https://x.com/realdrobvious/status/1978570676416958630,@wiseconnector Costco.,1542884350492135426,,False,0,,4,39,"October 15, 2025 at 09:16 PM"
Costco,domain,1978569692412616849,https://x.com/DeeDee4530/status/1978569692412616849,@wiseconnector Costco!,1967811248957112320,,False,0,USA 🇺🇲 ,4,59,"October 15, 2025 at 09:12 PM"
Costco,domain,1978569190563856737,https://x.com/Danielrodr54498/status/1978569190563856737,@wiseconnector COSTCO,1946707959142322177,,False,0,,5,68,"October 15, 2025 at 09:10 PM"
Costco,domain,1978569099429978367,https://x.com/susaninseattle1/status/1978569099429978367,@wiseconnector Costco,958358916567465984,,False,0,"Alki Beach, Seattle",4,97,"October 15, 2025 at 09:10 PM"
Costco,domain,1978566982967402939,https://x.com/BenOli_RM/status/1978566982967402939,@FoodPleaser Costco,1735530287218462720,,False,0,,0,3,"October 15, 2025 at 09:01 PM"
Costco,domain,1978566167116583162,https://x.com/hanniganlaw/status/1978566167116583162,@FoodPleaser Costco,21413792,,False,0,Middle of California,0,10,"October 15, 2025 at 08:58 PM"
Costco,domain,1978562753007603852,https://x.com/lawyer_hid/status/1978562753007603852,@FoodPleaser Costco,1566266071195291649,,False,0,"Charlotte, NC",0,3,"October 15, 2025 at 08:44 PM"
Costco,domain,1978561776624021547,https://x.com/FLOMOH_24/status/1978561776624021547,@FoodPleaser Costco,1598919315578912768,,False,0,United States,0,2,"October 15, 2025 at 08:41 PM"
Costco,domain,1978541513354191353,https://x.com/FadeMePls/status/1978541513354191353,Costco,1774422942706802688,,False,0,,2,428,"October 15, 2025 at 07:20 PM"
Costco,domain,1978538315553878057,https://x.com/LeslieTenn/status/1978538315553878057,@FoodPleaser Costco,1268665138183356419,,False,0,,0,3,"October 15, 2025 at 07:07 PM"
Costco,domain,1978530715969962173,https://x.com/pwulibarri/status/1978530715969962173,@FoodPleaser Costco,45980106,,False,0,Occam's razor... Sexy/Humble ,3,95,"October 15, 2025 at 06:37 PM"
Costco,domain,1978512381614465200,https://x.com/DebFromCulvers/status/1978512381614465200,@FoodPleaser Costco,1772311476688039936,,False,0,,6,83,"October 15, 2025 at 05:24 PM"
Costco,domain,1978506119287894144,https://x.com/don_heathe60939/status/1978506119287894144,@FoodPleaser costco,1690423649516269568,,False,0,"Naperville, IL",5,15,"October 15, 2025 at 04:59 PM"
Costco,domain,1978500096284070365,https://x.com/TGulash/status/1978500096284070365,@FoodPleaser costco,2183339599,,False,0,"Alberta, Canada",1,7,"October 15, 2025 at 04:35 PM"
Costco,domain,1978497120790311086,https://x.com/jodiesjunction/status/1978497120790311086,@FoodPleaser Costco,17867190,,False,0,,1,7,"October 15, 2025 at 04:24 PM"
Costco,domain,1978491970877100343,https://x.com/debbaxara/status/1978491970877100343,@FoodPleaser Costco,48573873,,False,0,"L.A., MN",1,6,"October 15, 2025 at 04:03 PM"
Costco,domain,1978491807047766155,https://x.com/jojezapata/status/1978491807047766155,@FoodPleaser Costco,98084038,,False,0,"Benito Juárez, Quintana Roo ",1,6,"October 15, 2025 at 04:03 PM"
Costco,domain,1978485751626297401,https://x.com/V1DE0NASTY/status/1978485751626297401,@FoodPleaser costco,1039567038216331265,,False,0,"""Matinée"" Manhattan",1,5,"October 15, 2025 at 03:38 PM"
Costco,domain,1978476483082412463,https://x.com/ViejasCasino/status/1978476483082412463,"Get a FREE Costco Gift Card every weekend in October!  🛍️

It's the myViejas Costco Shopping Spree! Exclusively for myViejas players.

 ➡️ Eligible myViejas Players, as well as Infinity, Platinum and Gold can get one complimentary Costco gift card–valued between $20 and $100 on one promotional day each weekend in October.

 ➡️ Not eligible? Just earn 2,000 points between 6am-7pm on any one redemption day each weekend and take home a $20 gift card.

No Costco membership required. Act quickly–supplies are limited! 

Promotion Dates: Saturdays or Sundays in October
Event Time: 11am-7pm
Location: Promotional Center

For more information, go to ➡️ https://t.co/zrEdjGq0Gr

#ViejasCasinoAndResort #myViejas #myViejasCostcoShoppingSpree #RewardsUnMatched #SanDiego",89303693,,False,0,"Alpine, CA",0,29,"October 15, 2025 at 03:02 PM"
Costco,domain,1978454700782473477,https://x.com/Dragoncreeper99/status/1978454700782473477,@FoodPleaser Costco,4899168238,,False,0,My own little world in So Cal,0,2,"October 15, 2025 at 01:35 PM"
Costco,domain,1978452731300814848,https://x.com/hontohaotona/status/1978452731300814848,@yukihiro_costco 11月,1885245841470087171,,False,0,,0,98,"October 15, 2025 at 01:27 PM"
Costco,domain,1978437713859633303,https://x.com/Traceyb38701240/status/1978437713859633303,Help me win this great Books and Costco GC giveaway from @FreshFiction and you can enter too! https://t.co/GmpTRnPERL,1336660338289340416,,False,0,,0,19,"October 15, 2025 at 12:28 PM"
Costco,domain,1978431980367724961,https://x.com/Im_Jeffery2018/status/1978431980367724961,@FoodPleaser Costco,1835848863334232064,,False,0,,5,209,"October 15, 2025 at 12:05 PM"
Costco,domain,1978401833816072295,https://x.com/James549762057/status/1978401833816072295,@FoodPleaser Costco,1866128659867906048,,False,0,,2,7,"October 15, 2025 at 10:05 AM"
Costco,domain,1978398255726866610,https://x.com/M_N_amagasaki/status/1978398255726866610,@yukihiro_costco 11月,707485297794101248,,False,0,,1,126,"October 15, 2025 at 09:51 AM"
Costco,domain,1978387248287527029,https://x.com/fmh_iii/status/1978387248287527029,@FoodPleaser Costco,1461717040872501256,,False,0,,4,125,"October 15, 2025 at 09:07 AM"
Costco,domain,1978381810691145854,https://x.com/MariaRo60985712/status/1978381810691145854,@FoodPleaser Costco?,1514976536486723587,,False,0,,6,148,"October 15, 2025 at 08:45 AM"
Costco,domain,1978378849764114757,https://x.com/asa17942381/status/1978378849764114757,@yukihiro_costco 11月,702728352797339648,,False,0,,0,133,"October 15, 2025 at 08:34 AM"
Costco,domain,1978378810752979229,https://x.com/yasuchikohono/status/1978378810752979229,@yukihiro_costco 11月,1306466147647123459,,False,0,,0,115,"October 15, 2025 at 08:33 AM"
Costco,domain,1978337160748060849,https://x.com/chihyarn/status/1978337160748060849,@yukihiro_costco 11月,1535153837245632515,,False,0,,0,139,"October 15, 2025 at 05:48 AM"
Costco,domain,1978327281400451104,https://x.com/wakoy84/status/1978327281400451104,@FoodPleaser Costco,1817442900852035584,,False,0,,3,11,"October 15, 2025 at 05:09 AM"
Costco,domain,1978323831103062043,https://x.com/DennisReid12396/status/1978323831103062043,@wiseconnector Costco,1833605197966221312,,False,0,,0,2,"October 15, 2025 at 04:55 AM"
Costco,domain,1978311116657770768,https://x.com/plusultraaa_/status/1978311116657770768,@yukihiro_costco 11月,1412325280182534145,,False,0,,0,145,"October 15, 2025 at 04:05 AM"
Costco,domain,1978302757950902751,https://x.com/8ieGRovEW9uogi/status/1978302757950902751,@yukihiro_costco 11月,1433746779707625483,,False,0,,0,180,"October 15, 2025 at 03:31 AM"
Costco,domain,1978300083746598967,https://x.com/Rabi8124/status/1978300083746598967,@yukihiro_costco 11月,186016673,,False,0,,0,171,"October 15, 2025 at 03:21 AM"
Costco,domain,1978297984149307466,https://x.com/PA_Boi_In_CA/status/1978297984149307466,@FoodPleaser Costco,54517603,,False,0,Cali,3,12,"October 15, 2025 at 03:12 AM"
Costco,domain,1978297601955901583,https://x.com/xMxy0LxSPXt8MXX/status/1978297601955901583,@yukihiro_costco 11月,3198307315,,False,0,日本,0,171,"October 15, 2025 at 03:11 AM"
Costco,domain,1978289966875631936,https://x.com/merumaga5100/status/1978289966875631936,@yukihiro_costco 11月,717605961003769856,,False,0,【0→1】完全初心者でも月5万円稼げる動画を無料で見る👇,0,224,"October 15, 2025 at 02:40 AM"
Costco,domain,1978286550589772100,https://x.com/kenchirozz/status/1978286550589772100,@yukihiro_costco 11月,1827627535808786433,,False,0,,0,224,"October 15, 2025 at 02:27 AM"
Costco,domain,1978283681224466759,https://x.com/buppan_chan/status/1978283681224466759,@yukihiro_costco 11月,1954164824713338881,,False,0,,0,202,"October 15, 2025 at 02:15 AM"
Costco,domain,1978282800936562804,https://x.com/haruto_junk/status/1978282800936562804,@yukihiro_costco 11月,1420314816506253316,,False,0,,1,209,"October 15, 2025 at 02:12 AM"
Costco,domain,1978278196203131129,https://x.com/pigpigpipipi_pi/status/1978278196203131129,@yukihiro_costco 11月,1677745016645775360,,False,0,,0,203,"October 15, 2025 at 01:54 AM"
Costco,domain,1978273941656355204,https://x.com/SStrode/status/1978273941656355204,Help me win this great Books and Costco GC giveaway from @FreshFiction and you can enter too! https://t.co/Ty3I4BNVOy,341018943,,False,0,Kentucky US,0,15,"October 15, 2025 at 01:37 AM"
Costco,domain,1978271096521519292,https://x.com/TonyGeroldi/status/1978271096521519292,@FoodPleaser Costco,1579641499125514241,,False,0,,3,14,"October 15, 2025 at 01:25 AM"
Costco,domain,1978270806531604873,https://x.com/saori67shiba/status/1978270806531604873,@yukihiro_costco 11月,1833510386664148995,,False,0,日本 福岡,0,207,"October 15, 2025 at 01:24 AM"
Costco,domain,1978263988430389258,https://x.com/Gmoney0429/status/1978263988430389258,@FoodPleaser Costco,1736526921062625280,,False,0,,7,39,"October 15, 2025 at 12:57 AM"
Costco,domain,1978254852162498991,https://x.com/maaaaaaaayu33/status/1978254852162498991,@yukihiro_costco 11月,1404838162518609922,,False,0,,0,166,"October 15, 2025 at 12:21 AM"
Costco,domain,1978250602103582831,https://x.com/hacch25/status/1978250602103582831,@yukihiro_costco 11月,1751124226327953408,,False,0,,0,157,"October 15, 2025 at 12:04 AM"
Costco,domain,1978244149355676104,https://x.com/yorucafe_sub/status/1978244149355676104,@yukihiro_costco 11月,1918649010463907840,,False,0,,1,137,"October 14, 2025 at 11:38 PM"
Costco,domain,1978241460441960507,https://x.com/WpUmns/status/1978241460441960507,@yukihiro_costco 11月,1753234942363111424,,False,0,,0,106,"October 14, 2025 at 11:28 PM"
Costco,domain,1978239230208885038,https://x.com/pAZCb3ICk926389/status/1978239230208885038,@yukihiro_costco １１月,1855253744294010880,,False,0,,0,76,"October 14, 2025 at 11:19 PM"
Costco,domain,1978231559577551285,https://x.com/931bztxGLfno285/status/1978231559577551285,@yukihiro_costco 11月,1381388849205506048,,False,0,千葉　市原市,0,90,"October 14, 2025 at 10:48 PM"
Costco,domain,1978227215964811503,https://x.com/yu_yuiao/status/1978227215964811503,@yukihiro_costco 11月,1173949878638006273,,False,0,,0,68,"October 14, 2025 at 10:31 PM"
Costco,domain,1978226424801632676,https://x.com/BsYurmanDhObm0Z/status/1978226424801632676,@yukihiro_costco 11月,1498936485235793921,,False,0,,0,66,"October 14, 2025 at 10:28 PM"
Costco,domain,1978222139196023246,https://x.com/GtiStevo/status/1978222139196023246,@ProjectLincoln Costco,488993770,,False,0,"Maine, USA",3,15,"October 14, 2025 at 10:11 PM"
Costco,domain,1978213881832227271,https://x.com/ryuzou3737/status/1978213881832227271,@yukihiro_costco 11月,952313004091043840,,False,0,日本 埼玉,0,63,"October 14, 2025 at 09:38 PM"
Costco,domain,1978198582738952603,https://x.com/77_syok/status/1978198582738952603,@yukihiro_costco 11月,4099985360,,False,0,"Ishikawa-ken, Japan",2,54,"October 14, 2025 at 08:37 PM"
Costco,domain,1978191361997217980,https://x.com/kamikamingg/status/1978191361997217980,@yukihiro_costco 11月,805368716716228608,,False,0,,0,47,"October 14, 2025 at 08:09 PM"
Costco,domain,1978155081926119735,https://x.com/SYU77541827/status/1978155081926119735,@yukihiro_costco 11月,1434136354791649285,,False,0,,2,49,"October 14, 2025 at 05:44 PM"
Costco,domain,1978152796793745535,https://x.com/kerubim6116/status/1978152796793745535,@yukihiro_costco 11月,4002317832,,False,0,,0,38,"October 14, 2025 at 05:35 PM"
Costco,domain,1978140973541548198,https://x.com/sada_EC/status/1978140973541548198,@yukihiro_costco 11月,2920553634,,False,0,,1,44,"October 14, 2025 at 04:48 PM"
Costco,domain,1978126998120677392,https://x.com/tetusuzu/status/1978126998120677392,@yukihiro_costco 11月,198385537,,False,0,静岡,2,54,"October 14, 2025 at 03:53 PM"
Costco,domain,1978124146023293250,https://x.com/rimana35/status/1978124146023293250,@yukihiro_costco 11月,1444883240578207746,,False,0,,0,58,"October 14, 2025 at 03:42 PM"
Costco,domain,1978121562260709551,https://x.com/Ripple10Take/status/1978121562260709551,@yukihiro_costco 11月,949645294601252864,,False,0,日本 愛知,1,52,"October 14, 2025 at 03:31 PM"
Costco,domain,1978112334313693453,https://x.com/makankousappou9/status/1978112334313693453,@yukihiro_costco 11月,1501451259014160384,,False,0,,0,46,"October 14, 2025 at 02:55 PM"
Costco,domain,1978111825108414506,https://x.com/mknmk0901/status/1978111825108414506,@yukihiro_costco 11月,1487415754790412293,,False,0,日本,2,56,"October 14, 2025 at 02:53 PM"
Costco,domain,1978099978523320742,https://x.com/aFHNSwDi2N4100/status/1978099978523320742,@yukihiro_costco １１月,1748489483304206336,,False,0,,2,56,"October 14, 2025 at 02:06 PM"
Costco,domain,1978093664350945509,https://x.com/setosetoseto123/status/1978093664350945509,@yukihiro_costco 11月,1662309277506371586,,False,0,,4,49,"October 14, 2025 at 01:40 PM"
Costco,domain,1978093534759559502,https://x.com/FT2P9bRaSvmtvlo/status/1978093534759559502,@yukihiro_costco 11月,1067819516913053696,,False,0,日本,2,56,"October 14, 2025 at 01:40 PM"
Costco,domain,1978091074951229500,https://x.com/Mattsu08/status/1978091074951229500,@yukihiro_costco 11月,1238718267235037185,,False,0,,2,46,"October 14, 2025 at 01:30 PM"
Costco,domain,1978088634738790654,https://x.com/mnmnmnp2/status/1978088634738790654,@yukihiro_costco FBA,1096683527385448453,,False,0,,0,16,"October 14, 2025 at 01:20 PM"
Costco,domain,1978087944184320274,https://x.com/lIllIIIlllllll/status/1978087944184320274,@yukihiro_costco 11月,1275768923527376897,,False,0,,0,50,"October 14, 2025 at 01:18 PM"
Costco,domain,1978087441543127276,https://x.com/sedryman_30/status/1978087441543127276,@yukihiro_costco 11月,1666269393561743360,,False,0,,3,64,"October 14, 2025 at 01:16 PM"
Costco,domain,1978087093822702006,https://x.com/nomochimoch1/status/1978087093822702006,@yukihiro_costco 11月,2400118568,,False,0,,0,38,"October 14, 2025 at 01:14 PM"
Costco,domain,1978082906670035350,https://x.com/tetsuto_editor/status/1978082906670035350,@yukihiro_costco 11月,1263259203570765825,,False,0,,1,76,"October 14, 2025 at 12:58 PM"
Costco,domain,1978081622135095502,https://x.com/tuk_tuk_hey/status/1978081622135095502,@yukihiro_costco 11月,1485871632,,False,0,タイ,0,44,"October 14, 2025 at 12:53 PM"
Costco,domain,1978080502436212987,https://x.com/iseebio/status/1978080502436212987,@yukihiro_costco 11月,4741435213,,False,0,,1,41,"October 14, 2025 at 12:48 PM"
Costco,domain,1978079515873013880,https://x.com/He3lwK/status/1978079515873013880,@yukihiro_costco 11月,1425775333391757313,,False,0,,0,43,"October 14, 2025 at 12:44 PM"
Costco,domain,1978077654285787254,https://x.com/domodomo0321/status/1978077654285787254,@yukihiro_costco 11月,3413016385,,False,0,,3,72,"October 14, 2025 at 12:37 PM"
Costco,domain,1978076558855184432,https://x.com/Traceyb38701240/status/1978076558855184432,Help me win this great Books and Costco GC giveaway from @FreshFiction and you can enter too! https://t.co/GmpTRnPERL,1336660338289340416,,False,0,,12,103,"October 14, 2025 at 12:32 PM"
Costco,domain,1978065472185634879,https://x.com/slice_cheese2/status/1978065472185634879,@yukihiro_costco 11月,4099734732,,False,0,,1,40,"October 14, 2025 at 11:48 AM"
Costco,domain,1978064706569916714,https://x.com/MasatoHobbyHunt/status/1978064706569916714,@yukihiro_costco 11月,1222295660168220672,,False,0,,1,55,"October 14, 2025 at 11:45 AM"
Costco,domain,1978063867994374499,https://x.com/kanmakinote/status/1978063867994374499,@yukihiro_costco 11月,1923197602104999939,,False,0,,0,34,"October 14, 2025 at 11:42 AM"
Costco,domain,1978063391106232492,https://x.com/challenging_jp/status/1978063391106232492,@yukihiro_costco 11月,920923147,,False,0,東京江戸川区,1,63,"October 14, 2025 at 11:40 AM"
Costco,domain,1978062865123733919,https://x.com/ave7170/status/1978062865123733919,@yukihiro_costco 11月,1661396382333435904,,False,0,日本の中心,0,62,"October 14, 2025 at 11:38 AM"
Costco,domain,1978062309919486443,https://x.com/kn1736/status/1978062309919486443,@yukihiro_costco 11月,73370617,,False,0,,0,42,"October 14, 2025 at 11:36 AM"
Costco,domain,1978060896652923039,https://x.com/bakinft32/status/1978060896652923039,@yukihiro_costco 11月,1528190626491420675,,False,0,,1,65,"October 14, 2025 at 11:30 AM"
Costco,domain,1978060389192450522,https://x.com/kousedori2522/status/1978060389192450522,@yukihiro_costco 11月,1750048053372010496,,False,0,,1,61,"October 14, 2025 at 11:28 AM"
Costco,domain,1978058326119243906,https://x.com/heihaaaaaaa/status/1978058326119243906,@yukihiro_costco 11月,890877038,,False,0,,0,45,"October 14, 2025 at 11:20 AM"
Costco,domain,1978057784789790997,https://x.com/S0ccerI/status/1978057784789790997,@yukihiro_costco 11月,1485254899864866821,,False,0,,1,46,"October 14, 2025 at 11:18 AM"
Costco,domain,1978057141937131791,https://x.com/lonelylion16/status/1978057141937131791,@yukihiro_costco 11月,1161909594655866880,,False,0,,0,52,"October 14, 2025 at 11:15 AM"
Costco,domain,1978053382184337653,https://x.com/YsyMurano/status/1978053382184337653,@yukihiro_costco 11月,2838456690,,False,0,,2,80,"October 14, 2025 at 11:00 AM"
Costco,domain,1978048318128501065,https://x.com/hiroko_tokyox/status/1978048318128501065,@yukihiro_costco 11月,2279078148,,False,0,💋LINE登録はこちら➡️,0,70,"October 14, 2025 at 10:40 AM"
Costco,domain,1978013786989822227,https://x.com/bugra_kurtogliu/status/1978013786989822227,"ABD borsasında abonelik sistemi ile çalışan kaliteli şirketler 👑

🏛️ London Stock Exchange ( $LSEG): Finansal veri ve analiz hizmetlerinden abonelik geliri.

🛍️ Costco ( $COST ): Üyelik tabanlı perakende modeliyle tanınan Costco, yüksek müşteri sadakati ve düzenli gelir akışı",1827642393879023616,,False,0,,0,94,"October 14, 2025 at 08:23 AM"
Costco,domain,1977929694348709942,https://x.com/thomasPowe28910/status/1977929694348709942,@PecanC8 Costco,1959798414767788032,,False,0,,0,3,"October 14, 2025 at 02:49 AM"
Costco,domain,1977912532191826048,https://x.com/SStrode/status/1977912532191826048,Help me win this great Books and Costco GC giveaway from @FreshFiction and you can enter too! https://t.co/Ty3I4BNVOy,341018943,,False,0,Kentucky US,0,14,"October 14, 2025 at 01:41 AM"
Costco,domain,1977887223878988003,https://x.com/iluvbkk/status/1977887223878988003,@PecanC8 Costco,2430576818,,False,0,In the America of my youth ,0,7,"October 14, 2025 at 12:00 AM"
Costco,domain,1977877563151135163,https://x.com/AmericanWoman_X/status/1977877563151135163,@PecanC8 Costco,60784980,,False,0,"Wright County, MN",0,8,"October 13, 2025 at 11:22 PM"
Costco,domain,1977873636326322430,https://x.com/Amycrocker76Amy/status/1977873636326322430,Help me win this great Books and Costco GC giveaway from @FreshFiction and you can enter too! https://t.co/MLre8O2f48,3010704366,,False,0,"Austin, TX, USA",0,16,"October 13, 2025 at 11:06 PM"
Costco,domain,1977872080986140810,https://x.com/PieBasset/status/1977872080986140810,@PecanC8 Costco,1461002416355115010,,False,0,"Las Vegas, NV",0,10,"October 13, 2025 at 11:00 PM"
Costco,domain,1977870288177049752,https://x.com/k9srgn2/status/1977870288177049752,@PecanC8 Costco,1596585587162714114,,False,0,The South,0,7,"October 13, 2025 at 10:53 PM"
Costco,domain,1977870061969850676,https://x.com/N10lemd/status/1977870061969850676,@PecanC8 Costco,874369189,,False,0,,0,2,"October 13, 2025 at 10:52 PM"
Costco,domain,1977869294890344594,https://x.com/sue_mcc1111/status/1977869294890344594,@PecanC8 Costco,2964331159,,False,0,the woodlands texas,0,3,"October 13, 2025 at 10:49 PM"
Costco,domain,1977867551116833125,https://x.com/Gladrags44/status/1977867551116833125,@PecanC8 Costco,131987664,,False,0,"ÜT: 33.622432,-117.71764",0,2,"October 13, 2025 at 10:42 PM"
Costco,domain,1977861619595063460,https://x.com/jclabaugh1/status/1977861619595063460,@PecanC8 Costco.,2660440615,,False,0,Conway SC,0,3,"October 13, 2025 at 10:18 PM"
Costco,domain,1977847373129801931,https://x.com/MammanoMaria/status/1977847373129801931,@PecanC8 Costco,3560631856,,False,0,"Brooklyn, NY",0,11,"October 13, 2025 at 09:22 PM"
Costco,domain,1977833149666386361,https://x.com/amypatriot17/status/1977833149666386361,@PecanC8 Costco,1594363207384461312,,False,0,"Dallas, TX",0,2,"October 13, 2025 at 08:25 PM"
Costco,domain,1977796368694477038,https://x.com/mlo_crmb/status/1977796368694477038,@PecanC8 Costco,1649418335749111808,,False,0,,0,48,"October 13, 2025 at 05:59 PM"
Costco,domain,1977755107346293195,https://x.com/JohnDParody/status/1977755107346293195,"""Humans don't need parasite cleanses""

Costco: Hold my beer.",1680644667627524097,,False,0,"Aspen, Colorado",150,8141,"October 13, 2025 at 03:15 PM"
Costco,domain,1977754944384938342,https://x.com/Traceyb38701240/status/1977754944384938342,Help me win this great Books and Costco GC giveaway from @FreshFiction and you can enter too! https://t.co/GmpTRnPERL,1336660338289340416,,False,0,,10,65,"October 13, 2025 at 03:14 PM"
Costco,domain,1977728760313979352,https://x.com/saori67shiba/status/1977728760313979352,@yukihiro_costco 季節,1833510386664148995,,False,0,日本 福岡,0,18,"October 13, 2025 at 01:30 PM"
Costco,domain,1977642965947617751,https://x.com/habatakekobuta/status/1977642965947617751,@yukihiro_costco FBA,984940692966273024,,False,0,,0,12,"October 13, 2025 at 07:50 AM"
Costco,domain,1977549380036042824,https://x.com/SStrode/status/1977549380036042824,Help me win this great Books and Costco GC giveaway from @FreshFiction and you can enter too! https://t.co/Ty3I4BNVOy,341018943,,False,0,Kentucky US,0,13,"October 13, 2025 at 01:38 AM"
Costco,domain,1977549070517600752,https://x.com/ma2_tona/status/1977549070517600752,@yukihiro_costco 欲しい,1478308714004480003,,False,0,,0,16,"October 13, 2025 at 01:36 AM"
Costco,domain,1977547718353637420,https://x.com/ace_ace1324/status/1977547718353637420,@yukihiro_costco 欲しい,1018304943898279936,,False,0,ツイッタランド,0,236,"October 13, 2025 at 01:31 AM"
Costco,domain,1977510660465377664,https://x.com/stocksharks_/status/1977510660465377664,"Stocks Near 52-Week Lows

Costco – $925
Ferrari – $390
Adobe – $335
Duolingo – $315
McDonald’s – $295
Automatic Data Processing – $285
Essex Property Trust – $255
Accenture – $240
Salesforce – $240
T-Mobile US – $228
Waste Management – $218
Molina Healthcare – $190
Waste Connections – $172
Lululemon – $165
Procter & Gamble – $150
Zoetis – $140
Constellation Brands – $140
Old Dominion – $134
Kimberly-Clark – $119
Deckers – $95
Diageo – $95
Canadian National Railway – $94
Target – $85
UPS – $82
Colgate-Palmolive – $77
Agree Realty – $72
Coca-Cola – $66
Novo Nordisk – $56
Tyson Foods – $52
The Trade Desk – $51
General Mills – $49
Bristol-Myers – $43
Verizon – $39
Chipotle Mexican Grill – $39
Comcast – $29
Moderna – $26
Kraft Heinz – $25
Keurig Dr Pepper – $25
BCE – $23
Kenvue – $16
Snap – $7

Anything you find interesting and might pull the trigger on?",185042108,,False,0,Austin Texas,1,302,"October 12, 2025 at 11:04 PM"
Costco,domain,1977495711273848907,https://x.com/MmeyerMeyer/status/1977495711273848907,@PeriklesGREAT Costco,1138203373,,False,0,"Pelham, Ny",6,65,"October 12, 2025 at 10:04 PM"
Costco,domain,1977420875780817141,https://x.com/CRibuhi/status/1977420875780817141,@yukihiro_costco 欲しい,1334499349993115654,,False,0,,0,9,"October 12, 2025 at 05:07 PM"
Costco,domain,1977404479470518511,https://x.com/red_amazon_/status/1977404479470518511,@yukihiro_costco FBA,1052918521573793794,,False,0,シロガネ山,0,48,"October 12, 2025 at 04:02 PM"
Costco,domain,1977403975407124502,https://x.com/theolympian/status/1977403975407124502,Costco urgently recalls Foster Farms product sold nationwide https://t.co/iMYCdlvZIH,12807732,,False,0,"Olympia, Washington State",0,133,"October 12, 2025 at 04:00 PM"
Costco,domain,1977383059705008389,https://x.com/pokerusu252/status/1977383059705008389,@yukihiro_costco 欲しい,1362380304493600771,,False,0,,0,12,"October 12, 2025 at 02:37 PM"
Costco,domain,1977320271817437455,https://x.com/naa_0601_/status/1977320271817437455,@yukihiro_costco 欲しい,1945502494844674048,,False,0,,0,8,"October 12, 2025 at 10:27 AM"
Costco,domain,1977270822768460044,https://x.com/DpRMrf7ONzKbmJf/status/1977270822768460044,@yukihiro_costco 欲しい,1294736137127202816,,False,0,,0,9,"October 12, 2025 at 07:11 AM"
Costco,domain,1977268052745224498,https://x.com/sanjifranky7/status/1977268052745224498,@yukihiro_costco 欲しい,2878086548,,False,0,,0,4,"October 12, 2025 at 07:00 AM"
Costco,domain,1977243435536204181,https://x.com/tetsuto_editor/status/1977243435536204181,@yukihiro_costco 欲しい,1263259203570765825,,False,0,,0,27,"October 12, 2025 at 05:22 AM"
Costco,domain,1977243016441348202,https://x.com/nemukina0727/status/1977243016441348202,@yukihiro_costco FBA,1001639294958649344,,False,0,,0,21,"October 12, 2025 at 05:20 AM"
Costco,domain,1977227497587851516,https://x.com/baibai2121/status/1977227497587851516,@yukihiro_costco FBA,782053907958595585,,False,0,,0,13,"October 12, 2025 at 04:19 AM"
Costco,domain,1977223149478719850,https://x.com/TAMI1673/status/1977223149478719850,@yukihiro_costco 欲しい,1637826764377575424,,False,0,,0,21,"October 12, 2025 at 04:01 AM"
Costco,domain,1977219444868104503,https://x.com/SHGyrCJm1Q89572/status/1977219444868104503,@yukihiro_costco 欲しい,1793576824666288128,,False,0,,0,20,"October 12, 2025 at 03:47 AM"
Costco,domain,1977171683720282624,https://x.com/gongminmin/status/1977171683720282624,@wngkn194344 Costco的热狗,33466711,,False,0,"Redmond, WA",0,21,"October 12, 2025 at 12:37 AM"
Costco,domain,1977164405608792176,https://x.com/prsl_oroshi/status/1977164405608792176,@yukihiro_costco 欲しい,1937783790686076930,,False,0,まずは3日間無料でお試しください👇,0,14,"October 12, 2025 at 12:08 AM"
Costco,domain,1977136305533591897,https://x.com/pygmalion2027/status/1977136305533591897,@yukihiro_costco 欲しい,1944360605294673920,,False,0,,0,14,"October 11, 2025 at 10:16 PM"
Costco,domain,1977128047892635889,https://x.com/nyanzaburoooo/status/1977128047892635889,@yukihiro_costco 欲しい,1538136915534581763,,False,0,,1,8,"October 11, 2025 at 09:43 PM"
Costco,domain,1977113174668460081,https://x.com/boroineko/status/1977113174668460081,@yukihiro_costco FBA,1905616746507345921,,False,0,,0,11,"October 11, 2025 at 08:44 PM"
Costco,domain,1977078301773709519,https://x.com/iseebio/status/1977078301773709519,@yukihiro_costco 欲しい,4741435213,,False,0,,0,13,"October 11, 2025 at 06:26 PM"
Costco,domain,1977074870124265986,https://x.com/DougCarlisle/status/1977074870124265986,@MdBreathe @Chase Costco Citi visa,1405351834605162498,,False,0,,0,5,"October 11, 2025 at 06:12 PM"
Costco,domain,1977064912225751042,https://x.com/Phoenixblueheat/status/1977064912225751042,"@LynaLovexo Costco, I hope you like pizza or hotdogs...",1735385324891869184,,False,0,Here and there,39,293,"October 11, 2025 at 05:33 PM"
Costco,domain,1977041123664445449,https://x.com/JgfnnZ7agz33106/status/1977041123664445449,@yukihiro_costco 欲しい,1878814397067644928,,False,0,,1,18,"October 11, 2025 at 03:58 PM"
Costco,domain,1977039363151384948,https://x.com/Traceyb38701240/status/1977039363151384948,Help me win this great Books and Costco GC giveaway from @FreshFiction and you can enter too! https://t.co/GmpTRnQcHj,1336660338289340416,,False,0,,5,32,"October 11, 2025 at 03:51 PM"
Costco,domain,1977029337515016584,https://x.com/WrongEChin/status/1977029337515016584,@wngkn194344 Costco的热狗,352970228,,False,0,,0,5,"October 11, 2025 at 03:11 PM"
Costco,domain,1976996886000157171,https://x.com/laddie_james/status/1976996886000157171,"Welcome to 1530 Avenue I North – Prime Opportunity in the Mayfair/Hudson Bay Park.
https://t.co/GRIgj4wJHj
Across from Hudson Bay Park with the best sunsets! Easy access to the downtown area, north Costco and BRT corridor ...",800924244997644289,,False,0,"Saskatoon, Saskatchewan",0,12,"October 11, 2025 at 01:02 PM"
Costco,domain,1976983792041775416,https://x.com/machappe3962/status/1976983792041775416,@yukihiro_costco 季節,1259464848712200192,,False,0,,0,12,"October 11, 2025 at 12:10 PM"
Costco,domain,1976975668216045751,https://x.com/machappe3962/status/1976975668216045751,@yukihiro_costco 欲しい,1259464848712200192,,False,0,,1,17,"October 11, 2025 at 11:38 AM"
Costco,domain,1976974937392136664,https://x.com/jH66ex80t551266/status/1976974937392136664,@yukihiro_costco 欲しい,1812105202071465984,,False,0,日本 北海道,0,18,"October 11, 2025 at 11:35 AM"
Costco,domain,1976950009565528223,https://x.com/maiko_MZDAO/status/1976950009565528223,@yukihiro_costco 欲しい,1206979092,,False,0,ご近所かもね,0,15,"October 11, 2025 at 09:56 AM"
Costco,domain,1976929528225448341,https://x.com/8milion8/status/1976929528225448341,@yukihiro_costco 欲しい,1938753339623391232,,False,0,,0,13,"October 11, 2025 at 08:35 AM"
Costco,domain,1976915271710654756,https://x.com/playinquiry/status/1976915271710654756,@yukihiro_costco 欲しい,1174215603080617984,,False,0,,0,39,"October 11, 2025 at 07:38 AM"
Costco,domain,1976898642603917560,https://x.com/yolusanmoon/status/1976898642603917560,@yukihiro_costco 欲しい,1919680640074825728,,False,0,1週間で0→1、約3万収益化できたのは👇おかげゆ,0,13,"October 11, 2025 at 06:32 AM"
Costco,domain,1976877442552991816,https://x.com/studyoichi/status/1976877442552991816,@yukihiro_costco 欲しい,1734201260000366592,,False,0,,1,17,"October 11, 2025 at 05:08 AM"
Costco,domain,1976863299653582880,https://x.com/701Kan/status/1976863299653582880,@yukihiro_costco 欲しい,2954414035,,False,0,,1,25,"October 11, 2025 at 04:11 AM"
Costco,domain,1976862541138870411,https://x.com/elppa0928/status/1976862541138870411,@yukihiro_costco 欲しい,2282004656,,False,0,,1,18,"October 11, 2025 at 04:08 AM"
Costco,domain,1976862391968354618,https://x.com/araibaske/status/1976862391968354618,@yukihiro_costco 欲しい,1720274621256343552,,False,0,,1,29,"October 11, 2025 at 04:08 AM"
Costco,domain,1976852177760243902,https://x.com/UsORsGC0DLuR4Q9/status/1976852177760243902,@yukihiro_costco 欲しい,1553268426033881088,,False,0,,1,17,"October 11, 2025 at 03:27 AM"
Costco,domain,1976851099102708031,https://x.com/hirokoala05m/status/1976851099102708031,@yukihiro_costco FBA,240276508,,False,0,日本,1,7,"October 11, 2025 at 03:23 AM"
Costco,domain,1976851005213216868,https://x.com/hirokoala05m/status/1976851005213216868,@yukihiro_costco 欲しい,240276508,,False,0,日本,1,15,"October 11, 2025 at 03:23 AM"
Costco,domain,1976835293488804112,https://x.com/akikawa1411/status/1976835293488804112,@yukihiro_costco 欲しい,1522936839128162305,,False,0,,1,21,"October 11, 2025 at 02:20 AM"
Costco,domain,1976833442471084123,https://x.com/inoue_snsxxx/status/1976833442471084123,@yukihiro_costco 欲しい,1390855457036640258,,False,0,,1,16,"October 11, 2025 at 02:13 AM"
Costco,domain,1976832779880219133,https://x.com/saori67shiba/status/1976832779880219133,@yukihiro_costco 欲しい,1833510386664148995,,False,0,日本 福岡,1,24,"October 11, 2025 at 02:10 AM"
Costco,domain,1976830667871912274,https://x.com/cospatraveler/status/1976830667871912274,@yukihiro_costco FBA,928318057172295680,,False,0,日本 愛知,0,7,"October 11, 2025 at 02:02 AM"
Costco,domain,1976829949589045522,https://x.com/setosetoseto123/status/1976829949589045522,@yukihiro_costco 欲しい,1662309277506371586,,False,0,,2,26,"October 11, 2025 at 01:59 AM"
Costco,domain,1976828265009758304,https://x.com/kuma_tetsu_0421/status/1976828265009758304,@yukihiro_costco 欲しい,262667969,,False,0,,1,31,"October 11, 2025 at 01:52 AM"
Costco,domain,1976825379278274684,https://x.com/FT2P9bRaSvmtvlo/status/1976825379278274684,@yukihiro_costco 欲しい,1067819516913053696,,False,0,日本,2,22,"October 11, 2025 at 01:41 AM"
Costco,domain,1976813334784848370,https://x.com/SStrode/status/1976813334784848370,Help me win this great Books and Costco GC giveaway from @FreshFiction and you can enter too! https://t.co/Ty3I4BOtE6,341018943,,False,0,Kentucky US,0,12,"October 11, 2025 at 12:53 AM"
Costco,domain,1976810281499349248,https://x.com/kbjfdjgh/status/1976810281499349248,i’m at costco,738795975783784448,,False,0,los angeles,6,190,"October 11, 2025 at 12:41 AM"
Costco,domain,1976803465633644693,https://x.com/qHxV2H9nnO51039/status/1976803465633644693,@yukihiro_costco 欲しい,1755348134669279235,,False,0,,3,23,"October 11, 2025 at 12:14 AM"
Costco,domain,1976801705192046853,https://x.com/pockemondaisuki/status/1976801705192046853,@yukihiro_costco 欲しい,2461001371,,False,0,,1,16,"October 11, 2025 at 12:07 AM"
Costco,domain,1976800883976585577,https://x.com/ElRubencito91/status/1976800883976585577,@valen_reales Pastel de costco,1613279183605579778,,False,0,,0,1,"October 11, 2025 at 12:03 AM"
Costco,domain,1976791969188978994,https://x.com/DCku13xwnH36854/status/1976791969188978994,@yukihiro_costco 欲しい,1752677513095241728,,False,0,,2,36,"October 10, 2025 at 11:28 PM"
Costco,domain,1976791687696728314,https://x.com/zentoramomo/status/1976791687696728314,@yukihiro_costco 欲しい,144070551,,False,0,かながわ,3,33,"October 10, 2025 at 11:27 PM"
Costco,domain,1976786381184946339,https://x.com/domodomo0321/status/1976786381184946339,@yukihiro_costco 欲しい,3413016385,,False,0,,4,39,"October 10, 2025 at 11:06 PM"
Costco,domain,1976784888339513739,https://x.com/theolympian/status/1976784888339513739,Costco urgently recalls Foster Farms product sold nationwide https://t.co/iMYCdlvZIH,12807732,,False,0,"Olympia, Washington State",0,152,"October 10, 2025 at 11:00 PM"
Costco,domain,1976783209561309243,https://x.com/rimana35/status/1976783209561309243,@yukihiro_costco 欲しい,1444883240578207746,,False,0,,0,37,"October 10, 2025 at 10:53 PM"
Costco,domain,1976778840304500910,https://x.com/chacha_ForPS/status/1976778840304500910,@yukihiro_costco 欲しい,1582006041298219010,,False,0,日本 東京,1,26,"October 10, 2025 at 10:36 PM"
Costco,domain,1976775982083457499,https://x.com/kamehameha303/status/1976775982083457499,@yukihiro_costco 欲しい,849398408888684544,,False,0,,2,36,"October 10, 2025 at 10:24 PM"
Costco,domain,1976766967223926796,https://x.com/ke_buru12345/status/1976766967223926796,@yukihiro_costco 欲しい,1917177847007076352,,False,0,,2,68,"October 10, 2025 at 09:49 PM"
Costco,domain,1976759936970637420,https://x.com/ikekazu_sedrist/status/1976759936970637420,@yukihiro_costco ほしい,1458731030052245506,,False,0,茨城県,2,75,"October 10, 2025 at 09:21 PM"
Costco,domain,1976759506274222358,https://x.com/mappy0513/status/1976759506274222358,@yukihiro_costco 欲しい,1221377524577386496,,False,0,,2,37,"October 10, 2025 at 09:19 PM"
Costco,domain,1976756671696584744,https://x.com/nataru747/status/1976756671696584744,@yukihiro_costco 欲しい,1075227747465682945,,False,0,日本,1,83,"October 10, 2025 at 09:08 PM"
Costco,domain,1976752615200260413,https://x.com/WWLTV/status/1976752615200260413,"Weight-loss medications like Ozempic and Wegovy are now available to customers at several stores, including Costco and Sam's Club, even without insurance. https://t.co/QKyj3TJYfr",14269771,,False,0,,5,1325,"October 10, 2025 at 08:52 PM"
Costco,domain,1976751581732425761,https://x.com/sotaro_XX70/status/1976751581732425761,@yukihiro_costco FBA,1138082057655967749,,False,0,,0,10,"October 10, 2025 at 08:47 PM"
Costco,domain,1976743276679250105,https://x.com/kgcEwEEJ4GyPJxo/status/1976743276679250105,@yukihiro_costco 欲しい,1319799836548329476,,False,0,,4,39,"October 10, 2025 at 08:14 PM"
Costco,domain,1976736343746396576,https://x.com/foreverlove1892/status/1976736343746396576,@yukihiro_costco FBA,3279648638,,False,0,,0,14,"October 10, 2025 at 07:47 PM"
Costco,domain,1976733559244439830,https://x.com/xMxy0LxSPXt8MXX/status/1976733559244439830,@yukihiro_costco 欲しい,3198307315,,False,0,日本,3,33,"October 10, 2025 at 07:36 PM"
Costco,domain,1976733266645582026,https://x.com/gangseon_u37672/status/1976733266645582026,"이 영상을 만든 후, 저는 Tesla FSD V14.1이 Costco 주차장 문제를 해결했다고 자신 있게 말할 수 있습니다.",1709228825161445376,,False,0,대한민국 송파구,2,112,"October 10, 2025 at 07:35 PM"
Costco,domain,1976716879776690184,https://x.com/jahljion420_420/status/1976716879776690184,@yukihiro_costco 欲しい,1538538484931391489,,False,0,日本　札幌,1,20,"October 10, 2025 at 06:30 PM"
Costco,domain,1976701893935239592,https://x.com/HIROTAK13288168/status/1976701893935239592,@yukihiro_costco FBA,1518859178965495808,,False,0,,1,9,"October 10, 2025 at 05:30 PM"
Costco,domain,1976700876745216498,https://x.com/ezfUQa456670024/status/1976700876745216498,@yukihiro_costco 欲しい,1719580638469410816,,False,0,,2,56,"October 10, 2025 at 05:26 PM"
Costco,domain,1976697078853386326,https://x.com/PClqKesv5r76701/status/1976697078853386326,@yukihiro_costco FBA,1838567459785457664,,False,0,月,0,22,"October 10, 2025 at 05:11 PM"
Costco,domain,1976681220756164838,https://x.com/kojisantos/status/1976681220756164838,@yukihiro_costco 欲しい,1463059355549405188,,False,0,Japan,1,61,"October 10, 2025 at 04:08 PM"
Costco,domain,1976681087574356357,https://x.com/kojisantos/status/1976681087574356357,@yukihiro_costco 欲しい,1463059355549405188,,False,0,Japan,0,13,"October 10, 2025 at 04:07 PM"
Costco,domain,1976678111233343694,https://x.com/BRUEbrue11/status/1976678111233343694,@yukihiro_costco 欲しい,809432084255100928,,False,0,,1,24,"October 10, 2025 at 03:56 PM"
Costco,domain,1976677561037201820,https://x.com/Gyakusyurisario/status/1976677561037201820,@yukihiro_costco 欲しい,1973012233266577410,,False,0,,2,52,"October 10, 2025 at 03:53 PM"
Costco,domain,1976675553534267729,https://x.com/yuki_towa2/status/1976675553534267729,@yukihiro_costco 欲しい,840791602230513664,,False,0,,1,20,"October 10, 2025 at 03:45 PM"
Costco,domain,1976675535435825533,https://x.com/anonymous_enu/status/1976675535435825533,@yukihiro_costco FBA,1892243527905726464,,False,0,,0,29,"October 10, 2025 at 03:45 PM"
Costco,domain,1976665717102842023,https://x.com/nQv9AYCJtu8CiWX/status/1976665717102842023,@yukihiro_costco 欲しい,1539533027822698497,,False,0,,1,80,"October 10, 2025 at 03:06 PM"
Costco,domain,1976659147467972617,https://x.com/myonggi123/status/1976659147467972617,@yukihiro_costco 規制,966136134307692549,,False,0,,0,14,"October 10, 2025 at 02:40 PM"
Costco,domain,1976655213747642605,https://x.com/hidetaka_o/status/1976655213747642605,@yukihiro_costco 欲しい,567498212,,False,0,,0,32,"October 10, 2025 at 02:25 PM"
Costco,domain,1976652887670563312,https://x.com/mi_i3939/status/1976652887670563312,@yukihiro_costco 欲しい,1595286417847951360,,False,0,,1,29,"October 10, 2025 at 02:15 PM"
Costco,domain,1976652491149447446,https://x.com/roborooooo/status/1976652491149447446,@yukihiro_costco 欲しい,1654497008063860741,,False,0,,1,25,"October 10, 2025 at 02:14 PM"
Costco,domain,1976651306015359071,https://x.com/DrBlackPanther/status/1976651306015359071,@yukihiro_costco 欲しい,957115820731113472,,False,0,東京 ,0,21,"October 10, 2025 at 02:09 PM"
Costco,domain,1976647992850714670,https://x.com/TNK_chamo/status/1976647992850714670,@yukihiro_costco 欲しい,1317387341212708869,,False,0,,3,114,"October 10, 2025 at 01:56 PM"
Costco,domain,1976647292234178829,https://x.com/aparerukunchan/status/1976647292234178829,@yukihiro_costco 欲しい,1667491703677394945,,False,0,,1,94,"October 10, 2025 at 01:53 PM"
Costco,domain,1976645638021628105,https://x.com/McSe9RDwAjQZNqr/status/1976645638021628105,@yukihiro_costco 欲しい,1212042714734190594,,False,0,,1,28,"October 10, 2025 at 01:46 PM"
Costco,domain,1976645336618914102,https://x.com/QXtjPHhNBUSodKr/status/1976645336618914102,@yukihiro_costco 欲しい,1374659661849186304,,False,0,,3,53,"October 10, 2025 at 01:45 PM"
Costco,domain,1976640138731266356,https://x.com/haruto_junk/status/1976640138731266356,@yukihiro_costco 欲しい,1420314816506253316,,False,0,,2,55,"October 10, 2025 at 01:25 PM"
Costco,domain,1976639061684298072,https://x.com/RaMHpdkwss88362/status/1976639061684298072,@yukihiro_costco 欲しい,1955272578836336643,,False,0,,2,41,"October 10, 2025 at 01:20 PM"
Costco,domain,1976638615523659897,https://x.com/soulsurfer0731/status/1976638615523659897,@yukihiro_costco 欲しい,852085041387589633,,False,0,,1,28,"October 10, 2025 at 01:19 PM"
Costco,domain,1976634864670736811,https://x.com/keepaseven/status/1976634864670736811,@yukihiro_costco 欲しい,715097130206044160,,False,0,,1,35,"October 10, 2025 at 01:04 PM"
Costco,domain,1976632685562101784,https://x.com/lB5SDeCQZF5489/status/1976632685562101784,@yukihiro_costco 欲しい,1801499803903483904,,False,0,,1,35,"October 10, 2025 at 12:55 PM"
Costco,domain,1976629752770572554,https://x.com/suruka_05/status/1976629752770572554,Costco,1906934348521279488,,False,0,香川↔︎東京・神奈川,2,43,"October 10, 2025 at 12:43 PM"
Costco,domain,1976628387788767607,https://x.com/donkan_creator/status/1976628387788767607,@yukihiro_costco 欲しい,1497393906782113792,,False,0,,1,41,"October 10, 2025 at 12:38 PM"
Costco,domain,1976626704459395188,https://x.com/poinyan_otk/status/1976626704459395188,@yukihiro_costco 欲しい,1791644433513086976,,False,0,,3,47,"October 10, 2025 at 12:31 PM"
Costco,domain,1976624007102546055,https://x.com/rina56152/status/1976624007102546055,@yukihiro_costco 欲しい,2937921200,,False,0,,1,48,"October 10, 2025 at 12:21 PM"
Costco,domain,1976623591098822728,https://x.com/Traceyb38701240/status/1976623591098822728,Help me win this great Books and Costco GC giveaway from @FreshFiction and you can enter too! https://t.co/GmpTRnQcHj,1336660338289340416,,False,0,,3,35,"October 10, 2025 at 12:19 PM"
Costco,domain,1976622871134052766,https://x.com/junak0317yahoo1/status/1976622871134052766,@yukihiro_costco 欲しい,1070146888156905472,,False,0,東京 足立区,2,117,"October 10, 2025 at 12:16 PM"
Costco,domain,1976622692905484418,https://x.com/gooooobooooo5/status/1976622692905484418,@yukihiro_costco 欲しい,911835927764283398,,False,0,,1,33,"October 10, 2025 at 12:15 PM"
Costco,domain,1976621358395355497,https://x.com/VmVj23j/status/1976621358395355497,@yukihiro_costco 欲しい,1316931922140954624,,False,0,,1,24,"October 10, 2025 at 12:10 PM"
Costco,domain,1976620318530863136,https://x.com/ELLYss__/status/1976620318530863136,@yukihiro_costco 欲しい,3170724492,,False,0,,1,37,"October 10, 2025 at 12:06 PM"
Costco,domain,1976619795622871257,https://x.com/mamepi_buppan/status/1976619795622871257,@yukihiro_costco 欲しい,1903322280870219776,,False,0,,1,119,"October 10, 2025 at 12:04 PM"
Costco,domain,1976616954413859194,https://x.com/zuvoramama_xxx/status/1976616954413859194,@yukihiro_costco 欲しい,1134360758056177664,,False,0,日本,1,55,"October 10, 2025 at 11:53 AM"
Costco,domain,1976616289927155925,https://x.com/ajdnw5287/status/1976616289927155925,@yukihiro_costco 欲しい,1618305550936338435,,False,0,,1,35,"October 10, 2025 at 11:50 AM"
Costco,domain,1976615879619293196,https://x.com/amdaasca5551/status/1976615879619293196,@yukihiro_costco 欲しい,153738921,,False,0,,2,51,"October 10, 2025 at 11:48 AM"
Costco,domain,1976615611494195685,https://x.com/miyucocohime/status/1976615611494195685,@yukihiro_costco 欲しい,1427075260914933766,,False,0,,2,66,"October 10, 2025 at 11:47 AM"
Costco,domain,1976615256169587124,https://x.com/nyami_555/status/1976615256169587124,@yukihiro_costco 欲しい,1926543881203597312,,False,0,,1,99,"October 10, 2025 at 11:46 AM"
Costco,domain,1976612118259724588,https://x.com/kanmakinote/status/1976612118259724588,@yukihiro_costco 欲しい,1923197602104999939,,False,0,,1,50,"October 10, 2025 at 11:33 AM"
Costco,domain,1976611620509118571,https://x.com/tk52410367/status/1976611620509118571,@yukihiro_costco 欲しい,1303681524953313285,,False,0,,2,52,"October 10, 2025 at 11:31 AM"
Costco,domain,1976611219713954076,https://x.com/ryt_t13/status/1976611219713954076,@yukihiro_costco 欲しい,1541714982211325953,,False,0,,3,49,"October 10, 2025 at 11:30 AM"
Costco,domain,1976610475128602700,https://x.com/another2992/status/1976610475128602700,@yukihiro_costco 欲しい,127871848,,False,0,大阪市,1,66,"October 10, 2025 at 11:27 AM"
Costco,domain,1976607933539778877,https://x.com/5eZjCx4Pbejdd9n/status/1976607933539778877,@yukihiro_costco 欲しい,1470785680611876866,,False,0,,1,90,"October 10, 2025 at 11:17 AM"
Costco,domain,1976603216831033358,https://x.com/heihaaaaaaa/status/1976603216831033358,@yukihiro_costco 欲しい,890877038,,False,0,,1,102,"October 10, 2025 at 10:58 AM"
Costco,domain,1976601651688751333,https://x.com/tani_base/status/1976601651688751333,@yukihiro_costco 欲しい,1917720888805580802,,False,0,,1,87,"October 10, 2025 at 10:52 AM"
Costco,domain,1976599459003060502,https://x.com/spirits_act03/status/1976599459003060502,@yukihiro_costco 欲しい,176880459,,False,0,"Nara-shi, Nara",3,69,"October 10, 2025 at 10:43 AM"
Costco,domain,1976598380769165340,https://x.com/hiroko_tokyox/status/1976598380769165340,@yukihiro_costco 欲しい,2279078148,,False,0,💋LINE登録はこちら➡️,0,125,"October 10, 2025 at 10:39 AM"
Costco,domain,1976597537755984129,https://x.com/o2rfNXWpxe78359/status/1976597537755984129,@yukihiro_costco 欲しい,1836639918795427841,,False,0,東京 千代田区,1,59,"October 10, 2025 at 10:35 AM"
Costco,domain,1976595050789482978,https://x.com/yamiyami_83_/status/1976595050789482978,@yukihiro_costco 欲しい,1782418334484750336,,False,0,,2,42,"October 10, 2025 at 10:25 AM"
Costco,domain,1976594461338882462,https://x.com/STEPN11859870/status/1976594461338882462,@yukihiro_costco 欲しい,1503587049013579780,,False,0,,3,68,"October 10, 2025 at 10:23 AM"
Costco,domain,1976594419928490423,https://x.com/Sedorinot/status/1976594419928490423,@yukihiro_costco 欲しい,1241928221773271041,,False,0,日本 ,3,99,"October 10, 2025 at 10:23 AM"
Costco,domain,1976593943967248703,https://x.com/cx302024/status/1976593943967248703,@yukihiro_costco 欲しい,4703329586,,False,0,,0,25,"October 10, 2025 at 10:21 AM"
Costco,domain,1976593510334939137,https://x.com/hanadosyou78/status/1976593510334939137,@yukihiro_costco FBA,1594696784114483201,,False,0,,0,11,"October 10, 2025 at 10:19 AM"
Costco,domain,1976591781992218632,https://x.com/Manatee_Trade/status/1976591781992218632,@yukihiro_costco 欲しい,1290795919588257792,,False,0,,1,72,"October 10, 2025 at 10:12 AM"
Costco,domain,1976591642229645734,https://x.com/dk_kakojo/status/1976591642229645734,@yukihiro_costco 欲しい,130528905,,False,0,,1,70,"October 10, 2025 at 10:12 AM"
Costco,domain,1976569961280921607,https://x.com/yokohama_ouji/status/1976569961280921607,@yukihiro_costco FBA,1318241833000996864,,False,0,人生逆転した方法を晒してる。→,0,18,"October 10, 2025 at 08:46 AM"
Costco,domain,1976546951547191746,https://x.com/vLWfKS09px45679/status/1976546951547191746,@yukihiro_costco FBA,1833758067500228608,,False,0,,0,15,"October 10, 2025 at 07:14 AM"
Costco,domain,1976541959377608753,https://x.com/bgqwt383/status/1976541959377608753,@yukihiro_costco FBA,2393717965,,False,0,,0,48,"October 10, 2025 at 06:55 AM"
Costco,domain,1976507919882735952,https://x.com/room7032/status/1976507919882735952,@yukihiro_costco いいね&amp;FBA,1342434245491400705,,False,0,,0,21,"October 10, 2025 at 04:39 AM"
Costco,domain,1976502393983607025,https://x.com/sedokase/status/1976502393983607025,@yukihiro_costco FBA,1949591229366411264,,False,0,Japan,1,23,"October 10, 2025 at 04:17 AM"
Costco,domain,1976502123182555183,https://x.com/jiruto_ri/status/1976502123182555183,@yukihiro_costco FBA,817301041129500673,,False,0,日本,0,19,"October 10, 2025 at 04:16 AM"
Costco,domain,1976494019304882351,https://x.com/wx41qbdcl0h/status/1976494019304882351,@yukihiro_costco FBA,1465141237523300352,,False,0,,0,14,"October 10, 2025 at 03:44 AM"
Costco,domain,1976490984235294854,https://x.com/mkm33111/status/1976490984235294854,@yukihiro_costco FBA,723507733765353472,,False,0,,0,14,"October 10, 2025 at 03:32 AM"
Costco,domain,1976487530112704615,https://x.com/hryktg_ec/status/1976487530112704615,@yukihiro_costco FBA,1744553473608503296,,False,0,,0,25,"October 10, 2025 at 03:18 AM"
Costco,domain,1976479852149801145,https://x.com/sada_EC/status/1976479852149801145,@yukihiro_costco FBA,2920553634,,False,0,,0,14,"October 10, 2025 at 02:48 AM"
Costco,domain,1976471096166842485,https://x.com/9kpdelS4XscKOGs/status/1976471096166842485,@yukihiro_costco FBA,904672621316341762,,False,0,,0,13,"October 10, 2025 at 02:13 AM"
Costco,domain,1976469008405938596,https://x.com/MitosisEnjoyer/status/1976469008405938596,Costco,1533007645207998464,,False,0,,1,30,"October 10, 2025 at 02:05 AM"
Costco,domain,1976465970677031331,https://x.com/SStrode/status/1976465970677031331,Help me win this great Books and Costco GC giveaway from @FreshFiction and you can enter too! https://t.co/Ty3I4BOtE6,341018943,,False,0,Kentucky US,0,12,"October 10, 2025 at 01:53 AM"
Costco,domain,1976464015972065479,https://x.com/ragerchang1/status/1976464015972065479,@yukihiro_costco FBA,1717308564208005120,,False,0,日本 大阪,0,70,"October 10, 2025 at 01:45 AM"
Costco,domain,1976461376068698598,https://x.com/shees1020/status/1976461376068698598,@yukihiro_costco FBA,938442944888971265,,False,0,,0,14,"October 10, 2025 at 01:34 AM"
Costco,domain,1976449588702871887,https://x.com/taka40038/status/1976449588702871887,@yukihiro_costco FBA,835281105716535296,,False,0,日本 東京,0,38,"October 10, 2025 at 12:47 AM"
Costco,domain,1976439736400216422,https://x.com/takeshi_919/status/1976439736400216422,@yukihiro_costco FBA,434634695,,False,0,,0,9,"October 10, 2025 at 12:08 AM"
Costco,domain,1976432725151396041,https://x.com/freelife_43s/status/1976432725151396041,@yukihiro_costco FBA,1482597476737912841,,False,0,滋賀,0,10,"October 9, 2025 at 11:40 PM"
Costco,domain,1976423345395728653,https://x.com/rRlBbgIaou46136/status/1976423345395728653,@yukihiro_costco FBA,1728253736265625600,,False,0,,0,9,"October 9, 2025 at 11:03 PM"
Costco,domain,1976422715327381901,https://x.com/boueki_tsuukan/status/1976422715327381901,@yukihiro_costco FBA,1114432370659155974,,False,0,,1,204,"October 9, 2025 at 11:01 PM"
Costco,domain,1976421525726298443,https://x.com/kocha_fukugyou/status/1976421525726298443,@yukihiro_costco FBA,1438087951611686915,,False,0,,0,16,"October 9, 2025 at 10:56 PM"
Costco,domain,1976420555898355956,https://x.com/OleRoShambough/status/1976420555898355956,@FoodPleaser Costco,1922078979957334016,,False,0,,1,10,"October 9, 2025 at 10:52 PM"
Costco,domain,1976415109984768168,https://x.com/yotteru333/status/1976415109984768168,@yukihiro_costco FBA,822986491622137857,,False,0,,0,25,"October 9, 2025 at 10:30 PM"
Costco,domain,1976413857179697338,https://x.com/nYiHWdUYCzOSGf7/status/1976413857179697338,@yukihiro_costco FBA,1491868867055927314,,False,0,,0,10,"October 9, 2025 at 10:25 PM"
Costco,domain,1976411684458856737,https://x.com/AxmwcDVLWoa8RhF/status/1976411684458856737,@yukihiro_costco FBA,1443571522669473798,,False,0,,0,19,"October 9, 2025 at 10:17 PM"
Costco,domain,1976408824346222931,https://x.com/shopalert2/status/1976408824346222931,@yukihiro_costco FBA,1231129911932284933,,False,0,,0,16,"October 9, 2025 at 10:05 PM"
Costco,domain,1976399305381679214,https://x.com/riboku_ribedai/status/1976399305381679214,@yukihiro_costco FBA,752509110126424066,,False,0,日本,0,55,"October 9, 2025 at 09:28 PM"
Costco,domain,1976398906062962915,https://x.com/kabao_tips/status/1976398906062962915,@yukihiro_costco FBA,1704307266026098688,,False,0,,0,15,"October 9, 2025 at 09:26 PM"
Costco,domain,1976377177277878406,https://x.com/FoodRepublic/status/1976377177277878406,"Sam's Club is known for its low prices, so low that its food court hot dog is cheaper than Costco's, but just who makes the classic frankfurter? https://t.co/uyq3byqdmJ",1648379567910928393,,False,0,,0,13,"October 9, 2025 at 08:00 PM"
Costco,domain,1976352899459670506,https://x.com/puum7878/status/1976352899459670506,@yukihiro_costco FBA,1492832642366001154,,False,0,,0,22,"October 9, 2025 at 06:23 PM"
Costco,domain,1976349123986194537,https://x.com/kazun_1021/status/1976349123986194537,@yukihiro_costco FBA,1550980184295190529,,False,0,,1,36,"October 9, 2025 at 06:08 PM"
Costco,domain,1976336714118594895,https://x.com/VmVj23j/status/1976336714118594895,@yukihiro_costco FBA,1316931922140954624,,False,0,,0,28,"October 9, 2025 at 05:19 PM"
Costco,domain,1976331322218967443,https://x.com/MomsWhoSave/status/1976331322218967443,"Costco Membership Offer: Join Now &amp; Get $100 Off a $200 Order

Details ➡️➡️ https://t.co/04hb1kbTwQ

#deals #costco",6431392,,False,0,United States,0,80,"October 9, 2025 at 04:58 PM"
Costco,domain,1976322251667677615,https://x.com/AhoraTabasco/status/1976322251667677615,"📲#TendenciasDeAhora| 🎄🛍️ ¡Costco en modo Navidad extrema!

Empujones, jaloneos y una auténtica batalla campal se vivieron esta mañana en Costco de #Mérida, todo por unas botellas térmicas y almohadas navideñas😱🥊.

Parece que el espíritu navideño llegó… pero con descuento y sin paciencia 😂🎅.

|#Noticias |#AhoraTabasco |#Tabasco l #Tendencia l #Viral",315278595,,False,0,"Villahermosa, Tabasco",1,153,"October 9, 2025 at 04:21 PM"
Costco,domain,1976319666659393757,https://x.com/paratusnow/status/1976319666659393757,@Costco,1141320105516838912,,False,0,USA,0,10,"October 9, 2025 at 04:11 PM"
Costco,domain,1976319076822810775,https://x.com/REX75475894/status/1976319076822810775,@yukihiro_costco FBA,1082262343533223936,,False,0,,0,35,"October 9, 2025 at 04:09 PM"
Costco,domain,1976312825208504330,https://x.com/0210_oga/status/1976312825208504330,@yukihiro_costco FBA,1033394824034963456,,False,0,,0,29,"October 9, 2025 at 03:44 PM"
Costco,domain,1976305600851214367,https://x.com/Keibook47/status/1976305600851214367,@yukihiro_costco FBA,1610119220179922944,,False,0,,0,43,"October 9, 2025 at 03:15 PM"
Costco,domain,1976302779007488456,https://x.com/5KyCDKRlfG43155/status/1976302779007488456,@yukihiro_costco いいね&amp;FBA,1920438567299682304,,False,0,,0,41,"October 9, 2025 at 03:04 PM"
Costco,domain,1976296647723278737,https://x.com/flamingostori/status/1976296647723278737,@yukihiro_costco FBA,1499503123554922499,,False,0,,0,75,"October 9, 2025 at 02:40 PM"
Costco,domain,1976296534363828735,https://x.com/GuyManaging/status/1976296534363828735,@FoodPleaser Costco,1097981564556853250,,False,0,"N.W. Minnesota, USA",1,26,"October 9, 2025 at 02:39 PM"
Costco,domain,1976293634980053044,https://x.com/sedorimonkey/status/1976293634980053044,@yukihiro_costco FBA,1646042922364841985,,False,0,,0,33,"October 9, 2025 at 02:28 PM"
Costco,domain,1976282068012466647,https://x.com/Matcha_money/status/1976282068012466647,@yukihiro_costco FBA,1389932021724553216,,False,0,,0,23,"October 9, 2025 at 01:42 PM"
Costco,domain,1976280670378033174,https://x.com/DVlAGfiDaY13655/status/1976280670378033174,@yukihiro_costco FBA,1833520377114595330,,False,0,,0,47,"October 9, 2025 at 01:36 PM"
Costco,domain,1976279861238038925,https://x.com/k29cw/status/1976279861238038925,@yukihiro_costco FBA,1230332493380767744,,False,0,,0,34,"October 9, 2025 at 01:33 PM"
Costco,domain,1976276020694221303,https://x.com/8DI0lfW9flmPTAE/status/1976276020694221303,@yukihiro_costco FBA,870921579298828288,,False,0,,0,37,"October 9, 2025 at 01:18 PM"
Costco,domain,1976275400289562942,https://x.com/Traceyb38701240/status/1976275400289562942,Help me win this great Books and Costco GC giveaway from @FreshFiction and you can enter too! https://t.co/GmpTRnQcHj,1336660338289340416,,False,0,,1,9,"October 9, 2025 at 01:15 PM"
Costco,domain,1976272117374337242,https://x.com/kazuki01517086/status/1976272117374337242,@yukihiro_costco FBA,737813954961891328,,False,0,,0,38,"October 9, 2025 at 01:02 PM"
Costco,domain,1976270667126538648,https://x.com/M_N_amagasaki/status/1976270667126538648,@yukihiro_costco FBA,707485297794101248,,False,0,,0,40,"October 9, 2025 at 12:56 PM"
Costco,domain,1976266872669733335,https://x.com/kyupi20092010/status/1976266872669733335,@yukihiro_costco FBA,1550607727,,False,0,,0,44,"October 9, 2025 at 12:41 PM"
Costco,domain,1976266424189583724,https://x.com/hiro_tedoriup/status/1976266424189583724,@yukihiro_costco FBA,1933030838419210240,,False,0,日本,0,30,"October 9, 2025 at 12:40 PM"
Costco,domain,1976265111909396564,https://x.com/AdtuH6H98mdoJaZ/status/1976265111909396564,@yukihiro_costco FBA,1214780789813993472,,False,0,,1,58,"October 9, 2025 at 12:34 PM"
Costco,domain,1976261291275964675,https://x.com/mi_i3939/status/1976261291275964675,@yukihiro_costco FBA,1595286417847951360,,False,0,,0,21,"October 9, 2025 at 12:19 PM"
Costco,domain,1976261183679111179,https://x.com/non1010109/status/1976261183679111179,@yukihiro_costco FBA,960778077822316545,,False,0,,0,46,"October 9, 2025 at 12:19 PM"
Costco,domain,1976260349356597282,https://x.com/bxLSDJNA41Bt3g7/status/1976260349356597282,@yukihiro_costco FBA,1271007547604865025,,False,0,,0,37,"October 9, 2025 at 12:15 PM"
Costco,domain,1976258323164037314,https://x.com/calcium_0303/status/1976258323164037314,@yukihiro_costco FBA,1898622185566289920,,False,0,,0,23,"October 9, 2025 at 12:07 PM"
Costco,domain,1976250775841145294,https://x.com/mittimitti33/status/1976250775841145294,@yukihiro_costco FBA,181929051,,False,0,愛知県,0,33,"October 9, 2025 at 11:37 AM"
Costco,domain,1976245729929855430,https://x.com/yuzu__sawa/status/1976245729929855430,@yukihiro_costco FBA,1241952636208738304,,False,0,,0,22,"October 9, 2025 at 11:17 AM"
Costco,domain,1976243848683847852,https://x.com/Joan_Halibouty/status/1976243848683847852,"$SPY Carvana shares surge after Jefferies upgrade. In related news, Costco's Q3 earnings met expectations, but stock dips, highlighting importance of membership growth and new store openings for company performance.",1840869041306480641,,False,0,"Sydney, New South Wales",0,92,"October 9, 2025 at 11:10 AM"
Costco,domain,1976242115379126642,https://x.com/atropine777/status/1976242115379126642,@yukihiro_costco FBA,356048675,,False,0,,0,25,"October 9, 2025 at 11:03 AM"
Costco,domain,1976241757391388685,https://x.com/7ru2jmIWVlWjoRe/status/1976241757391388685,@yukihiro_costco FBA,741404725963194368,,False,0,,0,21,"October 9, 2025 at 11:02 AM"
Costco,domain,1976233666943779310,https://x.com/C1yt8vBjCt23104/status/1976233666943779310,@yukihiro_costco FBA,1957579827579662336,,False,0,,0,26,"October 9, 2025 at 10:29 AM"
Costco,domain,1976222210743533874,https://x.com/SUGITA721/status/1976222210743533874,@yukihiro_costco FBA,868390251684691969,,False,0,日本,1,53,"October 9, 2025 at 09:44 AM"
Costco,domain,1976221620365918350,https://x.com/kurokodain0210/status/1976221620365918350,@yukihiro_costco FBA,2827454238,,False,0,大阪,0,18,"October 9, 2025 at 09:42 AM"
Costco,domain,1976219787429814379,https://x.com/U3VKYt6XJWIRlso/status/1976219787429814379,@yukihiro_costco FBA,1377261118675021838,,False,0,,0,21,"October 9, 2025 at 09:34 AM"
Costco,domain,1976214392636379303,https://x.com/He3lwK/status/1976214392636379303,@yukihiro_costco FBA,1425775333391757313,,False,0,,1,47,"October 9, 2025 at 09:13 AM"
Costco,domain,1976210909040419074,https://x.com/nori_to_yomimas/status/1976210909040419074,@yukihiro_costco FBA,1354327243749642241,,False,0,大阪府大阪市,0,70,"October 9, 2025 at 08:59 AM"
Costco,domain,1976210803964641415,https://x.com/11_carnival/status/1976210803964641415,@yukihiro_costco FBA,539647891,,False,0,,0,47,"October 9, 2025 at 08:59 AM"
Costco,domain,1976207020035539202,https://x.com/zone1120/status/1976207020035539202,@yukihiro_costco FBA,2410712510,,False,0,,0,26,"October 9, 2025 at 08:44 AM"
Costco,domain,1976206647702802579,https://x.com/cx302024/status/1976206647702802579,@yukihiro_costco FBA,4703329586,,False,0,,0,30,"October 9, 2025 at 08:42 AM"
Costco,domain,1976204912326566329,https://x.com/0yG3YXrGY3aYuWn/status/1976204912326566329,@yukihiro_costco FBA,955387436221083648,,False,0,,1,62,"October 9, 2025 at 08:35 AM"
Costco,domain,1976203901763293224,https://x.com/yusaku_buppan/status/1976203901763293224,@yukihiro_costco FBA,3246608570,,False,0,,1,506,"October 9, 2025 at 08:31 AM"
Costco,domain,1976198778303680558,https://x.com/moneyaddict666/status/1976198778303680558,@yukihiro_costco FBA,225724221,,False,0,,0,58,"October 9, 2025 at 08:11 AM"
Costco,domain,1976196397859995818,https://x.com/iseebio/status/1976196397859995818,@yukihiro_costco FBA,4741435213,,False,0,,1,63,"October 9, 2025 at 08:01 AM"
Costco,domain,1976189841923547264,https://x.com/olGtfDFkhI17143/status/1976189841923547264,@yukihiro_costco FBA,1910921996013363200,,False,0,,1,49,"October 9, 2025 at 07:35 AM"
Costco,domain,1976168096529514595,https://x.com/sallot29/status/1976168096529514595,@yukihiro_costco FBA,38214412,,False,0,,0,30,"October 9, 2025 at 06:09 AM"
Costco,domain,1976161884949885412,https://x.com/ec_tokoyaman/status/1976161884949885412,@yukihiro_costco FBA,1562682670554853376,,False,0,,0,33,"October 9, 2025 at 05:44 AM"
Costco,domain,1976160372127412437,https://x.com/ksan17343907/status/1976160372127412437,@yukihiro_costco FBA,1378635815262150658,,False,0,,0,32,"October 9, 2025 at 05:38 AM"
Costco,domain,1976155484324610403,https://x.com/temnpen/status/1976155484324610403,@yukihiro_costco FBA,1575124786295975949,,False,0,,0,34,"October 9, 2025 at 05:19 AM"
Costco,domain,1976151191794127357,https://x.com/mnmnmnp2/status/1976151191794127357,@yukihiro_costco FBA,1096683527385448453,,False,0,,0,26,"October 9, 2025 at 05:02 AM"
Costco,domain,1976143218745200899,https://x.com/yu_yuiao/status/1976143218745200899,@yukihiro_costco FBA,1173949878638006273,,False,0,,0,32,"October 9, 2025 at 04:30 AM"
Costco,domain,1976140334145954241,https://x.com/nemukina0727/status/1976140334145954241,@yukihiro_costco FBA,1001639294958649344,,False,0,,0,61,"October 9, 2025 at 04:19 AM"
Costco,domain,1976139662868742229,https://x.com/mika850627/status/1976139662868742229,@yukihiro_costco FBA,1408520588302323716,,False,0,"Fukuoka-ken, Japan",1,112,"October 9, 2025 at 04:16 AM"
Costco,domain,1976137154612035963,https://x.com/jonichipapa/status/1976137154612035963,@yukihiro_costco FBA,1373435504,,False,0,,0,20,"October 9, 2025 at 04:06 AM"
Costco,domain,1976135867207975301,https://x.com/Stalmacc/status/1976135867207975301,Costco,1682497165950869506,,False,0,My house,2,94,"October 9, 2025 at 04:01 AM"
Costco,domain,1976132321410691298,https://x.com/buchi180718/status/1976132321410691298,@yukihiro_costco FBA,1019353696277184512,,False,0,日本 福岡,0,32,"October 9, 2025 at 03:47 AM"
Costco,domain,1976130831338045770,https://x.com/sinn0398/status/1976130831338045770,@yukihiro_costco FBA,202181856,,False,0,日本,0,38,"October 9, 2025 at 03:41 AM"
Costco,domain,1976128959893938336,https://x.com/Amycrocker76Amy/status/1976128959893938336,Help me win this great Books and Costco GC giveaway from @FreshFiction and you can enter too! https://t.co/MLre8O2f48,3010704366,,False,0,"Austin, TX, USA",0,11,"October 9, 2025 at 03:33 AM"
Costco,domain,1976127136227336217,https://x.com/bruno24987801/status/1976127136227336217,@yukihiro_costco FBA,1114595875358035968,,False,0,日本 ,1,37,"October 9, 2025 at 03:26 AM"
Costco,domain,1976126916655804743,https://x.com/masa19800619/status/1976126916655804743,@yukihiro_costco FBA,2279890650,,False,0,,0,39,"October 9, 2025 at 03:25 AM"
Costco,domain,1976121290843893805,https://x.com/Radictzone/status/1976121290843893805,@yukihiro_costco FBA,814763135663935488,,False,0,赤坂4-3-27 2F,0,43,"October 9, 2025 at 03:03 AM"
Costco,domain,1976120414259540218,https://x.com/ichi_shin32/status/1976120414259540218,@yukihiro_costco FBA,1299188741701918720,,False,0,,0,28,"October 9, 2025 at 02:59 AM"
Costco,domain,1976118577288839491,https://x.com/sojinlifeupg/status/1976118577288839491,@yukihiro_costco FBA,1677498154621734914,,False,0,日本,0,83,"October 9, 2025 at 02:52 AM"
Costco,domain,1976108562435932247,https://x.com/monmontaro6/status/1976108562435932247,@yukihiro_costco FBA,1273449390783356928,,False,0,,0,27,"October 9, 2025 at 02:12 AM"
Costco,domain,1976104001255907554,https://x.com/SStrode/status/1976104001255907554,Help me win this great Books and Costco GC giveaway from @FreshFiction and you can enter too! https://t.co/Ty3I4BNVOy,341018943,,False,0,Kentucky US,0,17,"October 9, 2025 at 01:54 AM"
Costco,domain,1976103032980209970,https://x.com/KEIBUPPAN/status/1976103032980209970,@yukihiro_costco FBA,789113548093820928,,False,0,日本,0,25,"October 9, 2025 at 01:50 AM"
Costco,domain,1976101198571934143,https://x.com/Sakuranpic/status/1976101198571934143,@yukihiro_costco FBA,3169249212,,False,0,福岡県 福岡市 博多区,0,18,"October 9, 2025 at 01:43 AM"
Costco,domain,1976099883477237943,https://x.com/h9P4SjiTxr7I2Er/status/1976099883477237943,@yukihiro_costco FBA,898919592453521410,,False,0,,0,53,"October 9, 2025 at 01:38 AM"
Costco,domain,1976097105874923588,https://x.com/YSK2013011/status/1976097105874923588,@yukihiro_costco FBA,1456961813737017344,,False,0,,0,35,"October 9, 2025 at 01:27 AM"
Costco,domain,1976093153502412859,https://x.com/naruchan134/status/1976093153502412859,@yukihiro_costco FBA,755335633522991107,,False,0,,0,50,"October 9, 2025 at 01:11 AM"
Costco,domain,1976092047976333819,https://x.com/doudemo456/status/1976092047976333819,@yukihiro_costco FBA,88852611,,False,0,,0,29,"October 9, 2025 at 01:07 AM"
Costco,domain,1976083235928146036,https://x.com/inatch202206/status/1976083235928146036,@yukihiro_costco 季節,1534631415593443328,,False,0,,0,14,"October 9, 2025 at 12:32 AM"
Costco,domain,1976080968508375229,https://x.com/K5_40s/status/1976080968508375229,@yukihiro_costco FBA,1252976288865763328,,False,0,東海地方,0,44,"October 9, 2025 at 12:23 AM"
Costco,domain,1976073166947746211,https://x.com/takeshiMTG/status/1976073166947746211,@yukihiro_costco FBA,4758384228,,False,0,,0,39,"October 8, 2025 at 11:52 PM"
Costco,domain,1976072402674254015,https://x.com/haru_yota/status/1976072402674254015,@yukihiro_costco FBA,413872648,,False,0,,0,43,"October 8, 2025 at 11:49 PM"
Costco,domain,1976072258084118595,https://x.com/rai_hukugyo/status/1976072258084118595,@yukihiro_costco FBA,1830064863462506498,,False,0,,1,39,"October 8, 2025 at 11:48 PM"
Costco,domain,1976071760962519357,https://x.com/tjtxy/status/1976071760962519357,@yukihiro_costco FBA,1051611382012043264,,False,0,,1,47,"October 8, 2025 at 11:46 PM"
Costco,domain,1976071647410126945,https://x.com/kei_Zzzzzzzz/status/1976071647410126945,@yukihiro_costco FBA,1095544435616579584,,False,0,,0,14,"October 8, 2025 at 11:46 PM"
Costco,domain,1976067336923906094,https://x.com/slugger0123/status/1976067336923906094,@yukihiro_costco FBA,909217926351282176,,False,0,,0,22,"October 8, 2025 at 11:29 PM"
Costco,domain,1976066918521110621,https://x.com/threedogsbarked/status/1976066918521110621,@yukihiro_costco FBA,113255240,,False,0,,0,40,"October 8, 2025 at 11:27 PM"
Costco,domain,1976065212160831916,https://x.com/ayu_lucky8/status/1976065212160831916,@yukihiro_costco FBA,763014194526425090,,False,0,MNP知りたい方は「MNP」とメッセージをください☺↓ ↓,0,30,"October 8, 2025 at 11:20 PM"
Costco,domain,1976064148862910637,https://x.com/ryuj06068365/status/1976064148862910637,@yukihiro_costco FBA,1413494537339555850,,False,0,,1,74,"October 8, 2025 at 11:16 PM"
Costco,domain,1976063702471430556,https://x.com/ninowbmaster/status/1976063702471430556,@yukihiro_costco FBA,4375457413,,False,0,,0,49,"October 8, 2025 at 11:14 PM"
Costco,domain,1976060211187089764,https://x.com/BobbyOnWallSt/status/1976060211187089764,$COST Costco Wholesale Corporation shares are trading higher after the company released positive September sales figures.,1277856547297562624,,False,0,Trade better →,2,695,"October 8, 2025 at 11:00 PM"
Costco,domain,1976058970575122456,https://x.com/nQv9AYCJtu8CiWX/status/1976058970575122456,@yukihiro_costco FBA,1539533027822698497,,False,0,,0,49,"October 8, 2025 at 10:55 PM"
Costco,domain,1976057910007619727,https://x.com/kyn_msy88/status/1976057910007619727,@yukihiro_costco FBA,1635530267271237632,,False,0,,1,102,"October 8, 2025 at 10:51 PM"
Costco,domain,1976055657729286444,https://x.com/tatsunbo0_0/status/1976055657729286444,@yukihiro_costco FBA,3420587353,,False,0,関西,0,16,"October 8, 2025 at 10:42 PM"
Costco,domain,1976053702407708673,https://x.com/271ky1B4zXI4hTl/status/1976053702407708673,@yukihiro_costco FBA,1559910724776136709,,False,0,,0,43,"October 8, 2025 at 10:34 PM"
Costco,domain,1976053315223097824,https://x.com/saruuup_p/status/1976053315223097824,@yukihiro_costco FBA,4887599829,,False,0,,0,41,"October 8, 2025 at 10:33 PM"
Costco,domain,1976052543508840678,https://x.com/XPPfIH98ic96372/status/1976052543508840678,@yukihiro_costco FBA,1770586965232300032,,False,0,,0,36,"October 8, 2025 at 10:30 PM"
Costco,domain,1976051161418563904,https://x.com/junak0317yahoo1/status/1976051161418563904,@yukihiro_costco FBA,1070146888156905472,,False,0,東京 足立区,1,60,"October 8, 2025 at 10:24 PM"
Costco,domain,1976050489574948907,https://x.com/ROOM718951431/status/1976050489574948907,@yukihiro_costco FBA,1331604448511107073,,False,0,,0,15,"October 8, 2025 at 10:22 PM"
Costco,domain,1976047538689146977,https://x.com/saori67shiba/status/1976047538689146977,@yukihiro_costco FBA,1833510386664148995,,False,0,日本 福岡,0,106,"October 8, 2025 at 10:10 PM"
Costco,domain,1976047007887392787,https://x.com/T_on4636/status/1976047007887392787,@yukihiro_costco FBA,889329780772007938,,False,0,,0,35,"October 8, 2025 at 10:08 PM"
Costco,domain,1976045227422122412,https://x.com/teana6325/status/1976045227422122412,@yukihiro_costco FBA,3438025180,,False,0,,0,26,"October 8, 2025 at 10:01 PM"
Costco,domain,1976043516481634738,https://x.com/ya_chy/status/1976043516481634738,@yukihiro_costco FBA,268318137,,False,0,さいたま,0,41,"October 8, 2025 at 09:54 PM"
Costco,domain,1976038902625644724,https://x.com/Gecko_0326/status/1976038902625644724,@yukihiro_costco FBA,1507609621980016642,,False,0,,0,64,"October 8, 2025 at 09:36 PM"
Costco,domain,1976035600701718536,https://x.com/keepaseven/status/1976035600701718536,@yukihiro_costco FBA,715097130206044160,,False,0,,1,69,"October 8, 2025 at 09:22 PM"
Costco,domain,1976035534607994972,https://x.com/h3JTUx8osjgEuEf/status/1976035534607994972,@yukihiro_costco FBA,1088369868355727360,,False,0,,0,140,"October 8, 2025 at 09:22 PM"
Costco,domain,1976034823061024969,https://x.com/8bV9bxe5fNpTqsm/status/1976034823061024969,@yukihiro_costco いいね&amp;季節,1470772227969024001,,False,0,,0,11,"October 8, 2025 at 09:19 PM"
Costco,domain,1976032094787920156,https://x.com/FlintPoliceOps/status/1976032094787920156,Costco,312693069,,False,0,United States of America ,0,100,"October 8, 2025 at 09:08 PM"
Costco,domain,1976032037825052959,https://x.com/79zPnHlU42XgVKY/status/1976032037825052959,@yukihiro_costco FBA,1285576200736264194,,False,0,,0,37,"October 8, 2025 at 09:08 PM"
Costco,domain,1976028709376434417,https://x.com/diet20230330/status/1976028709376434417,@yukihiro_costco FBA,1644133059476996098,,False,0,,0,31,"October 8, 2025 at 08:55 PM"
Costco,domain,1976025067319636031,https://x.com/soulsurfer0731/status/1976025067319636031,@yukihiro_costco FBA,852085041387589633,,False,0,,0,83,"October 8, 2025 at 08:41 PM"
Costco,domain,1976023392060113276,https://x.com/hiroko_tokyox/status/1976023392060113276,@yukihiro_costco FBA,2279078148,,False,0,💋LINE登録はこちら➡️,0,60,"October 8, 2025 at 08:34 PM"
Costco,domain,1976021925987340797,https://x.com/Zakcey6891/status/1976021925987340797,@yukihiro_costco FBA,905629312644038657,,False,0,,0,98,"October 8, 2025 at 08:28 PM"
Costco,domain,1976021175743443291,https://x.com/FirstSquawk/status/1976021175743443291,"Costco Reports September Net Sales of $26.58 Billion, Up 8% Year Over Year, with US Comparable Sales Increasing 5.1%, Canadian Sales Up 6.3%, and International Sales Growing 8.5%.",3295423333,,False,0,"London, Mumbai, Singapore",21,13889,"October 8, 2025 at 08:25 PM"
Costco,domain,1976018178657362168,https://x.com/2hqVRTzFgayRDWq/status/1976018178657362168,@yukihiro_costco FBA,1330355667274772483,,False,0,,0,32,"October 8, 2025 at 08:13 PM"
Costco,domain,1976016680649437301,https://x.com/pupupuyoshi/status/1976016680649437301,@yukihiro_costco FBA,2177108664,,False,0,,0,26,"October 8, 2025 at 08:07 PM"
Costco,domain,1975956166594498788,https://x.com/kamu06616216/status/1975956166594498788,@yukihiro_costco FBA,1345017152810618884,,False,0,,0,46,"October 8, 2025 at 04:07 PM"
Costco,domain,1975954824761139587,https://x.com/z8rN0TR0jbuhNg5/status/1975954824761139587,@yukihiro_costco FBA,1265524608498913280,,False,0,,1,59,"October 8, 2025 at 04:01 PM"
Costco,domain,1975949298023166156,https://x.com/ich2pan2/status/1975949298023166156,@yukihiro_costco FBA,1472486996681846794,,False,0,,2,65,"October 8, 2025 at 03:39 PM"
Costco,domain,1975948183697318020,https://x.com/girichan_/status/1975948183697318020,@yukihiro_costco FBA,1413286589724119041,,False,0,,0,37,"October 8, 2025 at 03:35 PM"
Costco,domain,1975947329925796135,https://x.com/yuki_towa2/status/1975947329925796135,@yukihiro_costco FBA,840791602230513664,,False,0,,0,54,"October 8, 2025 at 03:32 PM"
Costco,domain,1975945280278470791,https://x.com/ramentaberogu/status/1975945280278470791,@yukihiro_costco FBA,848449040119349248,,False,0,段ボールハウス🏠,0,72,"October 8, 2025 at 03:24 PM"
Costco,domain,1975943789706621384,https://x.com/100Akita100/status/1975943789706621384,@yukihiro_costco FBA,1477801413963321344,,False,0,秋田県,1,95,"October 8, 2025 at 03:18 PM"
Costco,domain,1975942202296811576,https://x.com/sedori_business/status/1975942202296811576,@yukihiro_costco FBA,1908137705571254273,,False,0,,0,44,"October 8, 2025 at 03:11 PM"
Costco,domain,1975940142008603033,https://x.com/horadanuki/status/1975940142008603033,@yukihiro_costco FBA,1794457444896411648,,False,0,,0,72,"October 8, 2025 at 03:03 PM"
Costco,domain,1975937080753815919,https://x.com/eduinvestingin/status/1975937080753815919,"Welspun Living Ltd – ₹11,000 Crore Towel Empire Wiping Out Profits Faster Than Spills — 1. At a Glance Welspun Living Ltd, the global towel-to-bedsheet-to-flooring kingpin, is that Gujarati textile juggernaut which supplies to Walmart, Costco, Tesco –… https://t.co/dXQrESYl2c",2840139794,,False,0,Mumbai,0,196,"October 8, 2025 at 02:51 PM"
Costco,domain,1975935986304717147,https://x.com/TNK_chamo/status/1975935986304717147,@yukihiro_costco FBA,1317387341212708869,,False,0,,0,95,"October 8, 2025 at 02:47 PM"
Costco,domain,1975935983641309368,https://x.com/KFp8W7IeTC3161/status/1975935983641309368,@yukihiro_costco FBA,1790597859685072897,,False,0,,0,32,"October 8, 2025 at 02:47 PM"
Costco,domain,1975934309635907644,https://x.com/fukuhara_ad/status/1975934309635907644,@yukihiro_costco FBA,1648116556923289601,,False,0,,0,70,"October 8, 2025 at 02:40 PM"
Costco,domain,1975933512583872996,https://x.com/pb4AgvHiZV57055/status/1975933512583872996,@yukihiro_costco FBA,1848723623777079299,,False,0,,1,122,"October 8, 2025 at 02:37 PM"
Costco,domain,1975931094760591418,https://x.com/chokopietwitte5/status/1975931094760591418,@yukihiro_costco FBA,2911739731,,False,0,,0,32,"October 8, 2025 at 02:27 PM"
Costco,domain,1975930623182373002,https://x.com/setosetoseto123/status/1975930623182373002,@yukihiro_costco FBA,1662309277506371586,,False,0,,0,31,"October 8, 2025 at 02:25 PM"
Costco,domain,1975929999757840751,https://x.com/sakuzou0556/status/1975929999757840751,@yukihiro_costco FBA,1198995535258013696,,False,0,神奈川,0,109,"October 8, 2025 at 02:23 PM"
Costco,domain,1975929685071831157,https://x.com/gZJ2Q2wEf85BOVl/status/1975929685071831157,@yukihiro_costco FBA,1123152985851252737,,False,0,京都市南区東九条松田町137-22,0,35,"October 8, 2025 at 02:22 PM"
Costco,domain,1975926637985435703,https://x.com/golf_asa/status/1975926637985435703,@yukihiro_costco FBA,1730245616150933504,,False,0,,0,81,"October 8, 2025 at 02:09 PM"
Costco,domain,1975924088423022770,https://x.com/15_7915/status/1975924088423022770,@yukihiro_costco FBA,2790791526,,False,0,日本,0,45,"October 8, 2025 at 01:59 PM"
Costco,domain,1975922915289051347,https://x.com/takarin_sedori/status/1975922915289051347,@yukihiro_costco FBA,1213504251848085506,,False,0,,0,38,"October 8, 2025 at 01:55 PM"
Costco,domain,1975921952121348301,https://x.com/waraiotoko__01/status/1975921952121348301,@yukihiro_costco FBA,1606788908037332992,,False,0,,0,100,"October 8, 2025 at 01:51 PM"
Costco,domain,1975921011473236160,https://x.com/tksedoribuppan/status/1975921011473236160,@yukihiro_costco FBA,1389482674536865795,,False,0,,0,51,"October 8, 2025 at 01:47 PM"
Costco,domain,1975920102609719374,https://x.com/mercy_dq10/status/1975920102609719374,@yukihiro_costco FBA,920314518,,False,0,,0,33,"October 8, 2025 at 01:43 PM"
Costco,domain,1975919907243163840,https://x.com/ec_research/status/1975919907243163840,@yukihiro_costco FBA,1787008179907547137,,False,0,インターネット,0,133,"October 8, 2025 at 01:43 PM"
Costco,domain,1975917700246548565,https://x.com/lB5SDeCQZF5489/status/1975917700246548565,@yukihiro_costco FBA,1801499803903483904,,False,0,,1,62,"October 8, 2025 at 01:34 PM"
Costco,domain,1975915387339596236,https://x.com/SakanakunSedori/status/1975915387339596236,@yukihiro_costco FBA,1277134429920493570,,False,0,,0,90,"October 8, 2025 at 01:25 PM"
Costco,domain,1975914051768320124,https://x.com/Chupao4051/status/1975914051768320124,@yukihiro_costco FBA,1026805638016319489,,False,0,,0,67,"October 8, 2025 at 01:19 PM"
Costco,domain,1975913540482666981,https://x.com/kanmakinote/status/1975913540482666981,@yukihiro_costco FBA,1923197602104999939,,False,0,,0,130,"October 8, 2025 at 01:17 PM"
Costco,domain,1975913493913391522,https://x.com/hh_oo_o/status/1975913493913391522,@yukihiro_costco FBA,759026917,,False,0,,1,88,"October 8, 2025 at 01:17 PM"
Costco,domain,1975912438731248028,https://x.com/ryt_t13/status/1975912438731248028,@yukihiro_costco FBA,1541714982211325953,,False,0,,0,89,"October 8, 2025 at 01:13 PM"
Costco,domain,1975911336262717837,https://x.com/savetheday21/status/1975911336262717837,@yukihiro_costco FBA,1453989693737951235,,False,0,,0,59,"October 8, 2025 at 01:09 PM"
Costco,domain,1975910966396375066,https://x.com/keikei844/status/1975910966396375066,@yukihiro_costco FBA,177435628,,False,0,Japan Osaka,0,78,"October 8, 2025 at 01:07 PM"
Costco,domain,1975908229772448095,https://x.com/skobaya222/status/1975908229772448095,@yukihiro_costco FBA,988731610353692672,,False,0,,0,64,"October 8, 2025 at 12:56 PM"
Costco,domain,1975907778595360797,https://x.com/spirits_act03/status/1975907778595360797,@yukihiro_costco FBA,176880459,,False,0,"Nara-shi, Nara",2,106,"October 8, 2025 at 12:54 PM"
Costco,domain,1975907607983657151,https://x.com/denit301/status/1975907607983657151,@yukihiro_costco FBA,1645708647115407361,,False,0,👇プレ値商品リストの受け取りはこちらから,2,283,"October 8, 2025 at 12:54 PM"
Costco,domain,1975906553300762629,https://x.com/zakiyama_sedori/status/1975906553300762629,@yukihiro_costco FBA,1229467108523663360,,False,0,,0,46,"October 8, 2025 at 12:50 PM"
Costco,domain,1975905920699031895,https://x.com/yamiyami_83_/status/1975905920699031895,@yukihiro_costco FBA,1782418334484750336,,False,0,,0,32,"October 8, 2025 at 12:47 PM"
Costco,domain,1975905581270811015,https://x.com/ajtpgjamwt/status/1975905581270811015,@yukihiro_costco FBA,1475060671318753280,,False,0,,0,150,"October 8, 2025 at 12:46 PM"
Costco,domain,1975905319172927676,https://x.com/ttpjgdjw/status/1975905319172927676,@yukihiro_costco FBA,1886267100907663360,,False,0,,1,129,"October 8, 2025 at 12:45 PM"
Costco,domain,1975904741805994383,https://x.com/Wawawa71647789/status/1975904741805994383,@yukihiro_costco FBA,1213090964429922306,,False,0,,0,87,"October 8, 2025 at 12:42 PM"
Costco,domain,1975904685862375440,https://x.com/sgsgsedori/status/1975904685862375440,@yukihiro_costco FBA,1428276625905360898,,False,0,,0,30,"October 8, 2025 at 12:42 PM"
Costco,domain,1975902051327688918,https://x.com/takeruuuuun1/status/1975902051327688918,@yukihiro_costco FBA,3306510174,,False,0,神奈川県,0,71,"October 8, 2025 at 12:32 PM"
Costco,domain,1975901867986272689,https://x.com/yorucafe_sub/status/1975901867986272689,@yukihiro_costco FBA,1918649010463907840,,False,0,,1,37,"October 8, 2025 at 12:31 PM"
Costco,domain,1975901566428422477,https://x.com/domodomo0321/status/1975901566428422477,@yukihiro_costco FBA,3413016385,,False,0,,1,102,"October 8, 2025 at 12:30 PM"
Costco,domain,1975901097375285266,https://x.com/twG2yMO6GKkp1to/status/1975901097375285266,@yukihiro_costco FBA,1019233863942340608,,False,0,,0,24,"October 8, 2025 at 12:28 PM"
Costco,domain,1975900386956546431,https://x.com/arart358/status/1975900386956546431,@yukihiro_costco FBA,955075060712140800,,False,0,日本,1,77,"October 8, 2025 at 12:25 PM"
Costco,domain,1975900314554577034,https://x.com/aminoopp/status/1975900314554577034,@yukihiro_costco FBA,192490801,,False,0,東海,0,196,"October 8, 2025 at 12:25 PM"
Costco,domain,1975899336472223745,https://x.com/yusuke_nomad/status/1975899336472223745,@yukihiro_costco FBA,3283752012,,False,0,,0,60,"October 8, 2025 at 12:21 PM"
Costco,domain,1975898852302705124,https://x.com/QM1TOAQR0URv1yB/status/1975898852302705124,@yukihiro_costco FBA,1387542412122222593,,False,0,,0,69,"October 8, 2025 at 12:19 PM"
Costco,domain,1975898740868464692,https://x.com/yu_uy___v/status/1975898740868464692,@yukihiro_costco FBA,865550992128884738,,False,0,日本,0,42,"October 8, 2025 at 12:19 PM"
Costco,domain,1975898094324908233,https://x.com/miugolf421/status/1975898094324908233,@yukihiro_costco FBA,1032249659501109250,,False,0,,0,113,"October 8, 2025 at 12:16 PM"
Costco,domain,1975897673455853936,https://x.com/shindanshi1124/status/1975897673455853936,@yukihiro_costco FBA,1282668107287298048,,False,0,,0,27,"October 8, 2025 at 12:14 PM"
Costco,domain,1975897387932819707,https://x.com/yunyu_toushi/status/1975897387932819707,@yukihiro_costco FBA,1811199940984803328,,False,0,,0,119,"October 8, 2025 at 12:13 PM"
Costco,domain,1975896960524804228,https://x.com/105Temp/status/1975896960524804228,@yukihiro_costco FBA,2922316968,,False,0,,0,121,"October 8, 2025 at 12:12 PM"
Costco,domain,1975894914472042840,https://x.com/Toshiki_spyd/status/1975894914472042840,@yukihiro_costco FBA,244423334,,False,0,タメ口で大丈夫です。コメント頂けると嬉しいです。,0,114,"October 8, 2025 at 12:03 PM"
Costco,domain,1975894378431623215,https://x.com/kiyomizu9977/status/1975894378431623215,@yukihiro_costco FBA,956802869126094850,,False,0,日本,0,181,"October 8, 2025 at 12:01 PM"
Costco,domain,1975894097362825593,https://x.com/excbc2/status/1975894097362825593,@yukihiro_costco FBA,1364972083319463938,,False,0,,0,83,"October 8, 2025 at 12:00 PM"
Costco,domain,1975894052223754429,https://x.com/zettaifreeman/status/1975894052223754429,@yukihiro_costco FBA,1177176599440969728,,False,0,,0,108,"October 8, 2025 at 12:00 PM"
Costco,domain,1975893295734968437,https://x.com/Z87uMaUiXklwsIy/status/1975893295734968437,@yukihiro_costco FBA,1537252125876449281,,False,0,,0,133,"October 8, 2025 at 11:57 AM"
Costco,domain,1975891717216936395,https://x.com/matchappnfo/status/1975891717216936395,@yukihiro_costco FBA,1909176021066379264,,False,0,,0,55,"October 8, 2025 at 11:51 AM"
Costco,domain,1975891021650379216,https://x.com/merumaga5100/status/1975891021650379216,@yukihiro_costco FBA,717605961003769856,,False,0,【0→1】完全初心者でも月5万円稼げる動画を無料で見る👇,0,89,"October 8, 2025 at 11:48 AM"
Costco,domain,1975890343683068189,https://x.com/kingyo234/status/1975890343683068189,@yukihiro_costco FBA,95660032,,False,0,東京都,0,43,"October 8, 2025 at 11:45 AM"
Costco,domain,1975889806917038227,https://x.com/Takahisa1386452/status/1975889806917038227,@yukihiro_costco FBA,1949351964040712192,,False,0,,1,236,"October 8, 2025 at 11:43 AM"
Costco,domain,1975889418495132078,https://x.com/kopi_sedori/status/1975889418495132078,@yukihiro_costco FBA,1565329245454229504,,False,0,,0,90,"October 8, 2025 at 11:42 AM"
Costco,domain,1975889118673682586,https://x.com/enjoynt11/status/1975889118673682586,@yukihiro_costco FBA,901076668277604352,,False,0,沖縄 北谷町,0,33,"October 8, 2025 at 11:40 AM"
Costco,domain,1975888849722363919,https://x.com/MasatoHobbyHunt/status/1975888849722363919,@yukihiro_costco FBA,1222295660168220672,,False,0,,0,146,"October 8, 2025 at 11:39 AM"
Costco,domain,1975888497534988758,https://x.com/SEDORISUTO/status/1975888497534988758,@yukihiro_costco FBA,1836813520824061952,,False,0,大阪,0,42,"October 8, 2025 at 11:38 AM"
Costco,domain,1975888202675466306,https://x.com/x4Avu1O29JknDum/status/1975888202675466306,@yukihiro_costco FBA,1423686563641249795,,False,0,,0,45,"October 8, 2025 at 11:37 AM"
Costco,domain,1975887187494543850,https://x.com/gvpko07rs/status/1975887187494543850,@yukihiro_costco FBA,898044821364809728,,False,0,日本,0,94,"October 8, 2025 at 11:33 AM"
Costco,domain,1975885926892282186,https://x.com/syuu4483yuu/status/1975885926892282186,@yukihiro_costco FBA,2814600763,,False,0,,0,69,"October 8, 2025 at 11:28 AM"
Costco,domain,1975885320295268509,https://x.com/DrBlackPanther/status/1975885320295268509,@yukihiro_costco FBA,957115820731113472,,False,0,東京 ,0,40,"October 8, 2025 at 11:25 AM"
Costco,domain,1975884668043223138,https://x.com/susanoo_AQUA/status/1975884668043223138,@yukihiro_costco FBA,940375161148129280,,False,0,,0,167,"October 8, 2025 at 11:23 AM"
Costco,domain,1975882542298628242,https://x.com/j0314oker/status/1975882542298628242,@yukihiro_costco FBA,1333363520079949825,,False,0,,0,64,"October 8, 2025 at 11:14 AM"
Costco,domain,1975881611339325759,https://x.com/Fernand69787/status/1975881611339325759,Costco,1962880496532062209,,False,0,Everywhere ,0,60,"October 8, 2025 at 11:11 AM"
Costco,domain,1975876657669194143,https://x.com/tani_base/status/1975876657669194143,@yukihiro_costco FBA,1917720888805580802,,False,0,,0,49,"October 8, 2025 at 10:51 AM"
Costco,domain,1975875221728231589,https://x.com/christ10270/status/1975875221728231589,@yukihiro_costco FBA,1033167967452712960,,False,0,,1,86,"October 8, 2025 at 10:45 AM"
Costco,domain,1975875161057570821,https://x.com/IRLsyhsefv9CA8h/status/1975875161057570821,@yukihiro_costco FBA,3259037192,,False,0,日本 大阪,0,62,"October 8, 2025 at 10:45 AM"
Costco,domain,1975873923276591107,https://x.com/kenchirozz/status/1975873923276591107,@yukihiro_costco FBA,1827627535808786433,,False,0,,0,117,"October 8, 2025 at 10:40 AM"
Costco,domain,1975873341073592509,https://x.com/Panapptaro/status/1975873341073592509,@yukihiro_costco FBA,1665885983697682434,,False,0,,0,123,"October 8, 2025 at 10:38 AM"
Costco,domain,1975858789267173481,https://x.com/sato_life50/status/1975858789267173481,@yukihiro_costco 知りたい,1956007075835707394,,False,0,,0,21,"October 8, 2025 at 09:40 AM"
Costco,domain,1975858140471083352,https://x.com/sato_life50/status/1975858140471083352,@yukihiro_costco 知りたい,1956007075835707394,,False,0,,0,20,"October 8, 2025 at 09:37 AM"
Costco,domain,1975857861038363129,https://x.com/sato_life50/status/1975857861038363129,@yukihiro_costco 知りたい,1956007075835707394,,False,0,,0,24,"October 8, 2025 at 09:36 AM"
Costco,domain,1975849096117379367,https://x.com/Girishindu1/status/1975849096117379367,"ABD borsasında abonelik sistemi ile çalışan kaliteli şirketler 👑

🏛️ London Stock Exchange ( $LSEG): Finansal veri ve analiz hizmetlerinden abonelik geliri.

🛍️ Costco ( $COST ): Üyelik tabanlı perakende modeliyle tanınan Costco, yüksek müşteri sadakati ve düzenli gelir akışı",983883630,,False,0,tak di ketahui,0,22,"October 8, 2025 at 09:01 AM"
Costco,domain,1975825441148809243,https://x.com/iketeru2021/status/1975825441148809243,@yukihiro_costco 季節,1390828454350778371,,False,0,大阪府,0,20,"October 8, 2025 at 07:27 AM"
Costco,domain,1975800081011122568,https://x.com/kai_happy1412/status/1975800081011122568,@yukihiro_costco 季節,1499700997887004673,,False,0,,0,14,"October 8, 2025 at 05:47 AM"
Costco,domain,1975766478118134249,https://x.com/lDja2MrolKXJGTk/status/1975766478118134249,@yukihiro_costco 季節,1366252176297791491,,False,0,,0,16,"October 8, 2025 at 03:33 AM"
Costco,domain,1975762977182859425,https://x.com/makkysedori/status/1975762977182859425,@yukihiro_costco 季節,1753452960754130944,,False,0,,1,23,"October 8, 2025 at 03:19 AM"
Costco,domain,1975756267994939878,https://x.com/Amycrocker76Amy/status/1975756267994939878,Help me win this great Books and Costco GC giveaway from @FreshFiction and you can enter too! https://t.co/MLre8O2f48,3010704366,,False,0,"Austin, TX, USA",0,9,"October 8, 2025 at 02:52 AM"
Costco,domain,1975743723163013410,https://x.com/SStrode/status/1975743723163013410,Help me win this great Books and Costco GC giveaway from @FreshFiction and you can enter too! https://t.co/Ty3I4BNVOy,341018943,,False,0,Kentucky US,0,18,"October 8, 2025 at 02:03 AM"
Costco,domain,1975726130239029544,https://x.com/TANDRETANDRE/status/1975726130239029544,@yukihiro_costco いいね&amp;季節,1310910592404783105,,False,0,,0,33,"October 8, 2025 at 12:53 AM"
Costco,domain,1975721155815481374,https://x.com/hakkakun_0606/status/1975721155815481374,@yukihiro_costco 季節,1639718159539400704,,False,0,日本 宮城,0,39,"October 8, 2025 at 12:33 AM"
Costco,domain,1975712918244315328,https://x.com/DougYunk2424/status/1975712918244315328,@TrumpsHurricane Costco,1966523789958881280,,False,0,,2,11,"October 8, 2025 at 12:00 AM"
