Subject,Dataset,Tweet ID,URL,Content,Author ID,Author Username,Author Blue Verified (T/F),Followers,Author Location,Likes,Views,Date,Original User Sentiment
Keir Starmer (UK PM),codomain,1967326920900829649,https://x.com/angela_sarco/status/1967326920900829649,say somthing,468909680,angela_sarco,False,45,,0,925,"September 14, 2025 at 08:37 PM",Positive
Keir Starmer (UK PM),codomain,1975989114592952379,https://x.com/arthelow1/status/1975989114592952379,RT @elonmusk: Protesting attempted rape is punished more than attempted rape in Britain …,818721227388882944,arthelow1,False,2269,Hertfordshire ,297361,26092080,"October 8, 2025 at 06:18 PM",Positive
Keir Starmer (UK PM),codomain,1961427513730547914,https://x.com/JR137777/status/1961427513730547914,Traitors,1865852652418146304,JR137777,False,87,,0,8,"August 29, 2025 at 01:55 PM",Positive
Keir Starmer (UK PM),codomain,1974726198216593417,https://x.com/sarpnch1979/status/1974726198216593417,"RT @mrvickypoonia: 🚨सनातनी प्रमोशन🚨

हर शाम 7 बजे 

200 फॉलोवर्स इंस्ट्रक्शन फॉलो करने से बढ़ते

1 Rt करके अपनी 🆔 Reply में मेंशन करे
2 Rt…",2972544247,sarpnch1979,False,723,Sangaria,14,449,"October 5, 2025 at 06:39 AM",Positive
Keir Starmer (UK PM),codomain,1532101087376789504,https://x.com/F16CFalconUSA/status/1532101087376789504,😂,948258971143385088,F16CFalconUSA,False,1316,🌎 ,34,0,"June 1, 2022 at 08:45 PM",Positive
Keir Starmer (UK PM),codomain,1562045518263382016,https://x.com/F16CFalconUSA/status/1562045518263382016,😂🤣,948258971143385088,F16CFalconUSA,False,1316,🌎 ,1,0,"August 23, 2022 at 11:54 AM",Positive
Keir Starmer (UK PM),codomain,1955536194370146756,https://x.com/RajChand2211/status/1955536194370146756,#VoteChori,3180727399,RajChand2211,True,151,"Mumbai, India",1,17,"August 13, 2025 at 07:45 AM",Positive
Keir Starmer (UK PM),codomain,1975471335745655294,https://x.com/nedugabs/status/1975471335745655294,"My appeal is simple: governance must always balance law with compassion. A government should not pride itself on being legally correct if, in the process, it becomes morally wrong. Justice, to be just, must be tempered with mercy.  These demolitions are a test of our collective humanity, justice, and compassion. Power must always be exercised with empathy  -  for it is in how we treat the vulnerable that the true character of leadership is revealed.  A new Nigeria is POssible. -PO",843185208270688257,nedugabs,True,3367,"Lagos, Nigeria",0,50,"October 7, 2025 at 08:00 AM",Positive
Keir Starmer (UK PM),codomain,1970229882530549975,https://x.com/pompeyray28/status/1970229882530549975,#StarmerOut,87407335,pompeyray28,False,1641,,52,1109,"September 22, 2025 at 08:53 PM",Positive
Keir Starmer (UK PM),codomain,1967549548492214427,https://x.com/pompeyray28/status/1967549548492214427,#StarmerOut,87407335,pompeyray28,False,1641,,20,1115,"September 15, 2025 at 11:22 AM",Positive
Keir Starmer (UK PM),codomain,1827258996312400142,https://x.com/melisafredes/status/1827258996312400142,Award-winning analyst. Devoted troublemaker. Passionate bacon geek. Typical coffee enthusiast. Total music fanatic.,257030806,melisafredes,False,10,,0,8,"August 24, 2024 at 08:17 AM",Positive
Keir Starmer (UK PM),codomain,1825289752163303865,https://x.com/melisafredes/status/1825289752163303865,"Coral reefs protect coastlines, provide habitats for marine life, and support fisheries, contributing to the livelihoods of millions.",257030806,melisafredes,False,10,,0,6,"August 18, 2024 at 09:52 PM",Positive
Keir Starmer (UK PM),codomain,1976267650633433491,https://x.com/bbww99/status/1976267650633433491,RT @elonmusk: Protesting attempted rape is punished more than attempted rape in Britain …,101443673,bbww99,False,78,uk,297409,26094739,"October 9, 2025 at 12:44 PM",Positive
Keir Starmer (UK PM),codomain,1972392129793269930,https://x.com/DelhiCameraman/status/1972392129793269930,"RT @sudhirchaudhary: BREAKING : Indian team has refused to accept Asia Cup trophy from Pakistan minister and ACC chief Mohsin Naqvi
#AsiaCu…",946965667323846656,DelhiCameraman,False,3,"North West Delhi, India",10112,176385,"September 28, 2025 at 08:05 PM",Positive
Keir Starmer (UK PM),codomain,1972385421851230655,https://x.com/DelhiCameraman/status/1972385421851230655,"RT @narendramodi: #OperationSindoor on the games field. 

Outcome is the same - India wins!

Congrats to our cricketers.",946965667323846656,DelhiCameraman,False,3,"North West Delhi, India",526050,43265685,"September 28, 2025 at 07:38 PM",Positive
Keir Starmer (UK PM),codomain,1974961051046425076,https://x.com/romfordgeeza/status/1974961051046425076,🤔,393221287,romfordgeeza,False,2954,Romford,0,68,"October 5, 2025 at 10:13 PM",Positive
Keir Starmer (UK PM),codomain,1881258639887151472,https://x.com/DaveWhitehous10/status/1881258639887151472,Brilliant,3399058492,DaveWhitehous10,False,1784,,1,186,"January 20, 2025 at 08:33 AM",Positive
Keir Starmer (UK PM),codomain,1881371191291850770,https://x.com/DaveWhitehous10/status/1881371191291850770,Brilliant,3399058492,DaveWhitehous10,False,1784,,0,129,"January 20, 2025 at 04:00 PM",Positive
Keir Starmer (UK PM),codomain,1890429313700270503,https://x.com/DaveWhitehous10/status/1890429313700270503,lol,3399058492,DaveWhitehous10,False,1784,,1,135,"February 14, 2025 at 03:54 PM",Positive
Keir Starmer (UK PM),codomain,1962039130323365899,https://x.com/DaveWhitehous10/status/1962039130323365899,Brilliant,3399058492,DaveWhitehous10,False,1784,,0,148,"August 31, 2025 at 06:25 AM",Positive
Keir Starmer (UK PM),codomain,1976255180132974660,https://x.com/jedigardener/status/1976255180132974660,"RT @BritishLandeur: People are upset that Robert Jenrick said he didn't see a single White face in Handsworth, and that it was a slum. 

We…",294727575,jedigardener,False,1700,,17766,451602,"October 9, 2025 at 11:55 AM",Positive
Keir Starmer (UK PM),codomain,1976014688560513042,https://x.com/jedigardener/status/1976014688560513042,"RT @PeterSweden7: Britain now has the most number of r*pes in Europe.

Sweden has the second most number of r*pes in Europe.

What went wro…",294727575,jedigardener,False,1700,,56852,1279190,"October 8, 2025 at 07:59 PM",Positive
Keir Starmer (UK PM),codomain,1976301633416900991,https://x.com/jeffries_p46145/status/1976301633416900991,RT @juneslater17: Calling Farage and Reform the enemy was probably the biggest verbal mistake of his unpopular administration,1840153598052749313,jeffries_p46145,True,6487,ISLE OF WIGHT England,1488,40319,"October 9, 2025 at 03:00 PM",Positive
Keir Starmer (UK PM),codomain,1976321393714225305,https://x.com/rohisush/status/1976321393714225305,"RT @narendramodi: India-UK friendship is on the move and is filled with great vigour! 

A picture from earlier today, when my friend PM Sta…",2717152422,rohisush,True,5986,Bharat ,30399,622080,"October 9, 2025 at 04:18 PM",Positive
Keir Starmer (UK PM),codomain,1976321138381955416,https://x.com/rohisush/status/1976321138381955416,RT @narendramodi: India has always supported the creation of a global framework for Ethical AI. https://t.co/MqMbPGncAp,2717152422,rohisush,True,5986,Bharat ,7278,220228,"October 9, 2025 at 04:17 PM",Positive
Keir Starmer (UK PM),codomain,1976321122531701217,https://x.com/rohisush/status/1976321122531701217,"RT @narendramodi: We are not only sharing technology with other nations but also helping them develop it. This is not Digital Aid, it is Di…",2717152422,rohisush,True,5986,Bharat ,5324,146403,"October 9, 2025 at 04:17 PM",Positive
Keir Starmer (UK PM),codomain,1976320966314819774,https://x.com/rohisush/status/1976320966314819774,RT @narendramodi: Glad to have taken part in the Global Fintech Fest 2025 in Mumbai with PM Keir Starmer. Platforms like this highlight our…,2717152422,rohisush,True,5986,Bharat ,17399,450821,"October 9, 2025 at 04:16 PM",Positive
Keir Starmer (UK PM),codomain,1976321354397110600,https://x.com/LorrettaWetmor2/status/1976321354397110600,RT @narendramodi: Welcome Prime Minister Keir Starmer on your historic first visit to India with the largest ever trade delegation from the…,1633830368536297473,LorrettaWetmor2,False,28,,118367,8828332,"October 9, 2025 at 04:18 PM",Positive
Keir Starmer (UK PM),codomain,1976265746498875413,https://x.com/RobertJ95156615/status/1976265746498875413,"RT @wideawake_media: Former Bank of England deputy Jon Cunliffe compares ""Britcoin""—the UK's incoming CBDC—to ""giving your children pocket…",1196431602873753600,RobertJ95156615,False,1220,,1975,72242,"October 9, 2025 at 12:37 PM",Positive
Keir Starmer (UK PM),codomain,1976325469881741704,https://x.com/RobertJ95156615/status/1976325469881741704,"RT @Artemisfornow: Remember the dancing nurses videos? How broken they all were, how exhausted?

Remember we told you it was bollocks? Well…",1196431602873753600,RobertJ95156615,False,1220,,1241,16680,"October 9, 2025 at 04:34 PM",Positive
Keir Starmer (UK PM),codomain,1976322868339458469,https://x.com/RobertJ95156615/status/1976322868339458469,"RT @SaulStaniforth: The regulator Ofwat has ruled that 5 private water companies can raise bills by even more than previously agreed

A rem…",1196431602873753600,RobertJ95156615,False,1220,,2031,89324,"October 9, 2025 at 04:24 PM",Positive
Keir Starmer (UK PM),codomain,1976321863509999755,https://x.com/RobertJ95156615/status/1976321863509999755,"RT @Basil_TGMD: Muslims in Britain say if you put up a Union Jack 🇬🇧 in an 'immigrant area' you'll be beaten up and attacked

Mass deportat…",1196431602873753600,RobertJ95156615,False,1220,,6334,85791,"October 9, 2025 at 04:20 PM",Positive
Keir Starmer (UK PM),codomain,1976045580825788622,https://x.com/RobertJ95156615/status/1976045580825788622,"RT @GBNEWS: 'I will not be having digital ID put me in prison. Not a problem. I will not be having digital ID and I really mean it!'

@Nige…",1196431602873753600,RobertJ95156615,False,1220,,15840,430983,"October 8, 2025 at 10:02 PM",Positive
Keir Starmer (UK PM),codomain,1975539323480252659,https://x.com/taxonomics_1603/status/1975539323480252659,"🌾 Empowering 2 crore farmers!

The new ₹11,440 Cr Pulses Mission ensures 100% assured procurement of tur, urad & masur for 4 years.

From rice fallows to food bowls — India’s turning self-reliance into farmer prosperity. 🇮🇳

#FarmersFirst #PulsesMission #Agriculture #RuralDevelopment #AtmanirbharBharat",633927131,taxonomics_1603,True,28,,0,11,"October 7, 2025 at 12:30 PM",Positive
Keir Starmer (UK PM),codomain,1976198551450632249,https://x.com/Pickled_Fairy/status/1976198551450632249,"RT @JuliaHB1: So if this Trump peace plan does go ahead and Hamas frees the hostages while Israel ends the bombing, withdraws the IDF to ag…",2258696321,Pickled_Fairy,False,787,,17407,429219,"October 9, 2025 at 08:10 AM",Positive
Keir Starmer (UK PM),codomain,1976023254063042822,https://x.com/Pickled_Fairy/status/1976023254063042822,RT @elonmusk: Protesting attempted rape is punished more than attempted rape in Britain …,2258696321,Pickled_Fairy,False,787,,297450,26097395,"October 8, 2025 at 08:33 PM",Positive
Keir Starmer (UK PM),codomain,1975495578038804641,https://x.com/Pickled_Fairy/status/1975495578038804641,"RT @RobertJenrick: I have uncovered over 30 immigration judges with links to open borders charities. 

It is now beyond any doubt that a de…",2258696321,Pickled_Fairy,False,787,,81150,2226191,"October 7, 2025 at 09:37 AM",Positive
Keir Starmer (UK PM),codomain,1976002223818801221,https://x.com/tcrock42222/status/1976002223818801221,RT @StephenM: I liked NYC better before we gave green cards to the intifada.,1822764725312143360,tcrock42222,False,137,"Delray Beach, FL",70154,2430996,"October 8, 2025 at 07:10 PM",Positive
Keir Starmer (UK PM),codomain,1968825565277753557,https://x.com/JerryErmogemou1/status/1968825565277753557,"The delicate flutter of a butterfly''s wings as it emerges from its chrysalis is a symbol of transformation and renewal, a testament to the resilience of life in all its forms.",1633796380354576387,JerryErmogemou1,False,24,,2,22,"September 18, 2025 at 11:52 PM",Positive
Keir Starmer (UK PM),codomain,1976320926691229849,https://x.com/JerryErmogemou1/status/1976320926691229849,"RT @narendramodi: The path-breaking India-UK CETA will create new job opportunities for youth, expand trade and benefit both our industries…",1633796380354576387,JerryErmogemou1,False,24,,26901,752239,"October 9, 2025 at 04:16 PM",Positive
Keir Starmer (UK PM),codomain,1974221548799045949,https://x.com/diane_lizbet/status/1974221548799045949,💯,772062804442484737,diane_lizbet,False,107,"England, United Kingdom",0,4,"October 3, 2025 at 09:14 PM",Positive
Keir Starmer (UK PM),codomain,1976270482015215753,https://x.com/23ModernStories/status/1976270482015215753,"RT @visegrad24: BREAKING:

Meloni introduces new bill to combat “Islamist &amp; cultural separatism”

- Full burqa and niqab ban in all public…",1447128271674650624,23ModernStories,False,1835,East Berlin,42034,852143,"October 9, 2025 at 12:56 PM",Positive
Keir Starmer (UK PM),codomain,1976270062282736019,https://x.com/23ModernStories/status/1976270062282736019,"RT @NiohBerg: Gaza right now.

All well fed and with fresh haircuts. There was never a genocide or a famine at any point in the past 2 year…",1447128271674650624,23ModernStories,False,1835,East Berlin,15312,408455,"October 9, 2025 at 12:54 PM",Positive
Keir Starmer (UK PM),codomain,1976269776742977957,https://x.com/23ModernStories/status/1976269776742977957,"RT @danwootton: Zip it, loser.
You tried to fuck it up with your recognition of a Palestinian state at the height of negotiations  to appea…",1447128271674650624,23ModernStories,False,1835,East Berlin,10580,316197,"October 9, 2025 at 12:53 PM",Positive
Keir Starmer (UK PM),codomain,1976298779738353867,https://x.com/23ModernStories/status/1976298779738353867,RT @raelbrav: Keep quiet! You played no part in the peace deal. You're a weak man.,1447128271674650624,23ModernStories,False,1835,East Berlin,3028,36747,"October 9, 2025 at 02:48 PM",Positive
Keir Starmer (UK PM),codomain,1976298511801925795,https://x.com/23ModernStories/status/1976298511801925795,RT @ArchRose90: When a ceasefire happens and you now have to find a new personality. https://t.co/8hrfhSGev4,1447128271674650624,23ModernStories,False,1835,East Berlin,5892,57845,"October 9, 2025 at 02:47 PM",Positive
Keir Starmer (UK PM),codomain,1976298140467683400,https://x.com/23ModernStories/status/1976298140467683400,RT @TiceRichard: Secretary Rubio confirming that Starmer recognising Palestinian state rewarded Hamas and set back peace process,1447128271674650624,23ModernStories,False,1835,East Berlin,1473,26359,"October 9, 2025 at 02:46 PM",Positive
Keir Starmer (UK PM),codomain,1976035433214857365,https://x.com/23ModernStories/status/1976035433214857365,"RT @FabrizioRomano: 🚨🔵 Steven Gerrard’s return to Rangers, closer than ever with talks advancing and set to continue this week.

Positive i…",1447128271674650624,23ModernStories,False,1835,East Berlin,25044,2366841,"October 8, 2025 at 09:22 PM",Positive
Keir Starmer (UK PM),codomain,1976320257771045193,https://x.com/8beeko/status/1976320257771045193,"RT @narendramodi: India-UK friendship is on the move and is filled with great vigour! 

A picture from earlier today, when my friend PM Sta…",2160447338,8beeko,False,16,,30546,624864,"October 9, 2025 at 04:14 PM",Positive
Keir Starmer (UK PM),codomain,1959084302815436885,https://x.com/8beeko/status/1959084302815436885,"Goi cu hu dua, a salad made with jellyfish, coconut, shrimp, pork, and herbs, is a popular appetizer in Vietnam.",2160447338,8beeko,False,16,,0,14,"August 23, 2025 at 02:44 AM",Positive
Keir Starmer (UK PM),codomain,1907284292251836913,https://x.com/CombatCritique/status/1907284292251836913,💔,1629161966173556737,CombatCritique,False,124,UFC Apex,0,19,"April 2, 2025 at 04:09 AM",Positive
Keir Starmer (UK PM),codomain,1976319801233637517,https://x.com/boris_feldman/status/1976319801233637517,"RT @Basil_TGMD: 🚨NHS Doctor who said Holocaust was a ""fabricated victim narrative"" has been SUSPENDED and will face a tribunal to decide fa…",933946545879244801,boris_feldman,False,147,"Vancouver, British Columbia",5098,87269,"October 9, 2025 at 04:12 PM",Positive
Keir Starmer (UK PM),codomain,1976253632376107507,https://x.com/kushwahatushar4/status/1976253632376107507,"RT @narendramodi: Wonderful rendition of Ed Sheeran &amp; Arijit Singh’s Sapphire, which is a great example of India-UK cultural partnership! h…",1802310991642013696,kushwahatushar4,False,85,world,52786,1595931,"October 9, 2025 at 11:49 AM",Positive
Keir Starmer (UK PM),codomain,1976206746566938871,https://x.com/kushwahatushar4/status/1976206746566938871,"RT @narendramodi: The path-breaking India-UK CETA will create new job opportunities for youth, expand trade and benefit both our industries…",1802310991642013696,kushwahatushar4,False,85,world,26905,752618,"October 9, 2025 at 08:42 AM",Positive
Keir Starmer (UK PM),codomain,1976185523799719948,https://x.com/kushwahatushar4/status/1976185523799719948,"RT @Keir_Starmer: Our deal with India means:

More investment in the UK.
Thousands of new jobs across the country.
More money for you and y…",1802310991642013696,kushwahatushar4,False,85,world,14427,604243,"October 9, 2025 at 07:18 AM",Positive
Keir Starmer (UK PM),codomain,1975864601826013515,https://x.com/kushwahatushar4/status/1975864601826013515,"RT @AmitShah: Hello everyone,

I have switched to Zoho Mail. Kindly note the change in my email address.

My new email address is amitshah.…",1802310991642013696,kushwahatushar4,False,85,world,97365,7316819,"October 8, 2025 at 10:03 AM",Positive
Keir Starmer (UK PM),codomain,1975818203675951190,https://x.com/kushwahatushar4/status/1975818203675951190,RT @narendramodi: Welcome Prime Minister Keir Starmer on your historic first visit to India with the largest ever trade delegation from the…,1802310991642013696,kushwahatushar4,False,85,world,118375,8828996,"October 8, 2025 at 06:59 AM",Positive
Keir Starmer (UK PM),codomain,1976319977147060265,https://x.com/Priyaloshini/status/1976319977147060265,"RT @narendramodi: The path-breaking India-UK CETA will create new job opportunities for youth, expand trade and benefit both our industries…",317586766,Priyaloshini,False,17,,26909,752618,"October 9, 2025 at 04:12 PM",Positive
Keir Starmer (UK PM),codomain,1973738205842415721,https://x.com/kumarj9/status/1973738205842415721,Fact-check. @LavanyaBallal,228017652,kumarj9,True,881,,1,36,"October 2, 2025 at 01:13 PM",Positive
Keir Starmer (UK PM),codomain,1974881208892039545,https://x.com/MarquisCustine/status/1974881208892039545,"RT @StateDept: “I would remind everybody at the end of this, if a terrorist group remains active in Gaza, you’re not going to have peace. T…",1517960411932282880,MarquisCustine,False,49,,14162,345350,"October 5, 2025 at 04:55 PM",Positive
Keir Starmer (UK PM),codomain,1976319927998087188,https://x.com/samaraisthebest/status/1976319927998087188,"RT @narendramodi: The path-breaking India-UK CETA will create new job opportunities for youth, expand trade and benefit both our industries…",1171484474,samaraisthebest,False,15,,26909,752618,"October 9, 2025 at 04:12 PM",Positive
Keir Starmer (UK PM),codomain,1976326628969156632,https://x.com/MonolitoMutante/status/1976326628969156632,"RT @nadaa01012: Greta Thunberg,
deserves the nobel peace prize، 
say yes https://t.co/pXilDnpjov",2786357659,MonolitoMutante,False,735,,11233,126842,"October 9, 2025 at 04:39 PM",Positive
Keir Starmer (UK PM),codomain,1976313349337121063,https://x.com/MonolitoMutante/status/1976313349337121063,#IsraelEstadoGenocida,2786357659,MonolitoMutante,False,735,,0,3,"October 9, 2025 at 03:46 PM",Positive
Keir Starmer (UK PM),codomain,1976313260560482567,https://x.com/MonolitoMutante/status/1976313260560482567,#IsraelEstadoGenocida,2786357659,MonolitoMutante,False,735,,0,5,"October 9, 2025 at 03:46 PM",Positive
Keir Starmer (UK PM),codomain,1976313082654883949,https://x.com/MonolitoMutante/status/1976313082654883949,"RT @DaniMayakovski: A la misma vez que se anunciaba un ""cese al fuego"" en Gaza, los tanques sionistas bombardeaban a familias palestinas qu…",2786357659,MonolitoMutante,False,735,,493,8010,"October 9, 2025 at 03:45 PM",Positive
Keir Starmer (UK PM),codomain,1976319520391430412,https://x.com/GarrettRod14713/status/1976319520391430412,"RT @narendramodi: India-UK friendship is on the move and is filled with great vigour! 

A picture from earlier today, when my friend PM Sta…",1948543742610489344,GarrettRod14713,False,17,"Slidell, LA",30625,627731,"October 9, 2025 at 04:11 PM",Positive
Keir Starmer (UK PM),codomain,1976326814571299148,https://x.com/SubodhC68/status/1976326814571299148,"RT @narendramodi: Phase 2B of the Mumbai Metro Line-3 is a significant enhancement to Mumbai’s infrastructure! 

Metro connectivity is esse…",1114419620713074688,SubodhC68,False,195,"Gandhinagar, India",76325,6289052,"October 9, 2025 at 04:40 PM",Positive
Keir Starmer (UK PM),codomain,1976326071248355416,https://x.com/SubodhC68/status/1976326071248355416,RT @narendramodi: Welcome Prime Minister Keir Starmer on your historic first visit to India with the largest ever trade delegation from the…,1114419620713074688,SubodhC68,False,195,"Gandhinagar, India",118377,8829680,"October 9, 2025 at 04:37 PM",Positive
Keir Starmer (UK PM),codomain,1976321822468735323,https://x.com/SubodhC68/status/1976321822468735323,RT @narendramodi: Greetings to all the courageous Air Warriors and their families on Air Force Day. The Indian Air Force epitomises bravery…,1114419620713074688,SubodhC68,False,195,"Gandhinagar, India",38662,2480513,"October 9, 2025 at 04:20 PM",Positive
Keir Starmer (UK PM),codomain,1976321812020723803,https://x.com/SubodhC68/status/1976321812020723803,"RT @narendramodi: At 9:45 AM tomorrow, 8th October, I will take part in the India Mobile Congress being held in Yashobhoomi, New Delhi. Thi…",1114419620713074688,SubodhC68,False,195,"Gandhinagar, India",30012,2896112,"October 9, 2025 at 04:20 PM",Positive
Keir Starmer (UK PM),codomain,1976321801019093116,https://x.com/SubodhC68/status/1976321801019093116,"RT @narendramodi: Поговорил со своим другом Президентом Путиным и выразил теплые поздравления по случаю его дня рождения, а также пожелания…",1114419620713074688,SubodhC68,False,195,"Gandhinagar, India",24972,2209432,"October 9, 2025 at 04:20 PM",Positive
Keir Starmer (UK PM),codomain,1976279962073358474,https://x.com/VikasSingh1502/status/1976279962073358474,"RT @narendramodi: Wonderful rendition of Ed Sheeran &amp; Arijit Singh’s Sapphire, which is a great example of India-UK cultural partnership! h…",1057629410973503489,VikasSingh1502,False,123,"काशी, BHARAT",52816,1597842,"October 9, 2025 at 01:33 PM",Positive
Keir Starmer (UK PM),codomain,1976255262303343015,https://x.com/kanchanmis23943/status/1976255262303343015,"RT @narendramodi: Wonderful rendition of Ed Sheeran &amp; Arijit Singh’s Sapphire, which is a great example of India-UK cultural partnership! h…",1915069523205795840,kanchanmis23943,True,1950, भारत ,52827,1597842,"October 9, 2025 at 11:55 AM",Positive
Keir Starmer (UK PM),codomain,1976277055043142018,https://x.com/kanchanmis23943/status/1976277055043142018,"RT @narendramodi: In the past decade, the way we have democratised digital technology has made it an effective example of good governance i…",1915069523205795840,kanchanmis23943,True,1950, भारत ,4110,102800,"October 9, 2025 at 01:22 PM",Positive
Keir Starmer (UK PM),codomain,1976321376903684592,https://x.com/HonesCraig/status/1976321376903684592,"RT @ImtiazMadmood: In Sharia Law women &amp; girls are treated  like Property or even Slaves .   

Public beatings of women while men watch, is…",1821136683833659392,HonesCraig,False,486,,7160,211372,"October 9, 2025 at 04:18 PM",Positive
Keir Starmer (UK PM),codomain,1976319481426424044,https://x.com/HonesCraig/status/1976319481426424044,"RT @Basil_TGMD: Muslims in Britain say if you put up a Union Jack 🇬🇧 in an 'immigrant area' you'll be beaten up and attacked

Mass deportat…",1821136683833659392,HonesCraig,False,486,,6353,86257,"October 9, 2025 at 04:10 PM",Positive
Keir Starmer (UK PM),codomain,1975955112586875139,https://x.com/HonesCraig/status/1975955112586875139,"RT @DaveAtherton20: It seems Tunisia has a zero tolerance to African illegal migrants. Their boats are sunk off the coast, as they get batt…",1821136683833659392,HonesCraig,False,486,,15439,489555,"October 8, 2025 at 04:03 PM",Positive
Keir Starmer (UK PM),codomain,1975768552381579414,https://x.com/HonesCraig/status/1975768552381579414,"RT @Suffragent_: Police arrest two Afghans behind the UK’s biggest phone-snatching gang. 

Officers found more than 40,000 stolen devices w…",1821136683833659392,HonesCraig,False,486,,39285,927342,"October 8, 2025 at 03:41 AM",Positive
Keir Starmer (UK PM),codomain,1975766372027138166,https://x.com/HonesCraig/status/1975766372027138166,RT @RadioGenoa: The fake asylum seeker with the lighter near the gas pipes in Florence wants to blow everything up. https://t.co/PHD7NTGFYK,1821136683833659392,HonesCraig,False,486,,90870,7412337,"October 8, 2025 at 03:33 AM",Positive
Keir Starmer (UK PM),codomain,1976322556270698766,https://x.com/Helenspicer15/status/1976322556270698766,RT @SonnyBWilliams: “If they’re treating me like this. With the passport I have imagine what they’re doing to the Palestinians in prison mo…,1425368203996372994,Helenspicer15,False,6658,,9248,282281,"October 9, 2025 at 04:23 PM",Positive
Keir Starmer (UK PM),codomain,1976317519389671637,https://x.com/Helenspicer15/status/1976317519389671637,😂😂😂😂,1425368203996372994,Helenspicer15,False,6658,,0,13,"October 9, 2025 at 04:03 PM",Positive
Keir Starmer (UK PM),codomain,1976323576124063800,https://x.com/Simmo1881/status/1976323576124063800,RT @VigilantFox: Joe Rogan’s face hardens with grief over the UK’s push for digital IDs and the arrest of citizens for social media posts.…,703760808,Simmo1881,False,209,Where ever I want to be,37158,1253118,"October 9, 2025 at 04:27 PM",Positive
Keir Starmer (UK PM),codomain,1975795861633573076,https://x.com/Simmo1881/status/1975795861633573076,"RT @Basil_TGMD: 🚨BREAKING: MAN ARRESTED FOR ARSON ATTACK ON MOSQUE IS MUSLIM

43-year-old, Arif Ali Rafiq has been charged in connection wi…",703760808,Simmo1881,False,209,Where ever I want to be,26837,756790,"October 8, 2025 at 05:30 AM",Positive
Keir Starmer (UK PM),codomain,1975792845522149775,https://x.com/Simmo1881/status/1975792845522149775,"RT @policylaila: Why does Labour stand up for illegal migrants but turn their backs on us, the ones who follow them, pay our taxes, and kee…",703760808,Simmo1881,False,209,Where ever I want to be,12841,243933,"October 8, 2025 at 05:18 AM",Positive
Keir Starmer (UK PM),codomain,1974396969008394454,https://x.com/Simmo1881/status/1974396969008394454,"RT @AmyMek: 🚨 UK Gov’t ISLAM Whitewash Alert 🚨

The UK government wants you to believe that Jihad Al-Shamie’s bloody synagogue attack in Ma…",703760808,Simmo1881,False,209,Where ever I want to be,4703,249699,"October 4, 2025 at 08:51 AM",Positive
Keir Starmer (UK PM),codomain,1974176993630691609,https://x.com/Simmo1881/status/1974176993630691609,RT @RupertLowe10: Nobody voted for Digital ID.,703760808,Simmo1881,False,209,Where ever I want to be,50187,532861,"October 3, 2025 at 06:17 PM",Positive
Keir Starmer (UK PM),codomain,1976324411713257693,https://x.com/P1P3R00/status/1976324411713257693,"RT @VigilantFox: DISTURBING: Banks are now deciding who you can be friends with—and freezing your money if you refuse to comply.

Across Au…",697101393941962752,P1P3R00,False,1313,"Richards Castle, England",5063,195311,"October 9, 2025 at 04:30 PM",Positive
Keir Starmer (UK PM),codomain,1976193192409301441,https://x.com/hatfulls71/status/1976193192409301441,RT @elonmusk: Protesting attempted rape is punished more than attempted rape in Britain …,1946895157963661312,hatfulls71,False,46,,297505,26102643,"October 9, 2025 at 07:49 AM",Positive
Keir Starmer (UK PM),codomain,1976017736305082482,https://x.com/hatfulls71/status/1976017736305082482,"RT @Suffragent_: Police arrest two Afghans behind the UK’s biggest phone-snatching gang. 

Officers found more than 40,000 stolen devices w…",1946895157963661312,hatfulls71,False,46,,39285,927360,"October 8, 2025 at 08:11 PM",Positive
Keir Starmer (UK PM),codomain,1975624095279829442,https://x.com/hatfulls71/status/1975624095279829442,RT @BenedictSpence: This person has no business working in the NHS. https://t.co/OiknBGxoEC,1946895157963661312,hatfulls71,False,46,,11746,132598,"October 7, 2025 at 06:07 PM",Positive
Keir Starmer (UK PM),codomain,1975616864186421353,https://x.com/hatfulls71/status/1975616864186421353,RT @LeilaniDowding: Well look that!  👀 👀 https://t.co/mk2F6PQL3H,1946895157963661312,hatfulls71,False,46,,10179,383668,"October 7, 2025 at 05:39 PM",Positive
Keir Starmer (UK PM),codomain,1975274287637385368,https://x.com/hatfulls71/status/1975274287637385368,"RT @TheGriftReport: SIMON JORDAN EVISCERATES GARY NEVILLE OVER HIS CLAIMS ABOUT ""MIDDLE AGE WHITE MEN""

WELL, SAID SIMON 👏 https://t.co/aXq…",1946895157963661312,hatfulls71,False,46,,29373,1453926,"October 6, 2025 at 06:57 PM",Positive
Keir Starmer (UK PM),codomain,1975273223873786239,https://x.com/hatfulls71/status/1975273223873786239,"RT @VividProwess: BREAKING: Germany announced that if Israel is expelled from Eurovision, Germany will also not participate in Eurovision.…",1946895157963661312,hatfulls71,False,46,,72605,1595772,"October 6, 2025 at 06:53 PM",Positive
Keir Starmer (UK PM),codomain,1976264683746213942,https://x.com/BigMcD/status/1976264683746213942,RT @HoodedClaw1974: Patrick Christys asks. Is it time to sack the asylum seeker loving immigration judges? https://t.co/asm5MXKQxd,1955763000532721664,BigMcD,False,496,Warwickshire,5906,26745,"October 9, 2025 at 12:33 PM",Positive
Keir Starmer (UK PM),codomain,1976271452224532972,https://x.com/BigMcD/status/1976271452224532972,"RT @visegrad24: BREAKING:

Meloni introduces new bill to combat “Islamist &amp; cultural separatism”

- Full burqa and niqab ban in all public…",1955763000532721664,BigMcD,False,496,Warwickshire,42132,853470,"October 9, 2025 at 01:00 PM",Positive
Keir Starmer (UK PM),codomain,1975974673436553697,https://x.com/BigMcD/status/1975974673436553697,RT @myhiddenvalue: Turns out all the conspiracy theorists who were concerned about Weather Modification &amp; Chemtrails were right after all…,1955763000532721664,BigMcD,False,496,Warwickshire,11630,139382,"October 8, 2025 at 05:20 PM",Positive
Keir Starmer (UK PM),codomain,1805840376038932727,https://x.com/Subhashsinghk/status/1805840376038932727,जय श्री नीलकंठ महादेव ॐ नमः शिवाय...,1250895919509315585,Subhashsinghk,False,56,MP,2,16,"June 26, 2024 at 05:47 AM",Positive
Keir Starmer (UK PM),codomain,1818195055750070623,https://x.com/Subhashsinghk/status/1818195055750070623,जय मातारानी...,1250895919509315585,Subhashsinghk,False,56,MP,1,21,"July 30, 2024 at 08:00 AM",Positive
Keir Starmer (UK PM),codomain,1807935248476655658,https://x.com/Subhashsinghk/status/1807935248476655658,जय श्री नीलकंठ महादेव ॐ नमः शिवाय...,1250895919509315585,Subhashsinghk,False,56,MP,0,17,"July 2, 2024 at 12:32 AM",Positive
Keir Starmer (UK PM),codomain,1828981992144191493,https://x.com/Subhashsinghk/status/1828981992144191493,जय श्री सोमनाथ महादेव ॐ नमः शिवाय...,1250895919509315585,Subhashsinghk,False,56,MP,0,65,"August 29, 2024 at 02:24 AM",Positive
Keir Starmer (UK PM),codomain,1828980960848753052,https://x.com/Subhashsinghk/status/1828980960848753052,जय श्री नीलकंठ महादेव ॐ नमः शिवाय...,1250895919509315585,Subhashsinghk,False,56,MP,0,43,"August 29, 2024 at 02:20 AM",Positive
Keir Starmer (UK PM),codomain,1823698787426283889,https://x.com/Subhashsinghk/status/1823698787426283889,जय श्री नीलकंठ महादेव ॐ नमः शिवाय...,1250895919509315585,Subhashsinghk,False,56,MP,0,39,"August 14, 2024 at 12:30 PM",Positive
Keir Starmer (UK PM),codomain,1823282489189695976,https://x.com/Subhashsinghk/status/1823282489189695976,जय श्री नीलकंठ महादेव ॐ नमः शिवाय...,1250895919509315585,Subhashsinghk,False,56,MP,0,35,"August 13, 2024 at 08:56 AM",Positive
Keir Starmer (UK PM),codomain,1822174854344274349,https://x.com/Subhashsinghk/status/1822174854344274349,जय माँ बगलामुखी...,1250895919509315585,Subhashsinghk,False,56,MP,0,24,"August 10, 2024 at 07:35 AM",Positive
Keir Starmer (UK PM),codomain,1976317380734353740,https://x.com/Bobby2023299469/status/1976317380734353740,"RT @Basil_TGMD: 🚨NHS Doctor who said Holocaust was a ""fabricated victim narrative"" has been SUSPENDED and will face a tribunal to decide fa…",1736076643272167424,Bobby2023299469,False,172,The 🌎 ,5113,87599,"October 9, 2025 at 04:02 PM",Positive
Keir Starmer (UK PM),codomain,1972403055368065447,https://x.com/shubhamofc/status/1972403055368065447,"RT @narendramodi: #OperationSindoor on the games field. 

Outcome is the same - India wins!

Congrats to our cricketers.",1352931903993745408,shubhamofc,False,2308,Bengaluru / Jharkhand,526053,43265784,"September 28, 2025 at 08:48 PM",Positive
Keir Starmer (UK PM),codomain,1970391858221326756,https://x.com/snugje/status/1970391858221326756,https://t.co/3gcfSd209g,395466959,snugje,False,462,,0,10,"September 23, 2025 at 07:36 AM",Positive
Keir Starmer (UK PM),codomain,1970391807612662155,https://x.com/snugje/status/1970391807612662155,https://t.co/3gcfSd1sjI,395466959,snugje,False,462,,0,8,"September 23, 2025 at 07:36 AM",Positive
Keir Starmer (UK PM),codomain,1970391735936418161,https://x.com/snugje/status/1970391735936418161,https://t.co/3gcfSd209g,395466959,snugje,False,462,,0,3,"September 23, 2025 at 07:36 AM",Positive
Keir Starmer (UK PM),codomain,1970391678486736953,https://x.com/snugje/status/1970391678486736953,https://t.co/3gcfSd1sjI,395466959,snugje,False,462,,0,7,"September 23, 2025 at 07:35 AM",Positive
Keir Starmer (UK PM),codomain,1976018450066927872,https://x.com/snugje/status/1976018450066927872,RT @EYakoby: BREAKING: The Islamist calling for acts of terrorism in America has been reportedly identified as Harvard graduate student Abd…,395466959,snugje,False,462,,66107,1771096,"October 8, 2025 at 08:14 PM",Positive
Keir Starmer (UK PM),codomain,1975727773206651240,https://x.com/VmmWendy/status/1975727773206651240,"RT @RobertJenrick: I have uncovered over 30 immigration judges with links to open borders charities. 

It is now beyond any doubt that a de…",1586322844409004033,VmmWendy,False,521,"Cardiff, Wales",81153,2226242,"October 8, 2025 at 12:59 AM",Positive
Keir Starmer (UK PM),codomain,1975726737440055749,https://x.com/VmmWendy/status/1975726737440055749,"RT @KingBobIIV: I wonder if a young girl drugged and kidnapped and locked in a room, who jumped to her potential death to escape will make…",1586322844409004033,VmmWendy,False,521,"Cardiff, Wales",13788,273099,"October 8, 2025 at 12:55 AM",Positive
Keir Starmer (UK PM),codomain,1974916834525893054,https://x.com/HelloElara/status/1974916834525893054,"🚨 The Chainsmokers lit up the stage with an electrifying set at XS Nightclub, Las Vegas. 🎶🔥
#TheChainsmokers #LasVegas
https://t.co/Shij3y2Eec",1913413939666595840,HelloElara,True,1416,Worldwide,4,358,"October 5, 2025 at 07:17 PM",Positive
Keir Starmer (UK PM),codomain,1976316125827956813,https://x.com/thetimepress_/status/1976316125827956813,"Jaish-e-Mohammed (JeM) announces 'Jamaat-ul-Mominaat,' its first women's brigade led by Sadiya Azhar (chief Masood Azhar's sister), recruiting vulnerable women from Bahawalpur, Karachi & more. Shift follows Pahalgam attack; experts warn of female suicide ops. #JeM #PakistanTerror #JamaatUlMominaat",1262799250640867328,thetimepress_,True,157,"New Delhi, India",0,10,"October 9, 2025 at 03:57 PM",Positive
Keir Starmer (UK PM),codomain,1976317897841705378,https://x.com/BrendaleeBowde1/status/1976317897841705378,"RT @narendramodi: India-UK friendship is on the move and is filled with great vigour! 

A picture from earlier today, when my friend PM Sta…",2388426332,BrendaleeBowde1,False,22,,30846,633417,"October 9, 2025 at 04:04 PM",Positive
Keir Starmer (UK PM),codomain,1976317422987792461,https://x.com/Anshuma12603770/status/1976317422987792461,"RT @narendramodi: India-UK friendship is on the move and is filled with great vigour! 

A picture from earlier today, when my friend PM Sta…",1419812801435119617,Anshuma12603770,True,1726,Ontario,30846,630560,"October 9, 2025 at 04:02 PM",Positive
Keir Starmer (UK PM),codomain,1975957962603757623,https://x.com/Anshuma12603770/status/1975957962603757623,RT @narendramodi: The new airport in Navi Mumbai will enhance connectivity and boost urban infrastructure in the Mumbai metropolitan region…,1419812801435119617,Anshuma12603770,True,1726,Ontario,84196,4009207,"October 8, 2025 at 04:14 PM",Positive
Keir Starmer (UK PM),codomain,1974882163364643015,https://x.com/Anshuma12603770/status/1974882163364643015,RT @narendramodi: Deeply pained by the loss of lives due to a bridge mishap in Darjeeling. Condolences to those who have lost their loved o…,1419812801435119617,Anshuma12603770,True,1726,Ontario,57321,5897185,"October 5, 2025 at 04:59 PM",Positive
Keir Starmer (UK PM),codomain,1976309633804538085,https://x.com/jdmorrison71/status/1976309633804538085,"RT @Suffragent_: NEW‼️Bankrupt Birmingham Council is spending thousands on a taskforce to tear down 'unauthorised' flags.

Patrol officers…",2913563439,jdmorrison71,False,1819,"Gothenburg, Sweden",3353,60344,"October 9, 2025 at 03:31 PM",Positive
Keir Starmer (UK PM),codomain,1975998531400831447,https://x.com/jdmorrison71/status/1975998531400831447,"RT @SimonDanczuk: There’s something very sinister about Starmer. Effectively giving away Chagos to the Chinese, collapsing the China spying…",2913563439,jdmorrison71,False,1819,"Gothenburg, Sweden",7068,104314,"October 8, 2025 at 06:55 PM",Positive
Keir Starmer (UK PM),codomain,1976325275072786647,https://x.com/Janner55034786/status/1976325275072786647,"RT @RupertLowe10: Sod off, Lenny. https://t.co/e7Uccpao4k",1520697767387090944,Janner55034786,False,2484,,15705,196258,"October 9, 2025 at 04:33 PM",Positive
Keir Starmer (UK PM),codomain,1976011068376809974,https://x.com/Janner55034786/status/1976011068376809974,"RT @Artemisfornow: Well done tax payers

Hammersmith &amp; Fulham Council is 260 MILLION in debt &amp; just raised council tax by 4.7%, 

Has hande…",1520697767387090944,Janner55034786,False,2484,,10653,195566,"October 8, 2025 at 07:45 PM",Positive
Keir Starmer (UK PM),codomain,1976005060292481241,https://x.com/Janner55034786/status/1976005060292481241,"RT @Basil_TGMD: Humza Yousaf's mask slips

""Let me just remind you of YOUR HISTORY""

Deport? https://t.co/PGlXmaSAmq",1520697767387090944,Janner55034786,False,2484,,5896,180114,"October 8, 2025 at 07:21 PM",Positive
Keir Starmer (UK PM),codomain,1975948549411242109,https://x.com/Janner55034786/status/1975948549411242109,"RT @JamesMelville: “Under a Labour government we would freeze energy bills. We wouldn’t allow them to go up.”

~ Keir Starmer 

Yet another…",1520697767387090944,Janner55034786,False,2484,,12655,271239,"October 8, 2025 at 03:37 PM",Positive
Keir Starmer (UK PM),codomain,1975946761345945620,https://x.com/Janner55034786/status/1975946761345945620,"RT @addicted2newz: There are 2 reasons why Labour refuse to admit the biggest threat we face is Islamist extremism.

1) It's an admission m…",1520697767387090944,Janner55034786,False,2484,,10915,98819,"October 8, 2025 at 03:29 PM",Positive
Keir Starmer (UK PM),codomain,1975274751867138402,https://x.com/Janner55034786/status/1975274751867138402,"RT @koshercockney: Despicable woman cutting down Hostage Ribbons placed by the Jewish Community of Muswell Hill in London

The same week of…",1520697767387090944,Janner55034786,False,2484,,30155,854282,"October 6, 2025 at 06:59 PM",Positive
Keir Starmer (UK PM),codomain,1975266297597325428,https://x.com/Janner55034786/status/1975266297597325428,"RT @andreajenkyns: I don't really swear, but W**k** comes to mind! The sneering by Gary Neville, he was happy for the 'white men' to pay hi…",1520697767387090944,Janner55034786,False,2484,,7395,182408,"October 6, 2025 at 06:25 PM",Positive
Keir Starmer (UK PM),codomain,1976238095700996272,https://x.com/AvaMcSweeney/status/1976238095700996272,"RT @FrankHighgate: The British people did not ask for multiculturalism. We did not vote for it. In fact, the vast majority of us voted agai…",1224423540478185472,AvaMcSweeney,False,1205,North America,7616,106928,"October 9, 2025 at 10:47 AM",Positive
Keir Starmer (UK PM),codomain,1976054660701311303,https://x.com/AvaMcSweeney/status/1976054660701311303,👀👀👀,1224423540478185472,AvaMcSweeney,False,1205,North America,0,19,"October 8, 2025 at 10:38 PM",Positive
Keir Starmer (UK PM),codomain,1976147877660336387,https://x.com/Thierrysboots/status/1976147877660336387,RT @iamyesyouareno: An absolute disgrace. Why is his safety more important than the safety of the British people? https://t.co/0j7DKQv23b,4188848662,Thierrysboots,False,877,"England, United Kingdom",19809,285700,"October 9, 2025 at 04:49 AM",Positive
Keir Starmer (UK PM),codomain,1975937685434057042,https://x.com/Thierrysboots/status/1975937685434057042,RT @elonmusk: Protesting attempted rape is punished more than attempted rape in Britain …,4188848662,Thierrysboots,False,877,"England, United Kingdom",297558,26107789,"October 8, 2025 at 02:53 PM",Positive
Keir Starmer (UK PM),codomain,1976298133182152822,https://x.com/dipanshu143/status/1976298133182152822,RT @narendramodi: India has always supported the creation of a global framework for Ethical AI. https://t.co/MqMbPGncAp,128804924,dipanshu143,True,152,"Rudrapur (Uttarakhand), India",7317,221935,"October 9, 2025 at 02:46 PM",Positive
Keir Starmer (UK PM),codomain,1975819146823667809,https://x.com/Matzly/status/1975819146823667809,RT @Basil_TGMD: 'Diversity is our strength' https://t.co/RtgQpVaukg,48672959,Matzly,False,1422,"🇬🇧 London, England",11078,228507,"October 8, 2025 at 07:02 AM",Positive
Keir Starmer (UK PM),codomain,1975813314346435023,https://x.com/Matzly/status/1975813314346435023,"RT @DahliaKurtz: I love this! Nairobi is standing up for Israel.

Thousands of Kenyans — Christians, young people, leaders — came out today…",48672959,Matzly,False,1422,"🇬🇧 London, England",20762,560708,"October 8, 2025 at 06:39 AM",Positive
Keir Starmer (UK PM),codomain,1975450898794201177,https://x.com/Matzly/status/1975450898794201177,"RT @TheGriftReport: SIMON JORDAN EVISCERATES GARY NEVILLE OVER HIS CLAIMS ABOUT ""MIDDLE AGE WHITE MEN""

WELL, SAID SIMON 👏 https://t.co/aXq…",48672959,Matzly,False,1422,"🇬🇧 London, England",29373,1453935,"October 7, 2025 at 06:39 AM",Positive
Keir Starmer (UK PM),codomain,1975312402523824292,https://x.com/Matzly/status/1975312402523824292,"RT @UNWatch: Erdogan to UN: “Due to Israel's aggression, in Europe and the West fundamental human rights have been shelved away.”

⁠⁠Hillel…",48672959,Matzly,False,1422,"🇬🇧 London, England",6872,349742,"October 6, 2025 at 09:29 PM",Positive
Keir Starmer (UK PM),codomain,1975307902337585409,https://x.com/Matzly/status/1975307902337585409,RT @AmYisraelChai_X: Sarah Wilkinson an activist that took part in Greta Thunberg’s flotilla to Gaza was arrested upon her return to the UK…,48672959,Matzly,False,1422,"🇬🇧 London, England",8204,102395,"October 6, 2025 at 09:11 PM",Positive
Keir Starmer (UK PM),codomain,1975093993378857227,https://x.com/Matzly/status/1975093993378857227,"RT @jk_rowling: ""Pro-Palestinian demonstrators couldn’t give it a rest – not even for 24 hours. They were chanting all the old slogans and…",48672959,Matzly,False,1422,"🇬🇧 London, England",63952,17262815,"October 6, 2025 at 07:01 AM",Positive
Keir Starmer (UK PM),codomain,1975518943063204170,https://x.com/H_Lord11/status/1975518943063204170,"RT @RobertJenrick: I have uncovered over 30 immigration judges with links to open borders charities. 

It is now beyond any doubt that a de…",836595116060082178,H_Lord11,True,615,,81160,2226450,"October 7, 2025 at 11:09 AM",Negative
Keir Starmer (UK PM),codomain,1975566793126387789,https://x.com/H_Lord11/status/1975566793126387789,"RT @Basil_TGMD: 🚨BREAKING: MAN ARRESTED FOR ARSON ATTACK ON MOSQUE IS MUSLIM

43-year-old, Arif Ali Rafiq has been charged in connection wi…",836595116060082178,H_Lord11,True,615,,26838,756854,"October 7, 2025 at 02:20 PM",Negative
Keir Starmer (UK PM),codomain,1975998235132199153,https://x.com/dino868/status/1975998235132199153,"RT @Suffragent_: Police arrest two Afghans behind the UK’s biggest phone-snatching gang. 

Officers found more than 40,000 stolen devices w…",184025381,dino868,False,650,"Southern England, UK ",39293,927613,"October 8, 2025 at 06:54 PM",Negative
Keir Starmer (UK PM),codomain,1975995809096183820,https://x.com/dino868/status/1975995809096183820,"RT @IAmBritishReal: This is sacred British heritage church grounds. 

Firstly Muslims should not be allowed to gather to pray there, and se…",184025381,dino868,False,650,"Southern England, UK ",7301,110057,"October 8, 2025 at 06:44 PM",Negative
Keir Starmer (UK PM),codomain,1975696755263217727,https://x.com/dino868/status/1975696755263217727,"RT @visegrad24: The UK now has the highest figure of rapes in Europe.

The UK recorded 71,227 last year, a nearly ninefold increase from 7,…",184025381,dino868,False,650,"Southern England, UK ",20327,2111048,"October 7, 2025 at 10:56 PM",Negative
Keir Starmer (UK PM),codomain,1976327167043944854,https://x.com/Stephen53422939/status/1976327167043944854,"RT @ImtiazMadmood: In Sharia Law women &amp; girls are treated  like Property or even Slaves .   

Public beatings of women while men watch, is…",1422249110011318283,Stephen53422939,False,515,"Chelmsford, East",7308,216284,"October 9, 2025 at 04:41 PM",Negative
Keir Starmer (UK PM),codomain,1976326939553169833,https://x.com/Stephen53422939/status/1976326939553169833,RT @ZiaYusufUK: 😍🇬🇧 https://t.co/Zc43vqeRHJ,1422249110011318283,Stephen53422939,False,515,"Chelmsford, East",875,12571,"October 9, 2025 at 04:40 PM",Negative
Keir Starmer (UK PM),codomain,1976325071095619649,https://x.com/Stephen53422939/status/1976325071095619649,"RT @TheBritLad: 🚨WOW: Germany joins Britain in the “raise the colours” campaign with thousands of Deutschland flags raised overnight.

The…",1422249110011318283,Stephen53422939,False,515,"Chelmsford, East",15858,117552,"October 9, 2025 at 04:33 PM",Negative
Keir Starmer (UK PM),codomain,1976324691598962827,https://x.com/Stephen53422939/status/1976324691598962827,"RT @TheBritishIntel: 🚨🇬🇧 HULL: POLICE HUNT TEENAGERS AFTER VICIOUS ATTACK ON 62-YEAR-OLD MAN

Detectives have released CCTV images of two t…",1422249110011318283,Stephen53422939,False,515,"Chelmsford, East",1454,22123,"October 9, 2025 at 04:31 PM",Negative
Keir Starmer (UK PM),codomain,1975916639456760022,https://x.com/Stephen53422939/status/1975916639456760022,"RT @PolitlcsUK: 🚨🎥 WATCH: Kemi Badenoch attacks Home Secretary Shabana Mahmood 

""She tries to convince us she's tough... rightttt. I remem…",1422249110011318283,Stephen53422939,False,515,"Chelmsford, East",8800,373761,"October 8, 2025 at 01:30 PM",Negative
Keir Starmer (UK PM),codomain,1975541490236711041,https://x.com/Stephen53422939/status/1975541490236711041,"RT @realMaalouf: Syrian refugee in Germany:

“I hate German people. I want to slaughter them. I just don’t do it because I don’t want to go…",1422249110011318283,Stephen53422939,False,515,"Chelmsford, East",60680,1384265,"October 7, 2025 at 12:39 PM",Negative
Keir Starmer (UK PM),codomain,1975671212270592124,https://x.com/Stephen53422939/status/1975671212270592124,"RT @DaveAtherton20: 🚨Today's Must Read🚨

In Breck Road in Liverpool a local girl was abducted by migrants, she was locked up and drugged. U…",1422249110011318283,Stephen53422939,False,515,"Chelmsford, East",39456,2861567,"October 7, 2025 at 09:14 PM",Negative
Keir Starmer (UK PM),codomain,1975623414967902458,https://x.com/Stephen53422939/status/1975623414967902458,"RT @dave24144975: 🇮🇪 🇮🇪 🇮🇪

To see a young Irish boy being chased by a gang of Africans on the streets of Ireland and then beaten...

It wo…",1422249110011318283,Stephen53422939,False,515,"Chelmsford, East",17789,596813,"October 7, 2025 at 06:05 PM",Negative
Keir Starmer (UK PM),codomain,1975265579608269190,https://x.com/Stephen53422939/status/1975265579608269190,"RT @BROKENBRITAIN0: 🚨 17 YEAR OLD GIRL R@PED IN BROAD DAYLIGHT IN WEST SUSSEX VILLAGE❗️🇬🇧

The victim reportedly encountered a man she did…",1422249110011318283,Stephen53422939,False,515,"Chelmsford, East",7362,129247,"October 6, 2025 at 06:23 PM",Negative
Keir Starmer (UK PM),codomain,1974940666720587801,https://x.com/Stephen53422939/status/1974940666720587801,"RT @Basil_TGMD: 🚨Former Labour MP admits Labour Party DID cover up grooming gangs

He says he was instructed by the Chair of the Parliament…",1422249110011318283,Stephen53422939,False,515,"Chelmsford, East",17477,194644,"October 5, 2025 at 08:52 PM",Negative
Keir Starmer (UK PM),codomain,1974856609898852568,https://x.com/Stephen53422939/status/1974856609898852568,"RT @LeeAndersonMP_: This is your money..

I wonder where this cash will end up🤔",1422249110011318283,Stephen53422939,False,515,"Chelmsford, East",9427,193146,"October 5, 2025 at 03:18 PM",Negative
Keir Starmer (UK PM),codomain,1974116202428707277,https://x.com/Stephen53422939/status/1974116202428707277,"RT @addicted2newz: Shabana Mahmood said she doesn't have the power to ban these vile, antisemitic, Hamas supporting hate marches. 

This is…",1422249110011318283,Stephen53422939,False,515,"Chelmsford, East",12427,103072,"October 3, 2025 at 02:15 PM",Negative
Keir Starmer (UK PM),codomain,1974549731671158802,https://x.com/EuropaIneffable/status/1974549731671158802,RT @elonmusk: Funniest thread I’ve seen in a while 🤣🤣,1942512503230963712,EuropaIneffable,False,191,"Mayapore, Bihar",523862,79695939,"October 4, 2025 at 06:58 PM",Negative
Keir Starmer (UK PM),codomain,1976028102624170429,https://x.com/JohnnyO1061/status/1976028102624170429,Yes,172985809,JohnnyO1061,False,704,GFOD  ,0,2,"October 8, 2025 at 08:53 PM",Negative
Keir Starmer (UK PM),codomain,1976191858050032097,https://x.com/toby_ambro91604/status/1976191858050032097,👇,1708752045795049472,toby_ambro91604,False,23,,0,0,"October 9, 2025 at 07:43 AM",Negative
Keir Starmer (UK PM),codomain,1975937172361367563,https://x.com/Golfstee/status/1975937172361367563,"RT @MPIainDS: Yet more evidence that Starmer is not telling the truth about the collasped China spy case. 👇
The Labour government’s excuse…",1409085420923666433,Golfstee,False,1739,,4917,397143,"October 8, 2025 at 02:51 PM",Negative
Keir Starmer (UK PM),codomain,1975936857671127072,https://x.com/Golfstee/status/1975936857671127072,"RT @SimonDanczuk: There’s something very sinister about Starmer. Effectively giving away Chagos to the Chinese, collapsing the China spying…",1409085420923666433,Golfstee,False,1739,,7076,104366,"October 8, 2025 at 02:50 PM",Negative
Keir Starmer (UK PM),codomain,1974750426634375310,https://x.com/Golfstee/status/1974750426634375310,"RT @Sargon_of_Akkad: Foreigners protested about foreign problems and now a foreigner is restricting the rights of Englishmen. 

We need to…",1409085420923666433,Golfstee,False,1739,,11331,214856,"October 5, 2025 at 08:16 AM",Negative
Keir Starmer (UK PM),codomain,1947521447192367496,https://x.com/Johnpaulelliott/status/1947521447192367496,Fuck the IDF,371411427,Johnpaulelliott,False,580,"Grays, Essex, England",1,17,"July 22, 2025 at 04:57 AM",Negative
Keir Starmer (UK PM),codomain,1972204354502582392,https://x.com/Agentwooska/status/1972204354502582392,This 👇,2465944682,Agentwooska,False,435,London,0,13,"September 28, 2025 at 07:38 AM",Negative
Keir Starmer (UK PM),codomain,1973503967524167902,https://x.com/Agentwooska/status/1973503967524167902,This 👇,2465944682,Agentwooska,False,435,London,0,8,"October 1, 2025 at 09:43 PM",Negative
Keir Starmer (UK PM),codomain,1975777001547178427,https://x.com/Trumpetthumpit/status/1975777001547178427,"RT @kathyireland: Please pray for the return of each person, those living and not, who were sadistically and barbarically taken captive two…",1935797347810000898,Trumpetthumpit,False,307,,19973,321039,"October 8, 2025 at 04:15 AM",Negative
Keir Starmer (UK PM),codomain,1975951756715774205,https://x.com/samaabouha/status/1975951756715774205,"RT @TimcastNews: “At my first AIPAC reception, you had to wear a name badge with a QR code, talk to donors, and if they liked you, they sca…",1906308608,samaabouha,False,47,,24589,3597705,"October 8, 2025 at 03:49 PM",Negative
Keir Starmer (UK PM),codomain,1973677694119453117,https://x.com/DaveJWordsworth/status/1973677694119453117,😂😂😂,3917738183,DaveJWordsworth,True,2238,"London, England",0,82,"October 2, 2025 at 09:13 AM",Negative
Keir Starmer (UK PM),codomain,1976234991433781649,https://x.com/Montpop2000/status/1976234991433781649,"RT @EYakoby: BREAKING: Rahmeh Aladwan will be suspended by the NHS before facing tribunal, after she called for attacks on Jews in the UK a…",483940148,Montpop2000,True,546,,11552,132279,"October 9, 2025 at 10:35 AM",Negative
Keir Starmer (UK PM),codomain,1976186946490642571,https://x.com/Montpop2000/status/1976186946490642571,"RT @BGatesIsaPyscho: This Muslim Man who broke a Female Police Officers Nose still hasn’t been sentenced &amp; roams the streets freely.

Meanw…",483940148,Montpop2000,True,546,,45752,544259,"October 9, 2025 at 07:24 AM",Negative
Keir Starmer (UK PM),codomain,1976297470725439761,https://x.com/Montpop2000/status/1976297470725439761,"RT @Ashley7Fox: I have signed this cross party letter opposing Digital ID - it’s intrusive, expensive, and won’t stop illegal immigration.…",483940148,Montpop2000,True,546,,6269,88762,"October 9, 2025 at 02:43 PM",Negative
Keir Starmer (UK PM),codomain,1976288779682882025,https://x.com/Montpop2000/status/1976288779682882025,"RT @TheGriftReport: SADIQ KHAN HAS BEEN EXPOSED!!!

Susan Hall calls out Sadiq Khan for failing to call out antisemitic protests in Londons…",483940148,Montpop2000,True,546,,4824,121773,"October 9, 2025 at 02:08 PM",Negative
Keir Starmer (UK PM),codomain,1975951632233083366,https://x.com/Montpop2000/status/1975951632233083366,"RT @addicted2newz: There are 2 reasons why Labour refuse to admit the biggest threat we face is Islamist extremism.

1) It's an admission m…",483940148,Montpop2000,True,546,,10917,98830,"October 8, 2025 at 03:49 PM",Negative
Keir Starmer (UK PM),codomain,1975948804827308288,https://x.com/Montpop2000/status/1975948804827308288,RT @JuliaHB1: The pro-Hamas doctor @doctor_rahmeh claims (among her anti-Semitic lies) that she isn't allowed on my @talkTV show. I've invi…,483940148,Montpop2000,True,546,,8261,167518,"October 8, 2025 at 03:38 PM",Negative
Keir Starmer (UK PM),codomain,1975934813644431551,https://x.com/Montpop2000/status/1975934813644431551,"RT @CPhilpOfficial: Keir Starmer has just lied about the collapse of the China spying trial.

Keir Starmer said that the last Government di…",483940148,Montpop2000,True,546,,5748,204702,"October 8, 2025 at 02:42 PM",Negative
Keir Starmer (UK PM),codomain,1975929520890036353,https://x.com/Montpop2000/status/1975929520890036353,"RT @MPIainDS: Yet more evidence that Starmer is not telling the truth about the collasped China spy case. 👇
The Labour government’s excuse…",483940148,Montpop2000,True,546,,4918,397262,"October 8, 2025 at 02:21 PM",Negative
Keir Starmer (UK PM),codomain,1976255863640801653,https://x.com/glenparke/status/1976255863640801653,"RT @Cobratate: Covid didn’t bring the world to its knees.

The authoritarian government response did.

The cowardice of men who comply with…",360053627,glenparke,False,330,"London, England",7190,143502,"October 9, 2025 at 11:58 AM",Negative
Keir Starmer (UK PM),codomain,1975929364442443856,https://x.com/glenparke/status/1975929364442443856,RT @elonmusk: Protesting attempted rape is punished more than attempted rape in Britain …,360053627,glenparke,False,330,"London, England",297872,26136929,"October 8, 2025 at 02:20 PM",Negative
Keir Starmer (UK PM),codomain,1976320598709276830,https://x.com/SejanamaneMafa/status/1976320598709276830,"RT @ricwe123: Apparently this is how ""democracy"" works in the EU Parliament.

Silencing an MEP by turning off his microphone, only to follo…",2375238160,SejanamaneMafa,False,18282," Maseru, Lesotho ",10139,158351,"October 9, 2025 at 04:15 PM",Negative
Keir Starmer (UK PM),codomain,1976314895353413701,https://x.com/SejanamaneMafa/status/1976314895353413701,"RT @FranceskAlbs: 〰️As we welcome the ceasefire deal, let’s ensure:
▶️it's respected (last time Israel didn't)
▶️Israeli, Palestinian hosta…",2375238160,SejanamaneMafa,False,18282," Maseru, Lesotho ",7591,201611,"October 9, 2025 at 03:52 PM",Negative
Keir Starmer (UK PM),codomain,1976314018664251781,https://x.com/SejanamaneMafa/status/1976314018664251781,"RT @IhabHassane: It’s unbelievable how many posts I come across that aren’t happy the bloodshed in Gaza is finally coming to an end. 

They…",2375238160,SejanamaneMafa,False,18282," Maseru, Lesotho ",3542,127218,"October 9, 2025 at 03:49 PM",Negative
Keir Starmer (UK PM),codomain,1976280126678765699,https://x.com/mark_j1979/status/1976280126678765699,"RT @Resist_CBDC: They MUST get the Digital ID so they can tie the #CBDC to it.

Make sense? https://t.co/E5MUKJYiad",399023470,mark_j1979,False,5012, south wales uk,167,2493,"October 9, 2025 at 01:34 PM",Negative
Keir Starmer (UK PM),codomain,1976277594053148842,https://x.com/mark_j1979/status/1976277594053148842,"RT @robprogressive: Tony Blair says the Digital ID will “Save £2 billion a year"" by ""improving tax collection” 

Wait, I though the Digital…",399023470,mark_j1979,False,5012, south wales uk,7031,115188,"October 9, 2025 at 01:24 PM",Negative
Keir Starmer (UK PM),codomain,1975842626839749007,https://x.com/mark_j1979/status/1975842626839749007,"RT @ABridgen: Make no mistake , the Chinese social credit system is the destination and endgame for the Digital ID being rolled out in the…",399023470,mark_j1979,False,5012, south wales uk,7473,155691,"October 8, 2025 at 08:36 AM",Negative
Keir Starmer (UK PM),codomain,1976015456042709118,https://x.com/mark_j1979/status/1976015456042709118,"RT @ForeverScept: Putin drops truth bombs to Starmer.

What does that say about Keir? https://t.co/SminBZo25c",399023470,mark_j1979,False,5012, south wales uk,18681,326479,"October 8, 2025 at 08:02 PM",Negative
Keir Starmer (UK PM),codomain,1975886494654206405,https://x.com/culinartkosher/status/1975886494654206405,RT @NotFarLeftAtAll: The woman who cut down the yellow ribbons for the hostages in Muswell Hill yesterday has been identified as Nadia Yaha…,243536261,culinartkosher,False,244,Israel,24195,510692,"October 8, 2025 at 11:30 AM",Negative
Keir Starmer (UK PM),codomain,1975973952267878835,https://x.com/culinartkosher/status/1975973952267878835,"RT @VividProwess: Israeli 🇮🇱 actress Gal Gadot:  

“I'm proud to be an Israeli, and I'm proud to be Jewish.”

https://t.co/zBRoD05GKV",243536261,culinartkosher,False,244,Israel,16713,128323,"October 8, 2025 at 05:17 PM",Negative
Keir Starmer (UK PM),codomain,1975566698146374016,https://x.com/culinartkosher/status/1975566698146374016,"RT @SenFettermanPA: On this two year anniversary of 10/07, I remain deeply proud to stand with Israel.  

Finally, there’s a clear path to…",243536261,culinartkosher,False,244,Israel,51287,588697,"October 7, 2025 at 02:19 PM",Negative
Keir Starmer (UK PM),codomain,1976250593607024759,https://x.com/NortiLess/status/1976250593607024759,"RT @TheRustler83: 🏥 Hospitals were EMPTY during the COVID-19 ‘pandemic’ ….

Professor Mark Woolhouse dropping truth bombs at the COVID Inqu…",1478014574905462790,NortiLess,False,1594,Reality,6074,220089,"October 9, 2025 at 11:37 AM",Negative
Keir Starmer (UK PM),codomain,1976322479003234383,https://x.com/bigdave1781/status/1976322479003234383,"RT @KieraDiss: This is our now Home Secretary and Mayor of London in their native Pakistan in 2010.

They do not care for Britain, their lo…",1804907467551191040,bigdave1781,False,44,Never never,18731,392557,"October 9, 2025 at 04:22 PM",Negative
Keir Starmer (UK PM),codomain,1975450459092754626,https://x.com/bigdave1781/status/1975450459092754626,"RT @realMaalouf: Syrian refugee in Germany:

“I hate German people. I want to slaughter them. I just don’t do it because I don’t want to go…",1804907467551191040,bigdave1781,False,44,Never never,60680,1384275,"October 7, 2025 at 06:37 AM",Negative
Keir Starmer (UK PM),codomain,1975553297898741958,https://x.com/bigdave1781/status/1975553297898741958,RT @ACTBrigitte: Islamophobia is a made up term to protect terrorists.,1804907467551191040,bigdave1781,False,44,Never never,38730,408429,"October 7, 2025 at 01:26 PM",Negative
Keir Starmer (UK PM),codomain,1975552906410795213,https://x.com/bigdave1781/status/1975552906410795213,"RT @GoodwinMJ: This is why they don’t want a rape inquiry in Bradford. Because I suspect we will find many, many more sickening cases like…",1804907467551191040,bigdave1781,False,44,Never never,19227,177837,"October 7, 2025 at 01:24 PM",Negative
Keir Starmer (UK PM),codomain,1975552675761754569,https://x.com/bigdave1781/status/1975552675761754569,"RT @RobertJenrick: I have uncovered over 30 immigration judges with links to open borders charities. 

It is now beyond any doubt that a de…",1804907467551191040,bigdave1781,False,44,Never never,81160,2226494,"October 7, 2025 at 01:23 PM",Negative
Keir Starmer (UK PM),codomain,1975552618018840601,https://x.com/bigdave1781/status/1975552618018840601,"RT @realrikkidoolan: We are absolutely expecting you to act on this @nottspolice. 

It’s a clear incitement to violence, it happened in you…",1804907467551191040,bigdave1781,False,44,Never never,14669,238317,"October 7, 2025 at 01:23 PM",Negative
Keir Starmer (UK PM),codomain,1975285067120583076,https://x.com/bigdave1781/status/1975285067120583076,"RT @AzatAlsalim: An Arab man from Saudi Arabia in a message to Palestinians:

""Who are you trying to fool? You have no land and no case. Th…",1804907467551191040,bigdave1781,False,44,Never never,14655,370537,"October 6, 2025 at 07:40 PM",Negative
Keir Starmer (UK PM),codomain,1974922839146033170,https://x.com/bigdave1781/status/1974922839146033170,"RT @LeeAndersonMP_: This is your money..

I wonder where this cash will end up🤔",1804907467551191040,bigdave1781,False,44,Never never,9428,193146,"October 5, 2025 at 07:41 PM",Negative
Keir Starmer (UK PM),codomain,1974375598534606958,https://x.com/bigdave1781/status/1974375598534606958,"RT @TheGriftReport: This is why Keir Starmer is the problem. He panders to Muslims for votes while they laugh in his face...

He enables an…",1804907467551191040,bigdave1781,False,44,Never never,15102,135795,"October 4, 2025 at 07:26 AM",Negative
Keir Starmer (UK PM),codomain,1966186803469099336,https://x.com/Stoned__Mason/status/1966186803469099336,This 👇,1776963495172444160,Stoned__Mason,False,240,,0,68,"September 11, 2025 at 05:07 PM",Negative
Keir Starmer (UK PM),codomain,1976293277834899463,https://x.com/Stoned__Mason/status/1976293277834899463,"RT @wideawake_media: ""Does anyone else find it odd that $200 billion is spent on cancer research every single year and the only thing to sh…",1776963495172444160,Stoned__Mason,False,240,,19673,322589,"October 9, 2025 at 02:26 PM",Negative
Keir Starmer (UK PM),codomain,1975679091236913371,https://x.com/BritPatriotSam/status/1975679091236913371,"RT @RobertJenrick: I have uncovered over 30 immigration judges with links to open borders charities. 

It is now beyond any doubt that a de…",1678680542185660417,BritPatriotSam,False,95,"Leeds, England 🏴󠁧󠁢󠁥󠁮󠁧󠁿",81160,2226494,"October 7, 2025 at 09:46 PM",Negative
Keir Starmer (UK PM),codomain,1975177414788489661,https://x.com/BritPatriotSam/status/1975177414788489661,RT @benhabib6: Both @Nigel_Farage and @KemiBadenoch have said they will remove benefits from foreigners. Both then went on to say that bene…,1678680542185660417,BritPatriotSam,False,95,"Leeds, England 🏴󠁧󠁢󠁥󠁮󠁧󠁿",4848,103854,"October 6, 2025 at 12:32 PM",Negative
Keir Starmer (UK PM),codomain,1975141796096385282,https://x.com/BritPatriotSam/status/1975141796096385282,RT @_AdvanceUK: Advance UK says NO to Digital ID. https://t.co/X7Nex8A8xu,1678680542185660417,BritPatriotSam,False,95,"Leeds, England 🏴󠁧󠁢󠁥󠁮󠁧󠁿",1955,42435,"October 6, 2025 at 10:11 AM",Negative
Keir Starmer (UK PM),codomain,1974609391925313959,https://x.com/BritPatriotSam/status/1974609391925313959,"RT @YoungBobTPUK: Turning Point UK will be relaunching our campus activism!

We will be bringing Charlie's message to British campuses soon…",1678680542185660417,BritPatriotSam,False,95,"Leeds, England 🏴󠁧󠁢󠁥󠁮󠁧󠁿",16831,1036104,"October 4, 2025 at 10:55 PM",Negative
Keir Starmer (UK PM),codomain,1976071029253710066,https://x.com/TimHare14664/status/1976071029253710066,"RT @RobertJenrick: I have uncovered over 30 immigration judges with links to open borders charities. 

It is now beyond any doubt that a de…",1875108920571645952,TimHare14664,True,487,"England, United Kingdom",81160,2226494,"October 8, 2025 at 11:43 PM",Negative
Keir Starmer (UK PM),codomain,1975507033525760217,https://x.com/TimHare14664/status/1975507033525760217,RT @elonmusk: Actually happening every day,1875108920571645952,TimHare14664,True,487,"England, United Kingdom",360488,31198801,"October 7, 2025 at 10:22 AM",Negative
Keir Starmer (UK PM),codomain,1974678760470593638,https://x.com/TimHare14664/status/1974678760470593638,"RT @jessgill03: It’s insane how ungrateful everyone is to the British Empire. 

We did so much for the world yet we’ve been taught that we’…",1875108920571645952,TimHare14664,True,487,"England, United Kingdom",31466,3937289,"October 5, 2025 at 03:31 AM",Negative
Keir Starmer (UK PM),codomain,1976262255194116107,https://x.com/deepakomyogi/status/1976262255194116107,"RT @KieraDiss: This is our now Home Secretary and Mayor of London in their native Pakistan in 2010.

They do not care for Britain, their lo…",482993584,deepakomyogi,False,1035,⛰️🏕,18734,392557,"October 9, 2025 at 12:23 PM",Negative
Keir Starmer (UK PM),codomain,1972524453268722137,https://x.com/taken_shivam/status/1972524453268722137,"RT @narendramodi: #OperationSindoor on the games field. 

Outcome is the same - India wins!

Congrats to our cricketers.",1819306672558653440,taken_shivam,False,35,,526062,43266109,"September 29, 2025 at 04:50 AM",Negative
Keir Starmer (UK PM),codomain,1976078974565658940,https://x.com/Danny418901/status/1976078974565658940,"RT @TRobinsonNewEra: Another Muslim rapist absconds after being found guilty.

Bail for foreign rapists.

Straight to prison for Brits for…",1697521415497367552,Danny418901,False,150,,11535,136724,"October 9, 2025 at 12:15 AM",Negative
Keir Starmer (UK PM),codomain,1976078915555959136,https://x.com/Danny418901/status/1976078915555959136,"RT @Neccccy: BREAKING NEWS

Still no sentence ??????

Do you smell a rat? https://t.co/hJ0FxTCrIP",1697521415497367552,Danny418901,False,150,,17574,355306,"October 9, 2025 at 12:15 AM",Negative
Keir Starmer (UK PM),codomain,1976252570923679875,https://x.com/Danny418901/status/1976252570923679875,RT @jomickane: Counter protest against the Pink Ladies.... so that must mean they are against protecting children 🤔🤷‍♀️ https://t.co/kYaHip…,1697521415497367552,Danny418901,False,150,,8124,73116,"October 9, 2025 at 11:45 AM",Negative
Keir Starmer (UK PM),codomain,1976224242128781704,https://x.com/Danny418901/status/1976224242128781704,"RT @AshleaSimonBF: This was spotted in Moston.

Gary Neville needs to clarify if it’s true? 😂… https://t.co/8jP6KTzLc9",1697521415497367552,Danny418901,False,150,,12973,698559,"October 9, 2025 at 09:52 AM",Negative
Keir Starmer (UK PM),codomain,1976204705123664024,https://x.com/Danny418901/status/1976204705123664024,"RT @KieraDiss: This is our now Home Secretary and Mayor of London in their native Pakistan in 2010.

They do not care for Britain, their lo…",1697521415497367552,Danny418901,False,150,,18735,392724,"October 9, 2025 at 08:34 AM",Negative
Keir Starmer (UK PM),codomain,1976315596615843974,https://x.com/Danny418901/status/1976315596615843974,RT @iamyesyouareno: An absolute disgrace. Why is his safety more important than the safety of the British people? https://t.co/0j7DKQv23b,1697521415497367552,Danny418901,False,150,,19931,288417,"October 9, 2025 at 03:55 PM",Negative
Keir Starmer (UK PM),codomain,1976301523807117666,https://x.com/Danny418901/status/1976301523807117666,"RT @TheGriftReport: SADIQ KHAN HAS BEEN EXPOSED!!!

Susan Hall calls out Sadiq Khan for failing to call out antisemitic protests in Londons…",1697521415497367552,Danny418901,False,150,,4848,122606,"October 9, 2025 at 02:59 PM",Negative
Keir Starmer (UK PM),codomain,1976301217501638800,https://x.com/Danny418901/status/1976301217501638800,"RT @Basil_TGMD: 🚨NORTHERN MAN SAYS I DON'T KNOW ANYONE WHO WILL VOTE LABOUR AGAIN

Labour have lost the Red Wall
They have betrayed everybo…",1697521415497367552,Danny418901,False,150,,4534,62719,"October 9, 2025 at 02:58 PM",Negative
Keir Starmer (UK PM),codomain,1976060557800141205,https://x.com/Danny418901/status/1976060557800141205,"RT @TRobinsonNewEra: Chants of ""Keir Starmer's a wanker"" at the darts 🎯

 https://t.co/R0LS5fJ8L4",1697521415497367552,Danny418901,False,150,,13141,226472,"October 8, 2025 at 11:02 PM",Negative
Keir Starmer (UK PM),codomain,1976038461015720412,https://x.com/Danny418901/status/1976038461015720412,"RT @RupertLowe10: Sod off, Lenny. https://t.co/e7Uccpao4k",1697521415497367552,Danny418901,False,150,,15747,197126,"October 8, 2025 at 09:34 PM",Negative
Keir Starmer (UK PM),codomain,1976038437657653430,https://x.com/Danny418901/status/1976038437657653430,"RT @Basil_TGMD: 🚨Gary Neville will face NO disciplinary action by Sky Sports

It has now been confirmed that blaming an Islamic attack on '…",1697521415497367552,Danny418901,False,150,,10292,236158,"October 8, 2025 at 09:34 PM",Negative
Keir Starmer (UK PM),codomain,1976240932929536441,https://x.com/Liddlebigmouth1/status/1976240932929536441,"RT @EylonALevy: No Europeans were involved in the making of this deal. 

Thank you for your attention to this important matter.",1562214548861358080,Liddlebigmouth1,False,2555,Rentfree in your head,21847,474914,"October 9, 2025 at 10:58 AM",Negative
Keir Starmer (UK PM),codomain,1976325084353790350,https://x.com/Liddlebigmouth1/status/1976325084353790350,😂,1562214548861358080,Liddlebigmouth1,False,2555,Rentfree in your head,0,26,"October 9, 2025 at 04:33 PM",Negative
Keir Starmer (UK PM),codomain,1976096493686649025,https://x.com/Liddlebigmouth1/status/1976096493686649025,"RT @RachelMoiselle: Note who celebrated slaughter and death on October 7th, 2023. 

Note who is celebrating the hopeful beginnings of peace…",1562214548861358080,Liddlebigmouth1,False,2555,Rentfree in your head,800,13524,"October 9, 2025 at 01:24 AM",Negative
Keir Starmer (UK PM),codomain,1976323867791806902,https://x.com/abhaykumar15864/status/1976323867791806902,RT @IsraeliPM: Give @realDonaldTrump the Nobel Peace Prize - he deserves it! 🏅 https://t.co/Hbuc7kmPt1,1677359987809480705,abhaykumar15864,False,105,,14682,871610,"October 9, 2025 at 04:28 PM",Negative
Keir Starmer (UK PM),codomain,1976323662090469513,https://x.com/abhaykumar15864/status/1976323662090469513,"RT @gautam_adani: From blueprints to skylines, from dreams to runways, today India soars higher as Hon’ble PM Shri @narendramodi ji inaugur…",1677359987809480705,abhaykumar15864,False,105,,13368,530164,"October 9, 2025 at 04:27 PM",Negative
Keir Starmer (UK PM),codomain,1976323556872228892,https://x.com/abhaykumar15864/status/1976323556872228892,RT @swatic12: and cost of a common man's life even cheaper,1677359987809480705,abhaykumar15864,False,105,,8094,144846,"October 9, 2025 at 04:27 PM",Negative
Keir Starmer (UK PM),codomain,1976321436601155899,https://x.com/abhaykumar15864/status/1976321436601155899,"RT @sidhant: Pakistan-based terror organization Jaish-e-Mohammed (JeM) announces the formation of its first-ever women’s wing, named “Jamaa…",1677359987809480705,abhaykumar15864,False,105,,2771,374545,"October 9, 2025 at 04:18 PM",Negative
Keir Starmer (UK PM),codomain,1976312952707055669,https://x.com/abhaykumar15864/status/1976312952707055669,"RT @MrSinha_: First of all, the Ethanol policy was the Modi Government’s initiative, not just Gadkari’s.
So let’s forget that debate, what’…",1677359987809480705,abhaykumar15864,False,105,,919,41539,"October 9, 2025 at 03:45 PM",Negative
Keir Starmer (UK PM),codomain,1976312123635724370,https://x.com/abhaykumar15864/status/1976312123635724370,RT @notwaltxz: Our maid is from bihar. She seemed a bit more excited than normal days today as she got 10k inr from the government. She has…,1677359987809480705,abhaykumar15864,False,105,,6421,332759,"October 9, 2025 at 03:41 PM",Negative
Keir Starmer (UK PM),codomain,1976309211156894120,https://x.com/abhaykumar15864/status/1976309211156894120,RT @mkatju: I condemn the throwing of a shoe on CJI Gavai. But he invited this when while hearing a petition praying for restoration of a s…,1677359987809480705,abhaykumar15864,False,105,,24519,799020,"October 9, 2025 at 03:30 PM",Negative
Keir Starmer (UK PM),codomain,1976255847383568747,https://x.com/VulpesBite/status/1976255847383568747,"RT @NiohBerg: Gaza right now.

All well fed and with fresh haircuts. There was never a genocide or a famine at any point in the past 2 year…",1136630742,VulpesBite,False,2334,"London, England",15656,420408,"October 9, 2025 at 11:58 AM",Negative
Keir Starmer (UK PM),codomain,1976226830589038792,https://x.com/VulpesBite/status/1976226830589038792,"RT @CamillaTominey: Reminder: In the UK, bigamy is illegal under the Offences against the Person Act 1861",1136630742,VulpesBite,False,2334,"London, England",12265,444322,"October 9, 2025 at 10:02 AM",Negative
Keir Starmer (UK PM),codomain,1976226766680359375,https://x.com/VulpesBite/status/1976226766680359375,"RT @Suffragent_: NEW‼️Bankrupt Birmingham Council is spending thousands on a taskforce to tear down 'unauthorised' flags.

Patrol officers…",1136630742,VulpesBite,False,2334,"London, England",3390,61568,"October 9, 2025 at 10:02 AM",Negative
Keir Starmer (UK PM),codomain,1976225850715775444,https://x.com/VulpesBite/status/1976225850715775444,"RT @Never_Again2020: Good news - the ghastly Dr Rahmeh Aladwan (@doctor_rahmeh), the face of NHS antisemitism, has been re-referred to a me…",1136630742,VulpesBite,False,2334,"London, England",6170,114909,"October 9, 2025 at 09:58 AM",Negative
Keir Starmer (UK PM),codomain,1976225798622421471,https://x.com/VulpesBite/status/1976225798622421471,RT @jomickane: Counter protest against the Pink Ladies.... so that must mean they are against protecting children 🤔🤷‍♀️ https://t.co/kYaHip…,1136630742,VulpesBite,False,2334,"London, England",8124,73116,"October 9, 2025 at 09:58 AM",Negative
Keir Starmer (UK PM),codomain,1976300656378904925,https://x.com/VulpesBite/status/1976300656378904925,"RT @SkyNews: A Jewish organisation has called for Manchester Academy to cancel an upcoming performance by Bob Vylan, saying they have ""enga…",1136630742,VulpesBite,False,2334,"London, England",262,78974,"October 9, 2025 at 02:56 PM",Negative
Keir Starmer (UK PM),codomain,1976232587611037898,https://x.com/TottyT70/status/1976232587611037898,RT @EliAfriatISR: YOUR HELL IS OVER.💔🎗️ https://t.co/J19NKU4LPl,61267282,TottyT70,False,816,,14361,147501,"October 9, 2025 at 10:25 AM",Negative
Keir Starmer (UK PM),codomain,1976231196771369089,https://x.com/TottyT70/status/1976231196771369089,"RT @EssexPR: Just so we are clear, Keir Starmer &amp; Britain had no part in this Israel - Hamas peace deal…you know why, because this Labour G…",61267282,TottyT70,False,816,,9237,101500,"October 9, 2025 at 10:20 AM",Negative
Keir Starmer (UK PM),codomain,1975886454518931517,https://x.com/TottyT70/status/1975886454518931517,"RT @addicted2newz: I've seen some absolutely disgusting views from Hamas supporters today, but this interview was the most chilling, by far…",61267282,TottyT70,False,816,,37128,1502188,"October 8, 2025 at 11:30 AM",Negative
Keir Starmer (UK PM),codomain,1975883245830148389,https://x.com/TottyT70/status/1975883245830148389,"RT @Basil_TGMD: 🚨PARENTS BRANDED RACIST FOR OBJECTING TO ISLAMIC LESSONS AT PRIMARY SCHOOL

During the lesson, one child said, ""I’m Christi…",61267282,TottyT70,False,816,,12432,319085,"October 8, 2025 at 11:17 AM",Negative
Keir Starmer (UK PM),codomain,1975953319689617495,https://x.com/TottyT70/status/1975953319689617495,"RT @Basil_TGMD: A homeless veteran in Sunderland has made his bed in a bus stop.

Meanwhile illegal migrants are given 4 star hotels to liv…",61267282,TottyT70,False,816,,20752,984800,"October 8, 2025 at 03:55 PM",Negative
Keir Starmer (UK PM),codomain,1975520631299940540,https://x.com/TottyT70/status/1975520631299940540,"RT @policylaila: Why does Labour stand up for illegal migrants but turn their backs on us, the ones who follow them, pay our taxes, and kee…",61267282,TottyT70,False,816,,12841,243937,"October 7, 2025 at 11:16 AM",Negative
Keir Starmer (UK PM),codomain,1975660232740118567,https://x.com/TottyT70/status/1975660232740118567,RT @DaveAtherton20: Made me laugh 😃 https://t.co/TA4RVnbWIc,61267282,TottyT70,False,816,,12129,226242,"October 7, 2025 at 08:31 PM",Negative
Keir Starmer (UK PM),codomain,1975660128226476499,https://x.com/TottyT70/status/1975660128226476499,RT @Iromg: This is funny. Manchester answers @GNev2 - have some British flags outside your hotel mate. Brilliant… https://t.co/3LK8al8RvT,61267282,TottyT70,False,816,,21248,3212911,"October 7, 2025 at 08:30 PM",Negative
Keir Starmer (UK PM),codomain,1975455579570381163,https://x.com/TottyT70/status/1975455579570381163,"RT @fem_mb: This horrible woman cut down all of the yellow ribbons that had just been put up in Muswell Hill, London today for the kidnappe…",61267282,TottyT70,False,816,,11956,406002,"October 7, 2025 at 06:58 AM",Negative
Keir Starmer (UK PM),codomain,1975632080211222957,https://x.com/TottyT70/status/1975632080211222957,RT @kingkapoor72: BREAKING - UK police are refusing to arrest a Nottingham iman after he called for Muslims in the UK and other white natio…,61267282,TottyT70,False,816,,17512,455841,"October 7, 2025 at 06:39 PM",Negative
Keir Starmer (UK PM),codomain,1975551710589550966,https://x.com/TottyT70/status/1975551710589550966,RT @RenownVet02: Never a truer word spoken... https://t.co/cWjmGCnKaA,61267282,TottyT70,False,816,,13121,127891,"October 7, 2025 at 01:20 PM",Negative
Keir Starmer (UK PM),codomain,1975546962742288650,https://x.com/TottyT70/status/1975546962742288650,"RT @Basil_TGMD: 🚨BREAKING: MAN ARRESTED FOR ARSON ATTACK ON MOSQUE IS MUSLIM

43-year-old, Arif Ali Rafiq has been charged in connection wi…",61267282,TottyT70,False,816,,26839,756872,"October 7, 2025 at 01:01 PM",Negative
Keir Starmer (UK PM),codomain,1974111306715443518,https://x.com/DC_smee/status/1974111306715443518,RT @ReformYorkshire: Reformuk https://t.co/CVBH9t3Com,1762076047669874688,DC_smee,False,6,,17140,70956,"October 3, 2025 at 01:56 PM",Negative
Keir Starmer (UK PM),codomain,1974056563951194132,https://x.com/latheron_pamela/status/1974056563951194132,"RT @WiganCouncil: RESULT: Wigan Central (Wigan Council by-election) 
Turnout: 30.9% 
LAB: 970
LIB DEM: 109 
IND: 196
CON: 151
RFM: 1,391
GR…",1638617216,latheron_pamela,False,316,,8335,368714,"October 3, 2025 at 10:18 AM",Negative
Keir Starmer (UK PM),codomain,1975990577322918100,https://x.com/thefool1/status/1975990577322918100,"RT @LeoDaVinciWave: 900-year-old door of St Helen's Church, Yorkshire, England 🏴󠁧󠁢󠁥󠁮󠁧󠁿. https://t.co/Jl4ycrWjUM",958229828,thefool1,False,1906,,10649,134797,"October 8, 2025 at 06:24 PM",Negative
Keir Starmer (UK PM),codomain,1975987686423888075,https://x.com/thefool1/status/1975987686423888075,"RT @jk_rowling: SNP ministers have failed to pay their £250k bill, six months after the Supreme Court ruling. The rumour is that they’re tr…",958229828,thefool1,False,1906,,25983,952230,"October 8, 2025 at 06:12 PM",Negative
Keir Starmer (UK PM),codomain,1976321720110972986,https://x.com/MLeCraquepot/status/1976321720110972986,"RT @Osint613: Instead of helping for a real push for a ceasefire, these three men pushed for a Palestinian state. 

They did absolutely not…",865991759247093760,MLeCraquepot,False,5568,"Ealing, United Kingdom",16900,245541,"October 9, 2025 at 04:19 PM",Negative
Keir Starmer (UK PM),codomain,1976319545955713113,https://x.com/MLeCraquepot/status/1976319545955713113,"RT @Never_Again2020: Good news - the ghastly Dr Rahmeh Aladwan (@doctor_rahmeh), the face of NHS antisemitism, has been re-referred to a me…",865991759247093760,MLeCraquepot,False,5568,"Ealing, United Kingdom",6170,114909,"October 9, 2025 at 04:11 PM",Negative
Keir Starmer (UK PM),codomain,1975968955186741664,https://x.com/MLeCraquepot/status/1975968955186741664,"RT @andie1105: On Friday, I was being stared at by a man on a train from Stevenage to London Bridge. At London Bridge, he came very close t…",865991759247093760,MLeCraquepot,False,5568,"Ealing, United Kingdom",33873,1603610,"October 8, 2025 at 04:58 PM",Negative
Keir Starmer (UK PM),codomain,1975967095042236567,https://x.com/MLeCraquepot/status/1975967095042236567,"RT @robprogressive: ANOTHER Billionaire has QUIT the U.K.

The richest people in the U.K., now GONE

All in the last year. Labour. Wake up.…",865991759247093760,MLeCraquepot,False,5568,"Ealing, United Kingdom",1077,36037,"October 8, 2025 at 04:50 PM",Negative
Keir Starmer (UK PM),codomain,1975660122866393249,https://x.com/MLeCraquepot/status/1975660122866393249,RT @Iromg: This is funny. Manchester answers @GNev2 - have some British flags outside your hotel mate. Brilliant… https://t.co/3LK8al8RvT,865991759247093760,MLeCraquepot,False,5568,"Ealing, United Kingdom",21248,3213210,"October 7, 2025 at 08:30 PM",Negative
Keir Starmer (UK PM),codomain,1976321939649298907,https://x.com/MrMarkW67/status/1976321939649298907,RT @Suffragent_: Three Epping protesters have been jailed - getting LONGER sentences than the migrant who sparked the disorder by assaultin…,1591031068039254017,MrMarkW67,False,4896, England,31456,27033351,"October 9, 2025 at 04:20 PM",Negative
Keir Starmer (UK PM),codomain,1976301045832642835,https://x.com/MrMarkW67/status/1976301045832642835,RT @PatrickChristys: There is a big problem in the NHS…and it’s not just the healthcare. https://t.co/OluqVaINzS,1591031068039254017,MrMarkW67,False,4896, England,2220,33757,"October 9, 2025 at 02:57 PM",Negative
Keir Starmer (UK PM),codomain,1976018905505333398,https://x.com/MrMarkW67/status/1976018905505333398,RT @PatrickChristys: I can’t believe what I’ve just heard - a Manchester police chief saying Mr Jihadi Jihad called 999 to say he was a mem…,1591031068039254017,MrMarkW67,False,4896, England,12374,213292,"October 8, 2025 at 08:16 PM",Negative
Keir Starmer (UK PM),codomain,1975989604315693513,https://x.com/MrMarkW67/status/1975989604315693513,"RT @simonsquibb: I wish I didn’t have to write this.

But if you’re a parent in England… this affects you.

The government’s new ‘Children’…",1591031068039254017,MrMarkW67,False,4896, England,3376,356461,"October 8, 2025 at 06:20 PM",Negative
Keir Starmer (UK PM),codomain,1975967740562481342,https://x.com/MrMarkW67/status/1975967740562481342,"RT @Suffragent_: Police arrest two Afghans behind the UK’s biggest phone-snatching gang. 

Officers found more than 40,000 stolen devices w…",1591031068039254017,MrMarkW67,False,4896, England,39297,927699,"October 8, 2025 at 04:53 PM",Negative
Keir Starmer (UK PM),codomain,1975954265886908859,https://x.com/MrMarkW67/status/1975954265886908859,"RT @Nigel_Farage: A video from the English Channel this morning as hundreds of young men cross.

Today we will go through 35,000 for the ye…",1591031068039254017,MrMarkW67,False,4896, England,12998,385295,"October 8, 2025 at 03:59 PM",Negative
Keir Starmer (UK PM),codomain,1976298175997555051,https://x.com/thedeedardingle/status/1976298175997555051,RT @BladeoftheS: Charlotte Church sang From the River to the Sea at a fundraising event for Palestinians and now all the usual people are s…,718515005306626048,thedeedardingle,False,279, D E E      D A R      L A N D,2408,42811,"October 9, 2025 at 02:46 PM",Negative
Keir Starmer (UK PM),codomain,1975900741547282843,https://x.com/thedeedardingle/status/1975900741547282843,"RT @NizMhani: They said 40 babies were beheaded. It was a lie.

They said babies were put in ovens. It was a lie.

They said babies were to…",718515005306626048,thedeedardingle,False,279, D E E      D A R      L A N D,26596,596618,"October 8, 2025 at 12:27 PM",Negative
Keir Starmer (UK PM),codomain,1975659259477012814,https://x.com/thedeedardingle/status/1975659259477012814,"RT @BladeoftheS: Conservative MP Mel Stride claims PIP benefit is thousands of pounds per month.

No it is an absolute maximum of £720 a mo…",718515005306626048,thedeedardingle,False,279, D E E      D A R      L A N D,11040,343535,"October 7, 2025 at 08:27 PM",Negative
Keir Starmer (UK PM),codomain,1976205841482105323,https://x.com/CliffCliffybabe/status/1976205841482105323,"RT @HoodedClaw1974: Morning all. What's happening on the Labour farm today?

Brilliant 😂🤣😂👇 https://t.co/9sjHmJUY18",346532928,CliffCliffybabe,True,2483,United Kingdom,4136,98353,"October 9, 2025 at 08:39 AM",Negative
Keir Starmer (UK PM),codomain,1976325909788680279,https://x.com/CliffCliffybabe/status/1976325909788680279,RT @Councillorsuzie: This is very serious 👇,346532928,CliffCliffybabe,True,2483,United Kingdom,3948,65062,"October 9, 2025 at 04:36 PM",Negative
Keir Starmer (UK PM),codomain,1976325735465005193,https://x.com/CliffCliffybabe/status/1976325735465005193,"RT @SBarrettBar: The Prime Minister sided with China

Against Britain.

I suggest he goes. Now.",346532928,CliffCliffybabe,True,2483,United Kingdom,7283,109658,"October 9, 2025 at 04:35 PM",Negative
Keir Starmer (UK PM),codomain,1976325696789283154,https://x.com/CliffCliffybabe/status/1976325696789283154,"RT @RupertLowe10: Restore Britain has today published the most comprehensive deportation policy ever produced in Britain.

Never let anyone…",346532928,CliffCliffybabe,True,2483,United Kingdom,10786,271594,"October 9, 2025 at 04:35 PM",Negative
Keir Starmer (UK PM),codomain,1976325212254896442,https://x.com/CliffCliffybabe/status/1976325212254896442,"RT @NiohBerg: Gaza right now.

All well fed and with fresh haircuts. There was never a genocide or a famine at any point in the past 2 year…",346532928,CliffCliffybabe,True,2483,United Kingdom,15673,421151,"October 9, 2025 at 04:33 PM",Negative
Keir Starmer (UK PM),codomain,1976324362619023416,https://x.com/CliffCliffybabe/status/1976324362619023416,RT @AlexWilsonAM: Sadiq Khan derailed my important question on anti-semitic hate marches to score political points against Reform UK. This…,346532928,CliffCliffybabe,True,2483,United Kingdom,503,11514,"October 9, 2025 at 04:30 PM",Negative
Keir Starmer (UK PM),codomain,1976324202690236901,https://x.com/CliffCliffybabe/status/1976324202690236901,"RT @TheGriftReport: SADIQ KHAN HAS BEEN EXPOSED!!!

Susan Hall calls out Sadiq Khan for failing to call out antisemitic protests in Londons…",346532928,CliffCliffybabe,True,2483,United Kingdom,4855,122606,"October 9, 2025 at 04:29 PM",Negative
Keir Starmer (UK PM),codomain,1976282252255560072,https://x.com/CliffCliffybabe/status/1976282252255560072,RT @CityHallTories: Our Jewish community are let down by a Mayor who cannot bring himself to condemn antisemitism at hate marches. When pre…,346532928,CliffCliffybabe,True,2483,United Kingdom,1832,58808,"October 9, 2025 at 01:43 PM",Negative
Keir Starmer (UK PM),codomain,1976281799979659618,https://x.com/CliffCliffybabe/status/1976281799979659618,"RT @Osint613: Instead of helping for a real push for a ceasefire, these three men pushed for a Palestinian state. 

They did absolutely not…",346532928,CliffCliffybabe,True,2483,United Kingdom,16909,245960,"October 9, 2025 at 01:41 PM",Negative
Keir Starmer (UK PM),codomain,1976281207173415423,https://x.com/CliffCliffybabe/status/1976281207173415423,RT @jomickane: What vile arogant piece of shit he is 🤬 https://t.co/cM1VqR6apD,346532928,CliffCliffybabe,True,2483,United Kingdom,2421,113152,"October 9, 2025 at 01:38 PM",Negative
Keir Starmer (UK PM),codomain,1976280809494675915,https://x.com/CliffCliffybabe/status/1976280809494675915,"RT @visegrad24: BREAKING:

Meloni introduces new bill to combat “Islamist &amp; cultural separatism”

- Full burqa and niqab ban in all public…",346532928,CliffCliffybabe,True,2483,United Kingdom,42823,873638,"October 9, 2025 at 01:37 PM",Negative
Keir Starmer (UK PM),codomain,1976280282715332848,https://x.com/CliffCliffybabe/status/1976280282715332848,"RT @TheBritishIntel: 🚨🇬🇧 JUDGE WHO JAILED EPPING PROTESTERS LONGER THAN MIGRANT RAPIST EXPOSED

Meet Judge Jamie Sawyer — the man who hande…",346532928,CliffCliffybabe,True,2483,United Kingdom,3560,59882,"October 9, 2025 at 01:35 PM",Negative
Keir Starmer (UK PM),codomain,1976280197973540988,https://x.com/CliffCliffybabe/status/1976280197973540988,"RT @Suffragent_: NEW‼️Bankrupt Birmingham Council is spending thousands on a taskforce to tear down 'unauthorised' flags.

Patrol officers…",346532928,CliffCliffybabe,True,2483,United Kingdom,3390,61568,"October 9, 2025 at 01:34 PM",Negative
Keir Starmer (UK PM),codomain,1976279894272430541,https://x.com/CliffCliffybabe/status/1976279894272430541,"RT @EssexPR: Just so we are clear, Keir Starmer &amp; Britain had no part in this Israel - Hamas peace deal…you know why, because this Labour G…",346532928,CliffCliffybabe,True,2483,United Kingdom,9242,101500,"October 9, 2025 at 01:33 PM",Negative
Keir Starmer (UK PM),codomain,1976048517144772886,https://x.com/CliffCliffybabe/status/1976048517144772886,"RT @TRobinsonNewEra: Another Muslim rapist absconds after being found guilty.

Bail for foreign rapists.

Straight to prison for Brits for…",346532928,CliffCliffybabe,True,2483,United Kingdom,11538,136744,"October 8, 2025 at 10:14 PM",Negative
Keir Starmer (UK PM),codomain,1976040881385029994,https://x.com/CliffCliffybabe/status/1976040881385029994,"RT @KieraDiss: This is our now Home Secretary and Mayor of London in their native Pakistan in 2010.

They do not care for Britain, their lo…",346532928,CliffCliffybabe,True,2483,United Kingdom,18739,392724,"October 8, 2025 at 09:43 PM",Negative
Keir Starmer (UK PM),codomain,1976007895696429475,https://x.com/CliffCliffybabe/status/1976007895696429475,"RT @NickTenconi: We're tracking the illegals, documenting where they cross from France into Britain and disrupting the crossings.

For all…",346532928,CliffCliffybabe,True,2483,United Kingdom,6095,92022,"October 8, 2025 at 07:32 PM",Negative
Keir Starmer (UK PM),codomain,1974039892310077895,https://x.com/jadekuzco/status/1974039892310077895,"RT @alexharmstrong: The government have responded to the “Do not introduce Digital ID” petition of over 2 million people.

The first line i…",1708073290525290496,jadekuzco,False,10,,15468,338231,"October 3, 2025 at 09:12 AM",Negative
Keir Starmer (UK PM),codomain,1973433920583770166,https://x.com/jadekuzco/status/1973433920583770166,"RT @recusant_raja: Oldham Rape Gang Cover Up Continues
How The Labour Government Is Trying To Exclude Oldham From The National Inquiry

Ins…",1708073290525290496,jadekuzco,False,10,,3689,65011,"October 1, 2025 at 05:04 PM",Negative
Keir Starmer (UK PM),codomain,1976324077624361028,https://x.com/TheRealBelindaO/status/1976324077624361028,RT @TexasRepublic71: This is done on purpose and needs investigated @HarmeetKDhillon,1595080054094143488,TheRealBelindaO,True,8694,Driving 💩 you can't. ,7238,99700,"October 9, 2025 at 04:29 PM",Negative
Keir Starmer (UK PM),codomain,1976323889262461400,https://x.com/TheRealBelindaO/status/1976323889262461400,"RT @Sassafrass_84: I used to really like Rand Paul. Maybe he has a grudge against President Trump? 

Why would he defend Obama using drone…",1595080054094143488,TheRealBelindaO,True,8694,Driving 💩 you can't. ,1017,15328,"October 9, 2025 at 04:28 PM",Negative
Keir Starmer (UK PM),codomain,1976309855993626734,https://x.com/TheRealBelindaO/status/1976309855993626734,"RT @Osint613: Instead of helping for a real push for a ceasefire, these three men pushed for a Palestinian state. 

They did absolutely not…",1595080054094143488,TheRealBelindaO,True,8694,Driving 💩 you can't. ,16922,245960,"October 9, 2025 at 03:32 PM",Negative
Keir Starmer (UK PM),codomain,1976221199123480663,https://x.com/Stevenpnorman77/status/1976221199123480663,"RT @HoodedClaw1974: Morning all. What's happening on the Labour farm today?

Brilliant 😂🤣😂👇 https://t.co/9sjHmJUY18",1961481291217682432,Stevenpnorman77,False,183,"England, United Kingdom",4137,98402,"October 9, 2025 at 09:40 AM",Negative
Keir Starmer (UK PM),codomain,1976235852713033908,https://x.com/malma421/status/1976235852713033908,"RT @TrussellUK: We see comments like this all the time. 

But the thing is, lots of people who need food banks HAVE JOBS.

Bills are rising…",1892940359979659264,malma421,False,186,"Newcastle Upon Tyne, England",57,1568,"October 9, 2025 at 10:38 AM",Negative
Keir Starmer (UK PM),codomain,1976190639508255075,https://x.com/malma421/status/1976190639508255075,"RT @LizWebsterSBF: 🚨 Downing Street has BLOCKED a report warning that Amazon rainforest collapse could send UK food prices soaring.

They d…",1892940359979659264,malma421,False,186,"Newcastle Upon Tyne, England",2691,55907,"October 9, 2025 at 07:38 AM",Negative
Keir Starmer (UK PM),codomain,1976276227519365456,https://x.com/malma421/status/1976276227519365456,RT @ZackPolanski: Latest poll puts Greens just two points behind Labour. When I said we weren't here to be disappointed in Labour but to re…,1892940359979659264,malma421,False,186,"Newcastle Upon Tyne, England",6970,131023,"October 9, 2025 at 01:19 PM",Negative
Keir Starmer (UK PM),codomain,1976309726205096435,https://x.com/bonker99/status/1976309726205096435,RT @Nigel_Farage: Latest polling out today would give Reform a majority and the Green Party more seats than the Conservatives. https://t.co…,42933483,bonker99,True,5221,,1542,52817,"October 9, 2025 at 03:32 PM",Negative
Keir Starmer (UK PM),codomain,1975936321509319100,https://x.com/bonker99/status/1975936321509319100,RT @EndWokeness: Antifa mugshots. Now you know why they all wear masks. https://t.co/JaDd9e1Ibu,42933483,bonker99,True,5221,,144322,4983600,"October 8, 2025 at 02:48 PM",Negative
Keir Starmer (UK PM),codomain,1974082293259251729,https://x.com/bonker99/status/1974082293259251729,RT @doctor_rahmeh: 'Islam is taking over the West',42933483,bonker99,True,5221,,85570,2806598,"October 3, 2025 at 12:01 PM",Negative
Keir Starmer (UK PM),codomain,1975999273612525579,https://x.com/Carlabela1/status/1975999273612525579,"RT @BladeoftheS: Heseltine thinks we should throw Brexit in the bin.

I agree, do you? https://t.co/awJsi50ix6",357081216,Carlabela1,False,9590,"England, United Kingdom",5917,99739,"October 8, 2025 at 06:58 PM",Negative
Keir Starmer (UK PM),codomain,1976009498696228908,https://x.com/KJennie23108067/status/1976009498696228908,"RT @LeilaniDowding: Ross Kemp speaks to men from a totally different culture .

He asks how they feel about rape +  the consequences: 

The…",1394850528937578496,KJennie23108067,False,41,,19405,846349,"October 8, 2025 at 07:39 PM",Negative
Keir Starmer (UK PM),codomain,1975911969812250920,https://x.com/KJennie23108067/status/1975911969812250920,RT @Suffragent_: Three Epping protesters have been jailed - getting LONGER sentences than the migrant who sparked the disorder by assaultin…,1394850528937578496,KJennie23108067,False,41,,31456,27036130,"October 8, 2025 at 01:11 PM",Negative
Keir Starmer (UK PM),codomain,1976185401942348129,https://x.com/gjsher/status/1976185401942348129,RT @VigilantFox: Joe Rogan’s face hardens with grief over the UK’s push for digital IDs and the arrest of citizens for social media posts.…,1652287271205232641,gjsher,False,446,,37336,1262423,"October 9, 2025 at 07:18 AM",Negative
Keir Starmer (UK PM),codomain,1976324700012937380,https://x.com/gjsher/status/1976324700012937380,"RT @Osint613: Instead of helping for a real push for a ceasefire, these three men pushed for a Palestinian state. 

They did absolutely not…",1652287271205232641,gjsher,False,446,,16941,245960,"October 9, 2025 at 04:31 PM",Negative
Keir Starmer (UK PM),codomain,1975714572532371780,https://x.com/gjsher/status/1975714572532371780,RT @bennyjohnson: After Charlie Kirk and Donald Trump were both shot in the head by Democrats you probably don't need *more* proof that Dem…,1652287271205232641,gjsher,False,446,,79275,2716948,"October 8, 2025 at 12:07 AM",Negative
Keir Starmer (UK PM),codomain,1975889781080146136,https://x.com/gjsher/status/1975889781080146136,"RT @EvaVlaar: Hans and Helga have to work till they’re 73 so Mohammed and Fatima + their 8 kids can live a better life. 

And if Hans and H…",1652287271205232641,gjsher,False,446,,103536,2658602,"October 8, 2025 at 11:43 AM",Negative
Keir Starmer (UK PM),codomain,1975887989726494768,https://x.com/gjsher/status/1975887989726494768,"RT @koshercockney: Berlin tonight.

Could you imagine @Keir_Starmer or the UK Government doing anything like this?

Especially after the Ma…",1652287271205232641,gjsher,False,446,,7252,71009,"October 8, 2025 at 11:36 AM",Negative
Keir Starmer (UK PM),codomain,1975630481896186014,https://x.com/gjsher/status/1975630481896186014,RT @HeidiBachram: The Brandenburg Gate in Germany lit up tonight in solidarity with Israel and the hostages. We can’t even keep ribbons up…,1652287271205232641,gjsher,False,446,,40765,632516,"October 7, 2025 at 06:33 PM",Negative
Keir Starmer (UK PM),codomain,1976322641268203612,https://x.com/FrankEd1967/status/1976322641268203612,"RT @TimesRadio: “The prime minister is not telling the truth.”

Iain Duncan Smith says recent days have been “tortuous and deceptive” due t…",2845140635,FrankEd1967,False,2357,Early 1970s,3646,70862,"October 9, 2025 at 04:23 PM",Negative
Keir Starmer (UK PM),codomain,1976003765657542997,https://x.com/FrankEd1967/status/1976003765657542997,"RT @Suffragent_: Police arrest two Afghans behind the UK’s biggest phone-snatching gang. 

Officers found more than 40,000 stolen devices w…",2845140635,FrankEd1967,False,2357,Early 1970s,39298,927716,"October 8, 2025 at 07:16 PM",Negative
Keir Starmer (UK PM),codomain,1975607573010341923,https://x.com/FrankEd1967/status/1975607573010341923,"RT @Basil_TGMD: What have I just witnessed? 😳

Stand up to Racism hold a minutes silence for the Peacehaven Mosque where NOBODY DIED.

The…",2845140635,FrankEd1967,False,2357,Early 1970s,16182,229660,"October 7, 2025 at 05:02 PM",Negative
Keir Starmer (UK PM),codomain,1975344197436928266,https://x.com/FrankEd1967/status/1975344197436928266,RT @habibi_uk: The Holocaust denier Sarah Wilkinson is a fine face of the flotilla for Hamas. This should please the MPs who have backed th…,2845140635,FrankEd1967,False,2357,Early 1970s,4608,853313,"October 6, 2025 at 11:35 PM",Negative
Keir Starmer (UK PM),codomain,1975343638545899915,https://x.com/FrankEd1967/status/1975343638545899915,"RT @koshercockney: Despicable woman cutting down Hostage Ribbons placed by the Jewish Community of Muswell Hill in London

The same week of…",2845140635,FrankEd1967,False,2357,Early 1970s,30153,854301,"October 6, 2025 at 11:33 PM",Negative
Keir Starmer (UK PM),codomain,1975341535408627839,https://x.com/FrankEd1967/status/1975341535408627839,"RT @AllisterHeath: It breaks my heart to write this, but I fear that the Britain we loved is no more, a mere fading memory that our childre…",2845140635,FrankEd1967,False,2357,Early 1970s,5869,441112,"October 6, 2025 at 11:24 PM",Negative
Keir Starmer (UK PM),codomain,1975340898386083897,https://x.com/FrankEd1967/status/1975340898386083897,"RT @raelbrav: How tragic for our country — that tomorrow, on October 7th, there will be those who choose to celebrate.",2845140635,FrankEd1967,False,2357,Early 1970s,2783,32263,"October 6, 2025 at 11:22 PM",Negative
Keir Starmer (UK PM),codomain,1976270423106199651,https://x.com/UKLabour_Innit/status/1976270423106199651,"RT @ReformDaily_: 📰 Nigel Farage poised for a massive win in tomorrow’s Super Seven elections following a wave of Tory defections

Momentum…",1366510937537142789,UKLabour_Innit,False,14696,#TwoTierBritain,735,9012,"October 9, 2025 at 12:56 PM",Negative
Keir Starmer (UK PM),codomain,1976270250972004477,https://x.com/UKLabour_Innit/status/1976270250972004477,RT @PatrickChristys: Did he marry them in one of these Sharia Courts that ‘don’t exist’?,1366510937537142789,UKLabour_Innit,False,14696,#TwoTierBritain,7276,166710,"October 9, 2025 at 12:55 PM",Negative
Keir Starmer (UK PM),codomain,1976269835534299542,https://x.com/UKLabour_Innit/status/1976269835534299542,RT @iamyesyouareno: An absolute disgrace. Why is his safety more important than the safety of the British people? https://t.co/0j7DKQv23b,1366510937537142789,UKLabour_Innit,False,14696,#TwoTierBritain,19951,289066,"October 9, 2025 at 12:53 PM",Negative
Keir Starmer (UK PM),codomain,1976269679174750210,https://x.com/UKLabour_Innit/status/1976269679174750210,"RT @HoodedClaw1974: Morning all. What's happening on the Labour farm today?

Brilliant 😂🤣😂👇 https://t.co/9sjHmJUY18",1366510937537142789,UKLabour_Innit,False,14696,#TwoTierBritain,4137,98402,"October 9, 2025 at 12:53 PM",Negative
Keir Starmer (UK PM),codomain,1976269598665195979,https://x.com/UKLabour_Innit/status/1976269598665195979,RT @Sutton1Mr: Remember when Starmer fast tracked white Englishman through the courts and put them in prison. Why not the same treatment he…,1366510937537142789,UKLabour_Innit,False,14696,#TwoTierBritain,12339,119337,"October 9, 2025 at 12:52 PM",Negative
Keir Starmer (UK PM),codomain,1976269472827834555,https://x.com/UKLabour_Innit/status/1976269472827834555,"RT @GoodwinMJ: Only in Britain would a man named “Jihad”, who has 3 wives, whose father celebrated the Oct 7th Islamist attacks, who called…",1366510937537142789,UKLabour_Innit,False,14696,#TwoTierBritain,8125,93716,"October 9, 2025 at 12:52 PM",Negative
Keir Starmer (UK PM),codomain,1976269400484245786,https://x.com/UKLabour_Innit/status/1976269400484245786,"RT @TheBritLad: 🚨WOW: Germany joins Britain in the “raise the colours” campaign with thousands of Deutschland flags raised overnight.

The…",1366510937537142789,UKLabour_Innit,False,14696,#TwoTierBritain,16018,118872,"October 9, 2025 at 12:51 PM",Negative
Keir Starmer (UK PM),codomain,1976178474076516426,https://x.com/UKLabour_Innit/status/1976178474076516426,RT @Nigel_Farage: Huge congratulations to President Trump and his team. Real progress between Israel and Hamas is a great achievement.,1366510937537142789,UKLabour_Innit,False,14696,#TwoTierBritain,10766,166168,"October 9, 2025 at 06:50 AM",Negative
Keir Starmer (UK PM),codomain,1976178327041020217,https://x.com/UKLabour_Innit/status/1976178327041020217,"RT @KieraDiss: This is our now Home Secretary and Mayor of London in their native Pakistan in 2010.

They do not care for Britain, their lo…",1366510937537142789,UKLabour_Innit,False,14696,#TwoTierBritain,18745,393081,"October 9, 2025 at 06:50 AM",Negative
Keir Starmer (UK PM),codomain,1976178245885387246,https://x.com/UKLabour_Innit/status/1976178245885387246,"RT @GBNEWS: 'I will not be having digital ID put me in prison. Not a problem. I will not be having digital ID and I really mean it!'

@Nige…",1366510937537142789,UKLabour_Innit,False,14696,#TwoTierBritain,15888,433593,"October 9, 2025 at 06:49 AM",Negative
Keir Starmer (UK PM),codomain,1976178130965684419,https://x.com/UKLabour_Innit/status/1976178130965684419,"RT @PolitlcsUK: 🚨🎥 WATCH: Kemi Badenoch attacks Home Secretary Shabana Mahmood 

""She tries to convince us she's tough... rightttt. I remem…",1366510937537142789,UKLabour_Innit,False,14696,#TwoTierBritain,8801,373805,"October 9, 2025 at 06:49 AM",Negative
Keir Starmer (UK PM),codomain,1976178017966936292,https://x.com/UKLabour_Innit/status/1976178017966936292,RT @Councillorsuzie: This is very serious 👇,1366510937537142789,UKLabour_Innit,False,14696,#TwoTierBritain,3950,65111,"October 9, 2025 at 06:48 AM",Negative
Keir Starmer (UK PM),codomain,1976177633106039176,https://x.com/UKLabour_Innit/status/1976177633106039176,"RT @DaveAtherton20: A Muslim in Whitehall says she is from Africa &amp; Allah will make Britain a Muslim country. 

She demands of the man to ""…",1366510937537142789,UKLabour_Innit,False,14696,#TwoTierBritain,7015,168384,"October 9, 2025 at 06:47 AM",Negative
Keir Starmer (UK PM),codomain,1976322396190822412,https://x.com/UKLabour_Innit/status/1976322396190822412,"RT @NiohBerg: Gaza right now.

All well fed and with fresh haircuts. There was never a genocide or a famine at any point in the past 2 year…",1366510937537142789,UKLabour_Innit,False,14696,#TwoTierBritain,15704,421886,"October 9, 2025 at 04:22 PM",Negative
Keir Starmer (UK PM),codomain,1976322006296691055,https://x.com/UKLabour_Innit/status/1976322006296691055,"RT @AllisonPearson: Sexual predator jailed for only 16 months.
Two-tier justice:",1366510937537142789,UKLabour_Innit,False,14696,#TwoTierBritain,1406,30428,"October 9, 2025 at 04:20 PM",Negative
Keir Starmer (UK PM),codomain,1976321728122061175,https://x.com/UKLabour_Innit/status/1976321728122061175,RT @ToonDazza: Dear @LennyHenry and @DavidLammy  - have a lovely afternoon…. https://t.co/b9HzsCyrD7,1366510937537142789,UKLabour_Innit,False,14696,#TwoTierBritain,1666,12182,"October 9, 2025 at 04:19 PM",Negative
Keir Starmer (UK PM),codomain,1976299709036666896,https://x.com/UKLabour_Innit/status/1976299709036666896,RT @ArchRose90: When a ceasefire happens and you now have to find a new personality. https://t.co/8hrfhSGev4,1366510937537142789,UKLabour_Innit,False,14696,#TwoTierBritain,6402,65811,"October 9, 2025 at 02:52 PM",Negative
Keir Starmer (UK PM),codomain,1976299623162446071,https://x.com/UKLabour_Innit/status/1976299623162446071,RT @jomickane: Counter protest against the Pink Ladies.... so that must mean they are against protecting children 🤔🤷‍♀️ https://t.co/kYaHip…,1366510937537142789,UKLabour_Innit,False,14696,#TwoTierBritain,8128,73140,"October 9, 2025 at 02:52 PM",Negative
Keir Starmer (UK PM),codomain,1975870227763355718,https://x.com/UKLabour_Innit/status/1975870227763355718,"RT @Basil_TGMD: 🚨PARENTS BRANDED RACIST FOR OBJECTING TO ISLAMIC LESSONS AT PRIMARY SCHOOL

During the lesson, one child said, ""I’m Christi…",1366510937537142789,UKLabour_Innit,False,14696,#TwoTierBritain,12432,319102,"October 8, 2025 at 10:25 AM",Negative
Keir Starmer (UK PM),codomain,1969092267794223363,https://x.com/spudney13/status/1969092267794223363,❤️🙏,2953111911,spudney13,False,577,Always by the sea,0,3,"September 19, 2025 at 05:32 PM",Negative
Keir Starmer (UK PM),codomain,1975883506208415938,https://x.com/spudney13/status/1975883506208415938,"RT @simonsquibb: I wish I didn’t have to write this.

But if you’re a parent in England… this affects you.

The government’s new ‘Children’…",2953111911,spudney13,False,577,Always by the sea,3376,356499,"October 8, 2025 at 11:18 AM",Negative
Keir Starmer (UK PM),codomain,1973434628515176930,https://x.com/spudney13/status/1973434628515176930,RT @sharrond62: Please take a minute to sign this. Recently a woman was raped to death in her hospital bed. This needs talking about &amp; sort…,2953111911,spudney13,False,577,Always by the sea,7316,169116,"October 1, 2025 at 05:07 PM",Negative
Keir Starmer (UK PM),codomain,1947700920961175694,https://x.com/spudney13/status/1947700920961175694,Amen.,2953111911,spudney13,False,577,Always by the sea,0,8,"July 22, 2025 at 04:51 PM",Negative
Keir Starmer (UK PM),codomain,1975897407528522146,https://x.com/Tony28905884513/status/1975897407528522146,RT @VoWalesWren: This 👇😞❤️🇬🇧 https://t.co/8laEA2Ar3j,1820529229798273024,Tony28905884513,False,239,,1975,30559,"October 8, 2025 at 12:13 PM",Negative
Keir Starmer (UK PM),codomain,1975921430308032547,https://x.com/Tony28905884513/status/1975921430308032547,"RT @TruthFairy131: 🔥 WARNING 🔥

Welsh parents were branded racist for objecting to an unannounced Islam lesson at a Swansea primary school.…",1820529229798273024,Tony28905884513,False,239,,42495,1415620,"October 8, 2025 at 01:49 PM",Negative
Keir Starmer (UK PM),codomain,1974943470981976174,https://x.com/Tony28905884513/status/1974943470981976174,"RT @HumanRights4UK: 🛑 The State has NO RIGHT to know about:

🚗 Your movements
💳 Your finances
🛒 Your shopping habits
🛜 Your online activity…",1820529229798273024,Tony28905884513,False,239,,9094,93294,"October 5, 2025 at 09:03 PM",Negative
Keir Starmer (UK PM),codomain,1974940908811653250,https://x.com/Tony28905884513/status/1974940908811653250,"RT @Basil_TGMD: 🚨NEWS: TWENTY TWO Doctors who had their medical licences revoked overseas have been found to be working in the NHS
[@thetim…",1820529229798273024,Tony28905884513,False,239,,8704,207737,"October 5, 2025 at 08:52 PM",Negative
Keir Starmer (UK PM),codomain,1976324230695485756,https://x.com/paury69/status/1976324230695485756,"RT @MPIainDS: Yet more evidence that Starmer is not telling the truth about the collasped China spy case. 👇
The Labour government’s excuse…",1527594308106346496,paury69,False,89,,4919,397424,"October 9, 2025 at 04:29 PM",Negative
Keir Starmer (UK PM),codomain,1975253004174684641,https://x.com/paury69/status/1975253004174684641,RT @QprEver: 🇬🇧 Do you agree that Labour are rightly going to be annihilated at the next GE 🇬🇧 https://t.co/n3v65za2vP,1527594308106346496,paury69,False,89,,10933,121235,"October 6, 2025 at 05:33 PM",Negative
Keir Starmer (UK PM),codomain,1974852135117554056,https://x.com/paury69/status/1974852135117554056,"RT @benonwine: Nigel Farage is right we all should be extremely frightened and scared abut what is going on in our country. 

Labour are sh…",1527594308106346496,paury69,False,89,,13147,79085,"October 5, 2025 at 03:00 PM",Negative
Keir Starmer (UK PM),codomain,1976245215548875154,https://x.com/Sidwinder75/status/1976245215548875154,"RT @RupertLowe10: Restore Britain has today published the most comprehensive deportation policy ever produced in Britain.

Never let anyone…",2922897316,Sidwinder75,False,806,I wish it was the 80s.,10793,271991,"October 9, 2025 at 11:15 AM",Negative
Keir Starmer (UK PM),codomain,1976321115086782614,https://x.com/Sidwinder75/status/1976321115086782614,"RT @Basil_TGMD: 🚨MAJOR INCIDENT AT BRADFORD COLLEGE

4 stabbed including 2 Emergency Workers - All are being treated in Hospital

'Man - No…",2922897316,Sidwinder75,False,806,I wish it was the 80s.,6340,218608,"October 9, 2025 at 04:17 PM",Negative
Keir Starmer (UK PM),codomain,1976320212703264816,https://x.com/Sidwinder75/status/1976320212703264816,"RT @TheGriftReport: Antisemitic Doctor who said Holocaust was fake was suspended and will face a tribunal (again)

Dr. Rahmeh Aladwan is no…",2922897316,Sidwinder75,False,806,I wish it was the 80s.,373,9441,"October 9, 2025 at 04:13 PM",Negative
Keir Starmer (UK PM),codomain,1975902515582677071,https://x.com/Sidwinder75/status/1975902515582677071,"RT @FrankHighgate: The British people did not ask for multiculturalism. We did not vote for it. In fact, the vast majority of us voted agai…",2922897316,Sidwinder75,False,806,I wish it was the 80s.,7617,106949,"October 8, 2025 at 12:34 PM",Negative
Keir Starmer (UK PM),codomain,1975879274386325594,https://x.com/Sidwinder75/status/1975879274386325594,"RT @andie1105: On Friday, I was being stared at by a man on a train from Stevenage to London Bridge. At London Bridge, he came very close t…",2922897316,Sidwinder75,False,806,I wish it was the 80s.,33876,1603709,"October 8, 2025 at 11:01 AM",Negative
Keir Starmer (UK PM),codomain,1976039527346262249,https://x.com/Sidwinder75/status/1976039527346262249,"RT @RedLipRiots: Let me tell you about demographic change from someone who lived it.

This all took place in recent memory. If you lived th…",2922897316,Sidwinder75,False,806,I wish it was the 80s.,8076,154863,"October 8, 2025 at 09:38 PM",Negative
Keir Starmer (UK PM),codomain,1976016003021799754,https://x.com/Sidwinder75/status/1976016003021799754,"RT @Artemisfornow: Well done tax payers

Hammersmith &amp; Fulham Council is 260 MILLION in debt &amp; just raised council tax by 4.7%, 

Has hande…",2922897316,Sidwinder75,False,806,I wish it was the 80s.,10663,195842,"October 8, 2025 at 08:05 PM",Negative
Keir Starmer (UK PM),codomain,1975705143728611515,https://x.com/Sidwinder75/status/1975705143728611515,👀👀👀,2922897316,Sidwinder75,False,806,I wish it was the 80s.,0,18,"October 7, 2025 at 11:29 PM",Negative
Keir Starmer (UK PM),codomain,1975676305614971116,https://x.com/Sidwinder75/status/1975676305614971116,"RT @MarkHeath45: Listen to a prison officer whistleblower, she says the people arrested and jailed last year after Southport were deliberat…",2922897316,Sidwinder75,False,806,I wish it was the 80s.,13455,845569,"October 7, 2025 at 09:35 PM",Negative
Keir Starmer (UK PM),codomain,1975671349155975555,https://x.com/Sidwinder75/status/1975671349155975555,RT @kingkapoor72: BREAKING - UK police are refusing to arrest a Nottingham iman after he called for Muslims in the UK and other white natio…,2922897316,Sidwinder75,False,806,I wish it was the 80s.,17512,455852,"October 7, 2025 at 09:15 PM",Negative
Keir Starmer (UK PM),codomain,1976164650132598935,https://x.com/freedomtotheuk/status/1976164650132598935,"RT @EssexPR: Ladies in pink peacefully protesting the sexual assault of women and girls in their area
 = the bad guys

Masked up, hateful a…",1225124098507931649,freedomtotheuk,False,2153,London,18604,248414,"October 9, 2025 at 05:55 AM",Negative
Keir Starmer (UK PM),codomain,1976302249111388258,https://x.com/freedomtotheuk/status/1976302249111388258,"RT @HJB_News__: Asylum seeker convicted of raping 15-year-old in city centre. 

Amin Abedi Mofrad, who is an asylum seeker staying in a hot…",1225124098507931649,freedomtotheuk,False,2153,London,464,5256,"October 9, 2025 at 03:02 PM",Negative
Keir Starmer (UK PM),codomain,1975520380660953467,https://x.com/freedomtotheuk/status/1975520380660953467,RT @timeswmariana: From where you support Israel 🇮🇱 https://t.co/BsIl8aeQLF,1225124098507931649,freedomtotheuk,False,2153,London,17741,240798,"October 7, 2025 at 11:15 AM",Negative
Keir Starmer (UK PM),codomain,1976313382996463773,https://x.com/K4rmaRules/status/1976313382996463773,"RT @zarahsultana: As Israel’s bombs still fall on Gaza, Palestinians celebrate a ceasefire — a testament to their unbreakable spirit.

But…",30268206,K4rmaRules,False,11949,Wales,1349,33578,"October 9, 2025 at 03:46 PM",Negative
Keir Starmer (UK PM),codomain,1976312398714958311,https://x.com/K4rmaRules/status/1976312398714958311,"RT @FranceskAlbs: BREAKING! “Ceasefire”, in Israel’s dictionary: you cease, I fire.

Just hours after the deal - as in January - Israel sho…",30268206,K4rmaRules,False,11949,Wales,13546,271796,"October 9, 2025 at 03:42 PM",Negative
Keir Starmer (UK PM),codomain,1974416804438249891,https://x.com/pallot_chr49413/status/1974416804438249891,RT @MattCas04807118: That Alex woman had a break but she’s back.🫡 https://t.co/wlhyNeYfiJ,1945205204745703425,pallot_chr49413,False,10,,19696,200021,"October 4, 2025 at 10:10 AM",Negative
Keir Starmer (UK PM),codomain,1976326108439249182,https://x.com/RaggedyDogs/status/1976326108439249182,RT @SBarrettBar: Our country is falling apart and this is how he spends his day 🤡🤡🤡,1655519352408489985,RaggedyDogs,False,2520,,7315,232092,"October 9, 2025 at 04:37 PM",Negative
Keir Starmer (UK PM),codomain,1975957006378012738,https://x.com/RaggedyDogs/status/1975957006378012738,"RT @Basil_TGMD: 🚨PARENTS BRANDED RACIST FOR OBJECTING TO ISLAMIC LESSONS AT PRIMARY SCHOOL

During the lesson, one child said, ""I’m Christi…",1655519352408489985,RaggedyDogs,False,2520,,12433,319119,"October 8, 2025 at 04:10 PM",Negative
Keir Starmer (UK PM),codomain,1975954231254503485,https://x.com/RaggedyDogs/status/1975954231254503485,RT @JuliaHB1: The pro-Hamas doctor @doctor_rahmeh claims (among her anti-Semitic lies) that she isn't allowed on my @talkTV show. I've invi…,1655519352408489985,RaggedyDogs,False,2520,,8261,167568,"October 8, 2025 at 03:59 PM",Negative
Keir Starmer (UK PM),codomain,1975934727203811484,https://x.com/RaggedyDogs/status/1975934727203811484,"RT @VividProwess: 19-year-old Shira Shohat was burned to death by Hamas terrorists on October 7th.

Don't you dare forget why Israel is at…",1655519352408489985,RaggedyDogs,False,2520,,52633,664747,"October 8, 2025 at 02:42 PM",Negative
Keir Starmer (UK PM),codomain,1975930912199315548,https://x.com/RaggedyDogs/status/1975930912199315548,RT @jomickane: Flags have appeared outside Gary Nevilles hotel....🤭 https://t.co/0ppo5kzVDt,1655519352408489985,RaggedyDogs,False,2520,,10135,125423,"October 8, 2025 at 02:26 PM",Negative
Keir Starmer (UK PM),codomain,1975137156277698789,https://x.com/RaggedyDogs/status/1975137156277698789,"RT @addicted2newz: WHAT TF HAVE I JUST WATCHED?! 

Gary Neville blames the horrific Islamist terror attack at the Manchester Synagogue on ""…",1655519352408489985,RaggedyDogs,False,2520,,12646,1269276,"October 6, 2025 at 09:52 AM",Negative
Keir Starmer (UK PM),codomain,1975314552679289230,https://x.com/RaggedyDogs/status/1975314552679289230,"RT @addicted2newz: Simon Jordan from @talkSPORT utterly DESTOYS Gary Neville.

""This is about radical Islamic extremism and Gary Neville do…",1655519352408489985,RaggedyDogs,False,2520,,40452,1257549,"October 6, 2025 at 09:37 PM",Negative
Keir Starmer (UK PM),codomain,1975314218019942602,https://x.com/RaggedyDogs/status/1975314218019942602,"RT @BruceUnfiltered: Margaret Thatcher said this decades ago — and it hits harder today than ever.

“The trouble with Labour is they’re jus…",1655519352408489985,RaggedyDogs,False,2520,,13984,385194,"October 6, 2025 at 09:36 PM",Negative
Keir Starmer (UK PM),codomain,1975128877027721318,https://x.com/RaggedyDogs/status/1975128877027721318,RT @TRobinsonNewEra: Your Home Secretary @ShabanaMahmood intimidating businesses to close for stocking Israeli products  https://t.co/zqWIf…,1655519352408489985,RaggedyDogs,False,2520,,17757,361273,"October 6, 2025 at 09:19 AM",Negative
Keir Starmer (UK PM),codomain,1976318457236074997,https://x.com/Bigmoe16574013/status/1976318457236074997,"RT @RealJamesWoods: The monster who murdered this child stabbed him in the head so hard, the blade bent. 

The monster was set free. https:…",997953713372360704,Bigmoe16574013,False,977,,97916,3376408,"October 9, 2025 at 04:06 PM",Negative
Keir Starmer (UK PM),codomain,1975949140245860730,https://x.com/alanvibe/status/1975949140245860730,"RT @LeeAndersonMP_: Digital ID.

Lee Anderson MP said:

“Digital IDs are nothing more than an attempt by the government to gain further con…",85136737,alanvibe,True,83205,London NY ,6070,188098,"October 8, 2025 at 03:39 PM",Negative
Keir Starmer (UK PM),codomain,1975161419382296653,https://x.com/alanvibe/status/1975161419382296653,"RT @Togetherdec: 🚨This Govt is hell-bent on forcing Digital ID on us all

From November, they want to force 8 MILLION Company Directors int…",85136737,alanvibe,True,83205,London NY ,3052,114629,"October 6, 2025 at 11:29 AM",Negative
Keir Starmer (UK PM),codomain,1975154032609247316,https://x.com/alanvibe/status/1975154032609247316,"RT @addicted2newz: WHAT TF HAVE I JUST WATCHED?! 

Gary Neville blames the horrific Islamist terror attack at the Manchester Synagogue on ""…",85136737,alanvibe,True,83205,London NY ,12646,1269276,"October 6, 2025 at 10:59 AM",Negative
Keir Starmer (UK PM),codomain,1975153428059017252,https://x.com/alanvibe/status/1975153428059017252,"RT @danwootton: Gary Neville is a threat to national security.
His racist response to deadly Islamist terror in Manchester AGAIN is to blam…",85136737,alanvibe,True,83205,London NY ,29758,1585632,"October 6, 2025 at 10:57 AM",Negative
Keir Starmer (UK PM),codomain,1975107134187815343,https://x.com/alanvibe/status/1975107134187815343,"RT @AllisonPearson: This is shameful from @TowerHamletsNow 
  The Pink Ladies is a spontaneous uprising of concerned mums, grandmothers, au…",85136737,alanvibe,True,83205,London NY ,5025,102230,"October 6, 2025 at 07:53 AM",Negative
Keir Starmer (UK PM),codomain,1976328662317453381,https://x.com/LondonLad1967/status/1976328662317453381,"RT @Suffragent_: NEW‼️Bankrupt Birmingham Council is spending thousands on a taskforce to tear down 'unauthorised' flags.

Patrol officers…",1821074380228583424,LondonLad1967,True,2385,"South West, England",3401,61856,"October 9, 2025 at 04:47 PM",Negative
Keir Starmer (UK PM),codomain,1975877800444998072,https://x.com/LondonLad1967/status/1975877800444998072,"RT @TRobinsonNewEra: At least 1,611 homeless people died in the UK last year, including 11 children, latest figures suggest.

Of the 11 chi…",1821074380228583424,LondonLad1967,True,2385,"South West, England",18569,395171,"October 8, 2025 at 10:55 AM",Negative
Keir Starmer (UK PM),codomain,1975875649106751803,https://x.com/LondonLad1967/status/1975875649106751803,"RT @dave24144975: Migrant following a 12-year-old child...

From FB👇👇👇

People around Erdington, what's this man? I just caught him followi…",1821074380228583424,LondonLad1967,True,2385,"South West, England",7142,176917,"October 8, 2025 at 10:47 AM",Negative
Keir Starmer (UK PM),codomain,1975860241192657286,https://x.com/LondonLad1967/status/1975860241192657286,"RT @Basil_TGMD: 🚨PARENTS BRANDED RACIST FOR OBJECTING TO ISLAMIC LESSONS AT PRIMARY SCHOOL

During the lesson, one child said, ""I’m Christi…",1821074380228583424,LondonLad1967,True,2385,"South West, England",12432,319133,"October 8, 2025 at 09:46 AM",Negative
Keir Starmer (UK PM),codomain,1975823000693055986,https://x.com/LondonLad1967/status/1975823000693055986,"RT @BROKENBRITAIN0: 🚨 THESE ARE THE TWO LABOUR COUNCILLORS WHO HAVE TABLED A MOTION TO LABEL THE PINK LADIES AS FAR RIGHT❗️🇬🇧

Councillor M…",1821074380228583424,LondonLad1967,True,2385,"South West, England",13298,340178,"October 8, 2025 at 07:18 AM",Negative
Keir Starmer (UK PM),codomain,1975799353085514131,https://x.com/LondonLad1967/status/1975799353085514131,"RT @WallStreetApes: Former Canadian Politician from Iran has a warning for America about Muslims

“Iranian here — pro tip for anyone who's…",1821074380228583424,LondonLad1967,True,2385,"South West, England",134943,5099947,"October 8, 2025 at 05:44 AM",Negative
Keir Starmer (UK PM),codomain,1975503897314693457,https://x.com/LondonLad1967/status/1975503897314693457,"RT @ThatAlexWoman: This is clearly an Imam calling for members of his Mosque in Nottingham to massacre white people 

This isn't some sort…",1821074380228583424,LondonLad1967,True,2385,"South West, England",40821,969682,"October 7, 2025 at 10:10 AM",Negative
Keir Starmer (UK PM),codomain,1975498838942396746,https://x.com/LondonLad1967/status/1975498838942396746,"RT @TheBritishIntel: 🚨 BREAKING: THE UK NOW HOLDS THE HORRIFIC TITLE — RAPE CAPITAL OF EUROPE 🇬🇧

Official data shows Britain has the highe…",1821074380228583424,LondonLad1967,True,2385,"South West, England",4327,70640,"October 7, 2025 at 09:50 AM",Negative
Keir Starmer (UK PM),codomain,1975665855171305712,https://x.com/LondonLad1967/status/1975665855171305712,"RT @KingBobIIV: I wonder if a young girl drugged and kidnapped and locked in a room, who jumped to her potential death to escape will make…",1821074380228583424,LondonLad1967,True,2385,"South West, England",13788,273121,"October 7, 2025 at 08:53 PM",Negative
Keir Starmer (UK PM),codomain,1975445916896354365,https://x.com/LondonLad1967/status/1975445916896354365,"RT @EvacTony: Left, Muslim extremist openly calling for Jihad just a few miles from my house, making me feel unsafe for my family and angry…",1821074380228583424,LondonLad1967,True,2385,"South West, England",13562,215499,"October 7, 2025 at 06:19 AM",Negative
Keir Starmer (UK PM),codomain,1975444235823554859,https://x.com/LondonLad1967/status/1975444235823554859,"RT @YossiBenYakar: UK Christians are now being sentenced to two years in prison for preaching in public.

Meanwhile, Muslims are freely pra…",1821074380228583424,LondonLad1967,True,2385,"South West, England",20488,226186,"October 7, 2025 at 06:13 AM",Negative
Keir Starmer (UK PM),codomain,1975443518731788304,https://x.com/LondonLad1967/status/1975443518731788304,"RT @ActionBrexit: LUCY CONNOLLY SAID SOMETHING VERY SIMILAR ON A TWEET, THEN DELETED IT. 

YET THERE ARE IMAMS AROUND THE COUNTRY THAT PREA…",1821074380228583424,LondonLad1967,True,2385,"South West, England",11750,150065,"October 7, 2025 at 06:10 AM",Negative
Keir Starmer (UK PM),codomain,1975575913812402459,https://x.com/LondonLad1967/status/1975575913812402459,"RT @CharlotteCGill: How did Nadia Yahlom receive taxpayer funding for her PhD?

Some information on the programme she went through (Techne)…",1821074380228583424,LondonLad1967,True,2385,"South West, England",7978,201075,"October 7, 2025 at 02:56 PM",Negative
Keir Starmer (UK PM),codomain,1975574691428659365,https://x.com/LondonLad1967/status/1975574691428659365,"RT @jodymcintyre_: EXCLUSIVE: Over the weekend, I have been contacted by THREE Labour whistleblowers.

Their allegations about Morgan McSwe…",1821074380228583424,LondonLad1967,True,2385,"South West, England",6988,545548,"October 7, 2025 at 02:51 PM",Negative
Keir Starmer (UK PM),codomain,1975565132865655004,https://x.com/LondonLad1967/status/1975565132865655004,RT @elonmusk: Precisely,1821074380228583424,LondonLad1967,True,2385,"South West, England",187248,19415171,"October 7, 2025 at 02:13 PM",Negative
Keir Starmer (UK PM),codomain,1975558892932506000,https://x.com/LondonLad1967/status/1975558892932506000,"RT @realMaalouf: Syrian refugee in Germany:

“I hate German people. I want to slaughter them. I just don’t do it because I don’t want to go…",1821074380228583424,LondonLad1967,True,2385,"South West, England",60679,1384294,"October 7, 2025 at 01:48 PM",Negative
Keir Starmer (UK PM),codomain,1975556144904217021,https://x.com/LondonLad1967/status/1975556144904217021,"RT @Basil_TGMD: 🚨BREAKING: MAN ARRESTED FOR ARSON ATTACK ON MOSQUE IS MUSLIM

43-year-old, Arif Ali Rafiq has been charged in connection wi…",1821074380228583424,LondonLad1967,True,2385,"South West, England",26839,756894,"October 7, 2025 at 01:37 PM",Negative
Keir Starmer (UK PM),codomain,1975071244711243847,https://x.com/LondonLad1967/status/1975071244711243847,"RT @Basil_TGMD: 🚨Former Labour MP admits Labour Party DID cover up grooming gangs

He says he was instructed by the Chair of the Parliament…",1821074380228583424,LondonLad1967,True,2385,"South West, England",17477,194648,"October 6, 2025 at 05:30 AM",Negative
Keir Starmer (UK PM),codomain,1975067327952728322,https://x.com/LondonLad1967/status/1975067327952728322,"RT @LNallalingham: 🚨 BREAKING NEWS: On Wednesday 8th October, Labour will table a motion at Tower Hamlets Council, backed by the Aspire Cou…",1821074380228583424,LondonLad1967,True,2385,"South West, England",7775,398760,"October 6, 2025 at 05:15 AM",Negative
Keir Starmer (UK PM),codomain,1974728531096797408,https://x.com/LondonLad1967/status/1974728531096797408,"RT @therealmissjo: What is going on in the NHS?

The Times did a quick review of doctors and their record overseas.

They found 22 doctors…",1821074380228583424,LondonLad1967,True,2385,"South West, England",15000,514746,"October 5, 2025 at 06:49 AM",Negative
Keir Starmer (UK PM),codomain,1974561467014983762,https://x.com/LondonLad1967/status/1974561467014983762,"RT @benonwine: This is Green Councillor Mothin Ali praising the October 7th terrorist attacks. 

This is what the Green Party stands for an…",1821074380228583424,LondonLad1967,True,2385,"South West, England",3367,54229,"October 4, 2025 at 07:45 PM",Negative
Keir Starmer (UK PM),codomain,1976182969216925864,https://x.com/38Games0Defeats/status/1976182969216925864,"RT @BGatesIsaPyscho: This Muslim Man who broke a Female Police Officers Nose still hasn’t been sentenced &amp; roams the streets freely.

Meanw…",1551683846525140992,38Games0Defeats,False,1558,,45754,544307,"October 9, 2025 at 07:08 AM",Negative
Keir Starmer (UK PM),codomain,1976182818838544690,https://x.com/38Games0Defeats/status/1976182818838544690,"RT @GBNEWS: 'I will not be having digital ID put me in prison. Not a problem. I will not be having digital ID and I really mean it!'

@Nige…",1551683846525140992,38Games0Defeats,False,1558,,15891,433593,"October 9, 2025 at 07:07 AM",Negative
Keir Starmer (UK PM),codomain,1976181576875823585,https://x.com/38Games0Defeats/status/1976181576875823585,"RT @Basil_TGMD: A homeless veteran in Sunderland has made his bed in a bus stop.

Meanwhile illegal migrants are given 4 star hotels to liv…",1551683846525140992,38Games0Defeats,False,1558,,20758,985054,"October 9, 2025 at 07:02 AM",Negative
Keir Starmer (UK PM),codomain,1976327336380465582,https://x.com/38Games0Defeats/status/1976327336380465582,RT @NoToDigitalID: 🚨What Sir Kier and Modi forget to tell you is that since 2023 over 800M Indian personal details have been for sale on th…,1551683846525140992,38Games0Defeats,False,1558,,672,7295,"October 9, 2025 at 04:42 PM",Negative
Keir Starmer (UK PM),codomain,1976326245576212549,https://x.com/38Games0Defeats/status/1976326245576212549,RT @TRobinsonNewEra: Patrick Christys presents shocking new footage revealing human traffickers operating openly on social media-allegedly…,1551683846525140992,38Games0Defeats,False,1558,,1508,39274,"October 9, 2025 at 04:37 PM",Negative
Keir Starmer (UK PM),codomain,1976326198591619471,https://x.com/38Games0Defeats/status/1976326198591619471,"RT @darrengrimes_: Britain faces tight energy supplies this winter, again.

Why? Because we refuse to drill our own gas, even though we’re…",1551683846525140992,38Games0Defeats,False,1558,,2639,46698,"October 9, 2025 at 04:37 PM",Negative
Keir Starmer (UK PM),codomain,1976059780226744463,https://x.com/38Games0Defeats/status/1976059780226744463,"RT @Nigel_Farage: We need to talk about Gary Neville. 

He is insulting the same people who pay his wages. https://t.co/zU3jp1X3Ec",1551683846525140992,38Games0Defeats,False,1558,,30956,2044932,"October 8, 2025 at 10:58 PM",Negative
Keir Starmer (UK PM),codomain,1976057429000409109,https://x.com/38Games0Defeats/status/1976057429000409109,"RT @MPIainDS: Yet more evidence that Starmer is not telling the truth about the collasped China spy case. 👇
The Labour government’s excuse…",1551683846525140992,38Games0Defeats,False,1558,,4919,397470,"October 8, 2025 at 10:49 PM",Negative
Keir Starmer (UK PM),codomain,1976323390077362363,https://x.com/PaulJSebastian/status/1976323390077362363,RT @TexasRepublic71: This is done on purpose and needs investigated @HarmeetKDhillon,49513253,PaulJSebastian,True,120,Philadelphia,7303,100806,"October 9, 2025 at 04:26 PM",Negative
Keir Starmer (UK PM),codomain,1976323043174777000,https://x.com/PaulJSebastian/status/1976323043174777000,RT @Rightanglenews: BREAKING - Delta Airlines is facing massive backlash as customers boycott and demand refunds after the airline refused…,49513253,PaulJSebastian,True,120,Philadelphia,15790,333629,"October 9, 2025 at 04:25 PM",Negative
Keir Starmer (UK PM),codomain,1976322558216782070,https://x.com/PaulJSebastian/status/1976322558216782070,"RT @C_3C_3: This person was arrested during a violent riot by international terrorist organization Antifa.

He’s also the transgender son o…",49513253,PaulJSebastian,True,120,Philadelphia,19428,255959,"October 9, 2025 at 04:23 PM",Negative
Keir Starmer (UK PM),codomain,1976322511806845440,https://x.com/PaulJSebastian/status/1976322511806845440,"RT @RepThomasMassie: I agree with Joel Salatin on EATS Act.

Regulating animal welfare is not an enumerated power of the federal government…",49513253,PaulJSebastian,True,120,Philadelphia,1373,44888,"October 9, 2025 at 04:22 PM",Negative
Keir Starmer (UK PM),codomain,1976322239189647733,https://x.com/PaulJSebastian/status/1976322239189647733,"RT @Sadie_NC: Chicago resident bringing the heat.
🔥🔥 https://t.co/6w2oMfgC1y",49513253,PaulJSebastian,True,120,Philadelphia,64376,854514,"October 9, 2025 at 04:21 PM",Negative
Keir Starmer (UK PM),codomain,1976321465722208406,https://x.com/PaulJSebastian/status/1976321465722208406,RT @elonmusk: Protesting attempted rape is punished more than attempted rape in Britain …,49513253,PaulJSebastian,True,120,Philadelphia,298006,26152871,"October 9, 2025 at 04:18 PM",Negative
Keir Starmer (UK PM),codomain,1976321182514414003,https://x.com/PaulJSebastian/status/1976321182514414003,RT @SenJoniErnst: I’ve identified $2 trillion worth of non-essential government expenditures for @russvought to cut during the Schumer Shut…,49513253,PaulJSebastian,True,120,Philadelphia,34229,317528,"October 9, 2025 at 04:17 PM",Negative
Keir Starmer (UK PM),codomain,1976319841385709676,https://x.com/PaulJSebastian/status/1976319841385709676,"RT @MsMelChen: Talk about a redemption arc 

Andy Ngo is one of those people who I had to constantly justify my friendship with because peo…",49513253,PaulJSebastian,True,120,Philadelphia,25507,869681,"October 9, 2025 at 04:12 PM",Negative
Keir Starmer (UK PM),codomain,1976319525793792385,https://x.com/PaulJSebastian/status/1976319525793792385,"RT @mattgaetz: $7,000",49513253,PaulJSebastian,True,120,Philadelphia,129080,9036207,"October 9, 2025 at 04:11 PM",Negative
Keir Starmer (UK PM),codomain,1976026544783917191,https://x.com/korfuli/status/1976026544783917191,"RT @nogulagsagain: Trump:

“Muslim Immigration is killing Europe.”

Press ❤️ if you agree https://t.co/wtveMHCY0J",3327340431,korfuli,False,249,,65343,518179,"October 8, 2025 at 08:46 PM",Negative
Keir Starmer (UK PM),codomain,1976023513883640042,https://x.com/korfuli/status/1976023513883640042,"RT @RealJamesWoods: The monster who murdered this child stabbed him in the head so hard, the blade bent. 

The monster was set free. https:…",3327340431,korfuli,False,249,,97928,3376898,"October 8, 2025 at 08:34 PM",Negative
Keir Starmer (UK PM),codomain,1975696747096572139,https://x.com/korfuli/status/1975696747096572139,RT @RadioGenoa: The fake asylum seeker with the lighter near the gas pipes in Florence wants to blow everything up. https://t.co/PHD7NTGFYK,3327340431,korfuli,False,249,,90895,7414656,"October 7, 2025 at 10:56 PM",Negative
Keir Starmer (UK PM),codomain,1975688562126561633,https://x.com/korfuli/status/1975688562126561633,RT @llandoniffirg: Wait for it!🤣🤣🤣🤣🤣🤣🤣 https://t.co/wbsT4FsJBf,3327340431,korfuli,False,249,,90834,4340636,"October 7, 2025 at 10:23 PM",Negative
Keir Starmer (UK PM),codomain,1976027614637961472,https://x.com/julienash72/status/1976027614637961472,"RT @simonsquibb: I wish I didn’t have to write this.

But if you’re a parent in England… this affects you.

The government’s new ‘Children’…",1859230843123736576,julienash72,False,154,,3376,356509,"October 8, 2025 at 08:51 PM",Negative
Keir Starmer (UK PM),codomain,1975805346364203048,https://x.com/julienash72/status/1975805346364203048,RT @Suffragent_: Three Epping protesters have been jailed - getting LONGER sentences than the migrant who sparked the disorder by assaultin…,1859230843123736576,julienash72,False,154,,31460,27044052,"October 8, 2025 at 06:07 AM",Negative
Keir Starmer (UK PM),codomain,1975924146279161892,https://x.com/julienash72/status/1975924146279161892,"RT @andie1105: On Friday, I was being stared at by a man on a train from Stevenage to London Bridge. At London Bridge, he came very close t…",1859230843123736576,julienash72,False,154,,33878,1603810,"October 8, 2025 at 02:00 PM",Negative
Keir Starmer (UK PM),codomain,1975519834705138021,https://x.com/julienash72/status/1975519834705138021,"RT @realrikkidoolan: We are absolutely expecting you to act on this @nottspolice. 

It’s a clear incitement to violence, it happened in you…",1859230843123736576,julienash72,False,154,,14669,238318,"October 7, 2025 at 11:13 AM",Negative
Keir Starmer (UK PM),codomain,1975519214061469769,https://x.com/julienash72/status/1975519214061469769,RT @nice_cuppa: This revolting woman cut down yellow ribbons for the hostages in Muswell Hill this morning. After many people confronted he…,1859230843123736576,julienash72,False,154,,21776,925963,"October 7, 2025 at 11:10 AM",Negative
Keir Starmer (UK PM),codomain,1975518397875044380,https://x.com/julienash72/status/1975518397875044380,"RT @RobertJenrick: I have uncovered over 30 immigration judges with links to open borders charities. 

It is now beyond any doubt that a de…",1859230843123736576,julienash72,False,154,,81162,2226611,"October 7, 2025 at 11:07 AM",Negative
Keir Starmer (UK PM),codomain,1975606061475430891,https://x.com/julienash72/status/1975606061475430891,"RT @Basil_TGMD: 🚨NHS STAFF ENCOURAGED TO CONVERT TO ISLAM

'NHS staff have been told that converting to Islam would be the ""best decision y…",1859230843123736576,julienash72,False,154,,15163,371900,"October 7, 2025 at 04:56 PM",Negative
Keir Starmer (UK PM),codomain,1975605824371204585,https://x.com/julienash72/status/1975605824371204585,"RT @VividProwess: Jewish women were tied to trees, their mouths blocked, while they were raped and tortured by Hamas on October 7th, just b…",1859230843123736576,julienash72,False,154,,47547,950683,"October 7, 2025 at 04:55 PM",Negative
Keir Starmer (UK PM),codomain,1975335333307842925,https://x.com/julienash72/status/1975335333307842925,RT @ABridgen: Some members of South Yorkshire police raped and sexually abused the underage girls who went to them to report the crimes tha…,1859230843123736576,julienash72,False,154,,1997,32794,"October 6, 2025 at 11:00 PM",Negative
Keir Starmer (UK PM),codomain,1975143766488125905,https://x.com/julienash72/status/1975143766488125905,RT @WatchdogTh96012: UK Home Secretary Shabana Mahmood seen here welcoming illegals arriving by boat.  How can UK citizens have any faith i…,1859230843123736576,julienash72,False,154,,13317,175719,"October 6, 2025 at 10:19 AM",Negative
Keir Starmer (UK PM),codomain,1975142024040124479,https://x.com/julienash72/status/1975142024040124479,"RT @TRobinsonNewEra: Two machetes recovered during a stop and search at Euston Station. 

Sadiq Khan vowed to cut stop and search.

He's de…",1859230843123736576,julienash72,False,154,,29696,768247,"October 6, 2025 at 10:12 AM",Negative
Keir Starmer (UK PM),codomain,1975188068870115455,https://x.com/julienash72/status/1975188068870115455,"RT @Basil_TGMD: 🚨Former Labour MP admits Labour Party DID cover up grooming gangs

He says he was instructed by the Chair of the Parliament…",1859230843123736576,julienash72,False,154,,17477,194648,"October 6, 2025 at 01:15 PM",Negative
Keir Starmer (UK PM),codomain,1975187082185486376,https://x.com/julienash72/status/1975187082185486376,RT @LeilaniDowding: I’ve got no words…. This is soul destroying,1859230843123736576,julienash72,False,154,,10141,205403,"October 6, 2025 at 01:11 PM",Negative
Keir Starmer (UK PM),codomain,1975185380233142436,https://x.com/julienash72/status/1975185380233142436,RT @ABridgen: I am ‘deeply concerned’ at the appointment of @ShabanaMahmood as UK Home Secretary.,1859230843123736576,julienash72,False,154,,19867,343287,"October 6, 2025 at 01:04 PM",Negative
Keir Starmer (UK PM),codomain,1974870774180905295,https://x.com/julienash72/status/1974870774180905295,"RT @TheBritLad: Punishment for raping a child:

🇮🇳 India - Death penalty
🇵🇰 Pakistan - Death penalty
🇸🇦 Saudi Arabia - Public beheading
🇰🇵…",1859230843123736576,julienash72,False,154,,72022,1515364,"October 5, 2025 at 04:14 PM",Negative
Keir Starmer (UK PM),codomain,1976118166423220282,https://x.com/jfitzge55/status/1976118166423220282,RT @NotFarLeftAtAll: The woman who cut down the yellow ribbons for the hostages in Muswell Hill yesterday has been identified as Nadia Yaha…,857629173858394113,jfitzge55,True,1177,,24202,510918,"October 9, 2025 at 02:51 AM",Negative
Keir Starmer (UK PM),codomain,1976031376521691286,https://x.com/jfitzge55/status/1976031376521691286,RT @EYakoby: BREAKING: The Islamist calling for acts of terrorism in America has been reportedly identified as Harvard graduate student Abd…,857629173858394113,jfitzge55,True,1177,,66344,1776845,"October 8, 2025 at 09:06 PM",Negative
Keir Starmer (UK PM),codomain,1975986333479993693,https://x.com/jfitzge55/status/1975986333479993693,Black privilege...,857629173858394113,jfitzge55,True,1177,,0,2,"October 8, 2025 at 06:07 PM",Negative
Keir Starmer (UK PM),codomain,1976309635939205163,https://x.com/capecoral28/status/1976309635939205163,"RT @LauraLoomer: So now that we know every single GOP Senator received a briefing yesterday about how Qatar is running Islamic, pro-terror…",3590271028,capecoral28,True,839,,1340,82712,"October 9, 2025 at 03:31 PM",Negative
Keir Starmer (UK PM),codomain,1976309561792528526,https://x.com/capecoral28/status/1976309561792528526,"RT @LauraLoomer: SCOOP:

High level source in the US Senate tells me that majority of the GOP US Senators attended Senator Rick Scott @SenR…",3590271028,capecoral28,True,839,,2380,93268,"October 9, 2025 at 03:31 PM",Negative
Keir Starmer (UK PM),codomain,1976014182312190424,https://x.com/capecoral28/status/1976014182312190424,"RT @WyronGaines: ♦️Myron says that Muslims are shutting down Time Square and pray with loud speakers to assert dominance!😳☪️

“If a bunch o…",3590271028,capecoral28,True,839,,86688,2212092,"October 8, 2025 at 07:57 PM",Negative
Keir Starmer (UK PM),codomain,1976011176334196762,https://x.com/capecoral28/status/1976011176334196762,"RT @RobertKennedyJr: My beloved aunt Joan Bennett Kennedy, former wife of the late Senator Edward M. Kennedy (D-MA), classical pianist, mus…",3590271028,capecoral28,True,839,,112880,2306031,"October 8, 2025 at 07:45 PM",Negative
Keir Starmer (UK PM),codomain,1976010768098431177,https://x.com/capecoral28/status/1976010768098431177,RT @EYakoby: BREAKING: The Islamist calling for acts of terrorism in America has been reportedly identified as Harvard graduate student Abd…,3590271028,capecoral28,True,839,,66344,1776845,"October 8, 2025 at 07:44 PM",Negative
Keir Starmer (UK PM),codomain,1975931860732760246,https://x.com/capecoral28/status/1975931860732760246,"RT @Sadie_NC: Chicago resident bringing the heat.
🔥🔥 https://t.co/6w2oMfgC1y",3590271028,capecoral28,True,839,,64378,854514,"October 8, 2025 at 02:30 PM",Negative
Keir Starmer (UK PM),codomain,1976106628207309220,https://x.com/ScouserBlue94/status/1976106628207309220,RT @ACSPARTAN1: Accurate https://t.co/vK8uHN1WQ6,1909635734027309056,ScouserBlue94,False,333,"Liverpool, England",8672,76873,"October 9, 2025 at 02:05 AM",Negative
Keir Starmer (UK PM),codomain,1976010365122080814,https://x.com/ScouserBlue94/status/1976010365122080814,🤣🤣🤣,1909635734027309056,ScouserBlue94,False,333,"Liverpool, England",1,71,"October 8, 2025 at 07:42 PM",Negative
Keir Starmer (UK PM),codomain,1975494268954550411,https://x.com/ScouserBlue94/status/1975494268954550411,"RT @EvaVlaar: Hans and Helga have to work till they’re 73 so Mohammed and Fatima + their 8 kids can live a better life. 

And if Hans and H…",1909635734027309056,ScouserBlue94,False,333,"Liverpool, England",103538,2658627,"October 7, 2025 at 09:31 AM",Negative
Keir Starmer (UK PM),codomain,1976328123802321198,https://x.com/carlyfarly69/status/1976328123802321198,"RT @PolitlcsUK: 🚨 NEW: The Government is considering extending digital ID to children as young as 13 

[@DailyMail]",208183005,carlyfarly69,False,1552,London,363,39396,"October 9, 2025 at 04:45 PM",Negative
Keir Starmer (UK PM),codomain,1976318031853912265,https://x.com/carlyfarly69/status/1976318031853912265,RT @lukedepulford: Over the next few days it will become painfully clear that the government deliberately shut down the Westminster spy cas…,208183005,carlyfarly69,False,1552,London,2495,40031,"October 9, 2025 at 04:05 PM",Negative
Keir Starmer (UK PM),codomain,1976006457901584709,https://x.com/carlyfarly69/status/1976006457901584709,"RT @ChristianJMay: NEW: Former Head of Special Crime at the CPS says the current explanation of the China spy case mess simply ""does not ad…",208183005,carlyfarly69,False,1552,London,2010,37237,"October 8, 2025 at 07:27 PM",Negative
Keir Starmer (UK PM),codomain,1975952149080424930,https://x.com/carlyfarly69/status/1975952149080424930,"RT @CPhilpOfficial: Keir Starmer has just lied about the collapse of the China spying trial.

Keir Starmer said that the last Government di…",208183005,carlyfarly69,False,1552,London,5753,205032,"October 8, 2025 at 03:51 PM",Negative
Keir Starmer (UK PM),codomain,1975951861892182403,https://x.com/carlyfarly69/status/1975951861892182403,"RT @NJ_Timothy: Keir Starmer says the Government didn’t deliberately collapse the trial of two men who spied for China.

Stephen Parkinson,…",208183005,carlyfarly69,False,1552,London,7044,125660,"October 8, 2025 at 03:50 PM",Negative
Keir Starmer (UK PM),codomain,1975619035548295660,https://x.com/carlyfarly69/status/1975619035548295660,"RT @JamesMelville: “Under a Labour government we would freeze energy bills. We wouldn’t allow them to go up.”

~ Keir Starmer 

Yet another…",208183005,carlyfarly69,False,1552,London,12668,271517,"October 7, 2025 at 05:47 PM",Negative
Keir Starmer (UK PM),codomain,1975610670239654016,https://x.com/carlyfarly69/status/1975610670239654016,"RT @Basil_TGMD: 🚨BREAKING: MAN ARRESTED FOR ARSON ATTACK ON MOSQUE IS MUSLIM

43-year-old, Arif Ali Rafiq has been charged in connection wi…",208183005,carlyfarly69,False,1552,London,26839,756902,"October 7, 2025 at 05:14 PM",Negative
Keir Starmer (UK PM),codomain,1975588261926957240,https://x.com/carlyfarly69/status/1975588261926957240,"RT @IAmBritishReal: This is sacred British heritage church grounds. 

Firstly Muslims should not be allowed to gather to pray there, and se…",208183005,carlyfarly69,False,1552,London,7301,110063,"October 7, 2025 at 03:45 PM",Negative
Keir Starmer (UK PM),codomain,1975587598308708596,https://x.com/carlyfarly69/status/1975587598308708596,"RT @sophielouisecc: On the anniversary of October 7th and days after a terrorist attack on a synagogue

Uni students are marching in the st…",208183005,carlyfarly69,False,1552,London,7456,82717,"October 7, 2025 at 03:42 PM",Negative
Keir Starmer (UK PM),codomain,1975584562034917714,https://x.com/carlyfarly69/status/1975584562034917714,RT @Conservatives: Keir Starmer doesn't want you to watch this. https://t.co/8UlumFe3hS,208183005,carlyfarly69,False,1552,London,2395,468486,"October 7, 2025 at 03:30 PM",Negative
Keir Starmer (UK PM),codomain,1976240717149376766,https://x.com/larryronaldpar1/status/1976240717149376766,"RT @GBNEWS: 15 of the last 20 terror attacks in Britain have been by Islamists. It cannot continue - Paul Embery

https://t.co/G1XOIWyfce",1402976212880855048,larryronaldpar1,True,1785,,1267,17598,"October 9, 2025 at 10:57 AM",Negative
Keir Starmer (UK PM),codomain,1976034385234448595,https://x.com/larryronaldpar1/status/1976034385234448595,"RT @Basil_TGMD: 🚨PRIMARY SCHOOL IN LOCKDOWN AFTER MASKED MEN WITH WEAPONS THREATEN TEACHERS AND CHILDREN

Men wearing balaclavas and carryi…",1402976212880855048,larryronaldpar1,True,1785,,5967,333583,"October 8, 2025 at 09:18 PM",Negative
Keir Starmer (UK PM),codomain,1976008417958314303,https://x.com/larryronaldpar1/status/1976008417958314303,"RT @Nigel_Farage: The British public think Britain is broken. 

We need Reform more than ever. https://t.co/iwqlwICHxC",1402976212880855048,larryronaldpar1,True,1785,,7016,142731,"October 8, 2025 at 07:34 PM",Negative
Keir Starmer (UK PM),codomain,1975690733215478264,https://x.com/larryronaldpar1/status/1975690733215478264,"RT @GBNEWS: 'One child said, ""I’m Christian, I don’t pray to Allah"", the response was, ""By Year 6 you’ll all be Muslim"".'

Reform UK counci…",1402976212880855048,larryronaldpar1,True,1785,,22993,852053,"October 7, 2025 at 10:32 PM",Negative
Keir Starmer (UK PM),codomain,1974290208553341021,https://x.com/larryronaldpar1/status/1974290208553341021,"RT @GBNEWS: '40,000 jihadis on the watchlist, how the hell is MI5 meant to cope with those numbers?'

Louise Mensch says we’re ignoring a c…",1402976212880855048,larryronaldpar1,True,1785,,4116,66911,"October 4, 2025 at 01:47 AM",Negative
Keir Starmer (UK PM),codomain,1974216917431783643,https://x.com/larryronaldpar1/status/1974216917431783643,"RT @nicolelampert: I have never seen my community so angry as they were today shouting 
‘shame on you’ at David Lammy. 
What an absolute to…",1402976212880855048,larryronaldpar1,True,1785,,17506,455840,"October 3, 2025 at 08:56 PM",Negative
Keir Starmer (UK PM),codomain,1105144994237575168,https://x.com/shahpramod_1999/status/1105144994237575168,"सौगंध मुझे इस मिट्टी की मैं देश नहीं मिटने दूंगा, मैं देश नहीं रुकने दूंगा, मैं देश नहीं झुकने दूंगा
https://t.co/ajsflnngqe
via NaMo App",490479325,shahpramod_1999,True,109,,0,0,"March 11, 2019 at 04:34 PM",Negative
Keir Starmer (UK PM),codomain,1976232694104326516,https://x.com/asmatshal85308/status/1976232694104326516,"RT @LeilaniDowding: Ross Kemp speaks to men from a totally different culture .

He asks how they feel about rape +  the consequences: 

The…",1842993236807471104,asmatshal85308,False,1000,"Celt, 100% Welsh",19409,846502,"October 9, 2025 at 10:26 AM",Negative
Keir Starmer (UK PM),codomain,1975991273573019905,https://x.com/asmatshal85308/status/1975991273573019905,RT @Thierrysboots: @Keir_Starmer https://t.co/zbQTs2H6da,1842993236807471104,asmatshal85308,False,1000,"Celt, 100% Welsh",84,865,"October 8, 2025 at 06:26 PM",Negative
Keir Starmer (UK PM),codomain,1975977813716214178,https://x.com/asmatshal85308/status/1975977813716214178,RT @elonmusk: Protesting attempted rape is punished more than attempted rape in Britain …,1842993236807471104,asmatshal85308,False,1000,"Celt, 100% Welsh",298026,26152871,"October 8, 2025 at 05:33 PM",Negative
Keir Starmer (UK PM),codomain,1976256655214968948,https://x.com/Sarah6168285824/status/1976256655214968948,RT @NoToDigitalID: 🚨What Sir Kier and Modi forget to tell you is that since 2023 over 800M Indian personal details have been for sale on th…,1635615714575892480,Sarah6168285824,False,277,Away to the West.,674,7300,"October 9, 2025 at 12:01 PM",Negative
Keir Starmer (UK PM),codomain,1975864728166555858,https://x.com/Sarah6168285824/status/1975864728166555858,RT @GuidoFawkes: EXC: Full Dossier of Powell’s Extensive Meetings with Chinese Communist Officials Revealed https://t.co/0tp8xaxwGX https:/…,1635615714575892480,Sarah6168285824,False,277,Away to the West.,1038,87658,"October 8, 2025 at 10:03 AM",Negative
Keir Starmer (UK PM),codomain,1976018854209044648,https://x.com/Sarah6168285824/status/1976018854209044648,"RT @SBarrettBar: The Prime Minister sided with China

Against Britain.

I suggest he goes. Now.",1635615714575892480,Sarah6168285824,False,277,Away to the West.,7284,109715,"October 8, 2025 at 08:16 PM",Negative
Keir Starmer (UK PM),codomain,1975967421124190577,https://x.com/Sarah6168285824/status/1975967421124190577,"RT @AllisonPearson: On 7 October, I think of Shari Mendes and the team of women who dealt so tenderly with the girls’ bodies.
  Faces shot,…",1635615714575892480,Sarah6168285824,False,277,Away to the West.,6385,83913,"October 8, 2025 at 04:51 PM",Negative
Keir Starmer (UK PM),codomain,1975532683439596003,https://x.com/Sarah6168285824/status/1975532683439596003,🧐,1635615714575892480,Sarah6168285824,False,277,Away to the West.,0,26,"October 7, 2025 at 12:04 PM",Negative
Keir Starmer (UK PM),codomain,1976323065018712422,https://x.com/elliotbsmith/status/1976323065018712422,"RT @ValentinaForUSA: I will end islam in Texas. 

These muslims raped Europe into submission, so I won’t let this happen in America when I…",1546973125,elliotbsmith,True,333,,26773,311950,"October 9, 2025 at 04:25 PM",Negative
Keir Starmer (UK PM),codomain,1976321587113754858,https://x.com/elliotbsmith/status/1976321587113754858,RT @Coskun78139987: I'll be in court tomorrow (October 10) for burning the Quran. I want to be hopeful. I believe there are judges in the U…,1546973125,elliotbsmith,True,333,,12078,299739,"October 9, 2025 at 04:19 PM",Negative
Keir Starmer (UK PM),codomain,1976321345949708694,https://x.com/elliotbsmith/status/1976321345949708694,RT @AmyMek: Islamophobe: a non-Muslim who knows more about Islam than they are supposed to know.,1546973125,elliotbsmith,True,333,,3822,28681,"October 9, 2025 at 04:18 PM",Negative
Keir Starmer (UK PM),codomain,1975766711199764936,https://x.com/elliotbsmith/status/1975766711199764936,"RT @Basil_TGMD: 🚨BREAKING: MAN ARRESTED FOR ARSON ATTACK ON MOSQUE IS MUSLIM

43-year-old, Arif Ali Rafiq has been charged in connection wi…",1546973125,elliotbsmith,True,333,,26839,756902,"October 8, 2025 at 03:34 AM",Negative
Keir Starmer (UK PM),codomain,1975762597958807739,https://x.com/elliotbsmith/status/1975762597958807739,"RT @ACTBrigitte: The United States should not be importing people from countries who hate us.

Somalia
Afghanistan
Gaza/Palestine
Iran
Syri…",1546973125,elliotbsmith,True,333,,45129,688609,"October 8, 2025 at 03:18 AM",Negative
Keir Starmer (UK PM),codomain,1975760824393199629,https://x.com/elliotbsmith/status/1975760824393199629,RT @LozzaFox: Fuck Allah and fuck Islam.,1546973125,elliotbsmith,True,333,,16428,358903,"October 8, 2025 at 03:11 AM",Negative
Keir Starmer (UK PM),codomain,1975356794735394896,https://x.com/elliotbsmith/status/1975356794735394896,"RT @TRobinsonNewEra: So it's now been revealed, the Manchester synagogue islamic terrorist, Jihad Al-Shamie, 'groomed' an 18-year-old colle…",1546973125,elliotbsmith,True,333,,24486,1018212,"October 7, 2025 at 12:25 AM",Negative
Keir Starmer (UK PM),codomain,1975356727114764456,https://x.com/elliotbsmith/status/1975356727114764456,"RT @EvacTony: Left, Muslim extremist openly calling for Jihad just a few miles from my house, making me feel unsafe for my family and angry…",1546973125,elliotbsmith,True,333,,13562,215499,"October 7, 2025 at 12:25 AM",Negative
Keir Starmer (UK PM),codomain,1975600176740852115,https://x.com/elliotbsmith/status/1975600176740852115,RT @patcondell: Mass immigration is making it about skin colour whether we like it or not. White people are 10% of the world’s population.…,1546973125,elliotbsmith,True,333,,9443,216376,"October 7, 2025 at 04:32 PM",Negative
Keir Starmer (UK PM),codomain,1975600057089954233,https://x.com/elliotbsmith/status/1975600057089954233,RT @Adamental2: I’m so fucking sick and tired of everyone telling white people to be inclusive and tolerant when no one is inclusive or tol…,1546973125,elliotbsmith,True,333,,55354,1207851,"October 7, 2025 at 04:32 PM",Negative
Keir Starmer (UK PM),codomain,1975574045275136289,https://x.com/elliotbsmith/status/1975574045275136289,RT @elonmusk: Actually happening every day,1546973125,elliotbsmith,True,333,,360489,31199266,"October 7, 2025 at 02:48 PM",Negative
Keir Starmer (UK PM),codomain,1976324993916207386,https://x.com/MillieSansoye/status/1976324993916207386,"RT @Artemisfornow: Ah… coming thick and fast now. Just for your safety and convenience.

I did tell you. https://t.co/bpssQSJgNc",3224829778,MillieSansoye,False,1463,"London, England",1410,15417,"October 9, 2025 at 04:32 PM",Negative
Keir Starmer (UK PM),codomain,1976324703804670338,https://x.com/MillieSansoye/status/1976324703804670338,"RT @BBCBreaking: Only man to appeal against conviction for raping Gisèle Pelicot has sentence increased to 10 years
https://t.co/nsvrzsxgRE",3224829778,MillieSansoye,False,1463,"London, England",6517,313689,"October 9, 2025 at 04:31 PM",Negative
Keir Starmer (UK PM),codomain,1976318981297291771,https://x.com/MillieSansoye/status/1976318981297291771,"RT @RealCarlVernon: I hate to break it to you Keir, but lots of people already worked that out.

Which is why they say NO! https://t.co/k2x…",3224829778,MillieSansoye,False,1463,"London, England",1764,16124,"October 9, 2025 at 04:08 PM",Negative
Keir Starmer (UK PM),codomain,1976318127878324695,https://x.com/MillieSansoye/status/1976318127878324695,RT @libsoftiktok: BREAKING: David Mazzariego who has 33 prior arrests beat a man to death by the NYC subway because the man held a door ope…,3224829778,MillieSansoye,False,1463,"London, England",24365,1092597,"October 9, 2025 at 04:05 PM",Negative
Keir Starmer (UK PM),codomain,1976296604110815372,https://x.com/MillieSansoye/status/1976296604110815372,"RT @TheGriftReport: SADIQ KHAN HAS BEEN EXPOSED!!!

Susan Hall calls out Sadiq Khan for failing to call out antisemitic protests in Londons…",3224829778,MillieSansoye,False,1463,"London, England",4904,124610,"October 9, 2025 at 02:40 PM",Negative
Keir Starmer (UK PM),codomain,1976101721253478485,https://x.com/MrSallyTomato/status/1976101721253478485,"RT @StopAntisemites: A Montreal airport bus driver threatened to “decapitate a family of Jews like Hamas.”

Before exiting the bus, the fam…",273204856,MrSallyTomato,False,1215,Corner of Pork & Beans,12393,360623,"October 9, 2025 at 01:45 AM",Negative
Keir Starmer (UK PM),codomain,1975326062130110525,https://x.com/utdmu/status/1975326062130110525,"RT @Togetherdec: 🚨This Govt is hell-bent on forcing Digital ID on us all

From November, they want to force 8 MILLION Company Directors int…",196607621,utdmu,False,127,England ,3052,114629,"October 6, 2025 at 10:23 PM",Negative
Keir Starmer (UK PM),codomain,1976127558363025548,https://x.com/zero_xof/status/1976127558363025548,"RT @LibertyLockPod: I don't hate Muslims and I don't hate jews. Also, I don't want to live under Sharia law nor do I want to live under the…",1834693549020839936,zero_xof,False,54,28,9859,108097,"October 9, 2025 at 03:28 AM",Negative
Keir Starmer (UK PM),codomain,1975950963350622607,https://x.com/zero_xof/status/1975950963350622607,RT @GSMFlotilla: THE WHOLE WORLD IS PROTESTING EVERYDAY IN ALMOST EVERY MAJOR CITY ON EARTH AGAINST ONE SINGLE STATE. IF THAT DOESN'T MAKE…,1834693549020839936,zero_xof,False,54,28,11804,103812,"October 8, 2025 at 03:46 PM",Negative
Keir Starmer (UK PM),codomain,1919988954826154172,https://x.com/kabiiraspeaking/status/1919988954826154172,😂😂,926354922903191552,kabiiraspeaking,False,284,,0,40,"May 7, 2025 at 05:33 AM",Negative
Keir Starmer (UK PM),codomain,1919925054650884348,https://x.com/kabiiraspeaking/status/1919925054650884348,😂😂,926354922903191552,kabiiraspeaking,False,284,,0,9,"May 7, 2025 at 01:19 AM",Negative
Keir Starmer (UK PM),codomain,1926477202759070053,https://x.com/kabiiraspeaking/status/1926477202759070053,😂😂,926354922903191552,kabiiraspeaking,False,284,,0,18,"May 25, 2025 at 03:15 AM",Negative
Keir Starmer (UK PM),codomain,1925030448260120611,https://x.com/kabiiraspeaking/status/1925030448260120611,😂😂😂,926354922903191552,kabiiraspeaking,False,284,,0,6,"May 21, 2025 at 03:26 AM",Negative
Keir Starmer (UK PM),codomain,1918185157988692424,https://x.com/kabiiraspeaking/status/1918185157988692424,😂😂,926354922903191552,kabiiraspeaking,False,284,,0,12,"May 2, 2025 at 06:05 AM",Negative
Keir Starmer (UK PM),codomain,1922680481767665917,https://x.com/kabiiraspeaking/status/1922680481767665917,😂😂,926354922903191552,kabiiraspeaking,False,284,,0,11,"May 14, 2025 at 03:48 PM",Negative
Keir Starmer (UK PM),codomain,1922244305881616755,https://x.com/kabiiraspeaking/status/1922244305881616755,😂😂,926354922903191552,kabiiraspeaking,False,284,,0,5,"May 13, 2025 at 10:55 AM",Negative
Keir Starmer (UK PM),codomain,1931948921296933120,https://x.com/kabiiraspeaking/status/1931948921296933120,😂,926354922903191552,kabiiraspeaking,False,284,,1,22,"June 9, 2025 at 05:38 AM",Negative
Keir Starmer (UK PM),codomain,1931915858722304391,https://x.com/kabiiraspeaking/status/1931915858722304391,😄😄,926354922903191552,kabiiraspeaking,False,284,,0,5,"June 9, 2025 at 03:26 AM",Negative
Keir Starmer (UK PM),codomain,1934848952857198854,https://x.com/kabiiraspeaking/status/1934848952857198854,😂😂,926354922903191552,kabiiraspeaking,False,284,,0,12,"June 17, 2025 at 05:41 AM",Negative
Keir Starmer (UK PM),codomain,1959110297912058218,https://x.com/kabiiraspeaking/status/1959110297912058218,😄😄,926354922903191552,kabiiraspeaking,False,284,,0,10,"August 23, 2025 at 04:27 AM",Negative
Keir Starmer (UK PM),codomain,1951077519131902269,https://x.com/kabiiraspeaking/status/1951077519131902269,😄😄,926354922903191552,kabiiraspeaking,False,284,,0,4,"August 1, 2025 at 12:28 AM",Negative
Keir Starmer (UK PM),codomain,1909064959398482434,https://x.com/kabiiraspeaking/status/1909064959398482434,😂😂😂,926354922903191552,kabiiraspeaking,False,284,,0,28,"April 7, 2025 at 02:05 AM",Negative
Keir Starmer (UK PM),codomain,1907974877166055709,https://x.com/kabiiraspeaking/status/1907974877166055709,😂😂,926354922903191552,kabiiraspeaking,False,284,,0,6,"April 4, 2025 at 01:53 AM",Negative
Keir Starmer (UK PM),codomain,1975127121845768253,https://x.com/lords0505/status/1975127121845768253,"RT @truckdriverpleb: Japan's new female Prime Minister is a hardcore nationalist

Her plan is to put a stop to immigration and deport all i…",4474085055,lords0505,False,357,Planet earth,221455,3452524,"October 6, 2025 at 09:12 AM",Negative
Keir Starmer (UK PM),codomain,1974911545751818378,https://x.com/lords0505/status/1974911545751818378,"RT @TRobinsonNewEra: Our Message to Keir Starmer: You Don’t Speak for Us.

The people have had enough. At the UTK Freedom of Speech Rally 2…",4474085055,lords0505,False,357,Planet earth,29883,267663,"October 5, 2025 at 06:56 PM",Negative
Keir Starmer (UK PM),codomain,1973850374638653536,https://x.com/lords0505/status/1973850374638653536,"RT @LBC: 'Keir Starmer won't be able to see it, but he'll definitely be able to hear it.'
 
A violent protest has broken out at the gates o…",4474085055,lords0505,False,357,Planet earth,13876,2963178,"October 2, 2025 at 08:39 PM",Negative
Keir Starmer (UK PM),codomain,1970306387176509790,https://x.com/issy383/status/1970306387176509790,#StarmerOut,261696314,issy383,False,470,Northern Ireland,0,32,"September 23, 2025 at 01:57 AM",Negative
Keir Starmer (UK PM),codomain,1976320706981032303,https://x.com/ReadIndyan/status/1976320706981032303,"RT @narendramodi: India-UK friendship is on the move and is filled with great vigour! 

A picture from earlier today, when my friend PM Sta…",78060329,ReadIndyan,True,704,Somewhere on the shores !!,32959,684157,"October 9, 2025 at 04:15 PM",Negative
Keir Starmer (UK PM),codomain,1976314021499551920,https://x.com/ReadIndyan/status/1976314021499551920,"RT @narendramodi: Spoke to my friend, President Trump and congratulated him on the success of the historic Gaza peace plan. Also reviewed t…",78060329,ReadIndyan,True,704,Somewhere on the shores !!,22153,1015712,"October 9, 2025 at 03:49 PM",Negative
Keir Starmer (UK PM),codomain,1976309764759150716,https://x.com/ReadIndyan/status/1976309764759150716,"RT @nbramllb: No Chief Ministers Mother in India should be abused this way, be it Revanth Reddy family or Yogi Adityanath family….

My requ…",78060329,ReadIndyan,True,704,Somewhere on the shores !!,2530,148714,"October 9, 2025 at 03:32 PM",Negative
Keir Starmer (UK PM),codomain,1976323812049498474,https://x.com/Peteuk001/status/1976323812049498474,RT @PaulPitt1967: Ground zero for just about everything that went wrong in this country 🍺🚬 https://t.co/5CSWyrJOEc,248794292,Peteuk001,False,1711,Paignton Devon,7513,95135,"October 9, 2025 at 04:28 PM",Negative
Keir Starmer (UK PM),codomain,1976321341398913249,https://x.com/Peteuk001/status/1976321341398913249,"RT @visegrad24: BREAKING:

Meloni introduces new bill to combat “Islamist &amp; cultural separatism”

- Full burqa and niqab ban in all public…",248794292,Peteuk001,False,1711,Paignton Devon,43065,880608,"October 9, 2025 at 04:18 PM",Negative
Keir Starmer (UK PM),codomain,1976321247853350933,https://x.com/Peteuk001/status/1976321247853350933,"RT @Suffragent_: NEW‼️Bankrupt Birmingham Council is spending thousands on a taskforce to tear down 'unauthorised' flags.

Patrol officers…",248794292,Peteuk001,False,1711,Paignton Devon,3413,62150,"October 9, 2025 at 04:17 PM",Negative
Keir Starmer (UK PM),codomain,1975859059036192806,https://x.com/Peteuk001/status/1975859059036192806,"RT @TruthFairy131: 🔥 WARNING 🔥

Welsh parents were branded racist for objecting to an unannounced Islam lesson at a Swansea primary school.…",248794292,Peteuk001,False,1711,Paignton Devon,42501,1415841,"October 8, 2025 at 09:41 AM",Negative
Keir Starmer (UK PM),codomain,1975845562126946665,https://x.com/Peteuk001/status/1975845562126946665,"RT @IAmBritishReal: This is sacred British heritage church grounds. 

Firstly Muslims should not be allowed to gather to pray there, and se…",248794292,Peteuk001,False,1711,Paignton Devon,7301,110064,"October 8, 2025 at 08:47 AM",Negative
Keir Starmer (UK PM),codomain,1975946364652753321,https://x.com/Peteuk001/status/1975946364652753321,"RT @PeterSweden7: Britain now has the most number of r*pes in Europe.

Sweden has the second most number of r*pes in Europe.

What went wro…",248794292,Peteuk001,False,1711,Paignton Devon,56854,1279332,"October 8, 2025 at 03:28 PM",Negative
Keir Starmer (UK PM),codomain,1975598269544681730,https://x.com/Peteuk001/status/1975598269544681730,"RT @realrikkidoolan: We are absolutely expecting you to act on this @nottspolice. 

It’s a clear incitement to violence, it happened in you…",248794292,Peteuk001,False,1711,Paignton Devon,14669,238319,"October 7, 2025 at 04:25 PM",Negative
Keir Starmer (UK PM),codomain,1975598171763208655,https://x.com/Peteuk001/status/1975598171763208655,"RT @DavidPoulden: I say the London Trocadero should NOT be turned into a MOSQUE.
Drop a ❤️ retweet and follow me if you agree. https://t.co…",248794292,Peteuk001,False,1711,Paignton Devon,12151,157699,"October 7, 2025 at 04:24 PM",Negative
Keir Starmer (UK PM),codomain,1975598132906897666,https://x.com/Peteuk001/status/1975598132906897666,"RT @Basil_TGMD: 🚨BREAKING: MAN ARRESTED FOR ARSON ATTACK ON MOSQUE IS MUSLIM

43-year-old, Arif Ali Rafiq has been charged in connection wi…",248794292,Peteuk001,False,1711,Paignton Devon,26839,756905,"October 7, 2025 at 04:24 PM",Negative
Keir Starmer (UK PM),codomain,1975597560745369809,https://x.com/Peteuk001/status/1975597560745369809,"RT @benonwine: I’m sorry but anyone who arrives in Britain Illegally, as soon as they step on British soil is a CRIMINAL and needs to be tr…",248794292,Peteuk001,False,1711,Paignton Devon,9081,79834,"October 7, 2025 at 04:22 PM",Negative
Keir Starmer (UK PM),codomain,1975566324295475296,https://x.com/Peteuk001/status/1975566324295475296,"RT @ActionBrexit: LUCY CONNOLLY SAID SOMETHING VERY SIMILAR ON A TWEET, THEN DELETED IT. 

YET THERE ARE IMAMS AROUND THE COUNTRY THAT PREA…",248794292,Peteuk001,False,1711,Paignton Devon,11750,150065,"October 7, 2025 at 02:18 PM",Negative
Keir Starmer (UK PM),codomain,1975566263062831277,https://x.com/Peteuk001/status/1975566263062831277,"RT @DaveAtherton20: 🚨Today's Must Read🚨

In Breck Road in Liverpool a local girl was abducted by migrants, she was locked up and drugged. U…",248794292,Peteuk001,False,1711,Paignton Devon,39457,2861668,"October 7, 2025 at 02:17 PM",Negative
Keir Starmer (UK PM),codomain,1976320893627641965,https://x.com/fairelammaarm/status/1976320893627641965,"RT @narendramodi: India-UK friendship is on the move and is filled with great vigour! 

A picture from earlier today, when my friend PM Sta…",1640755542254841856,fairelammaarm,False,38,,32958,684157,"October 9, 2025 at 04:16 PM",Negative
Keir Starmer (UK PM),codomain,1976014894442156347,https://x.com/Uneed2Beawake2/status/1976014894442156347,"RT @DavidDavisMP: I have received countless requests to campaign against digital ID.

The petition, at 2.8 million signatures shows:

This…",1497886308,Uneed2Beawake2,False,487,,14591,258527,"October 8, 2025 at 08:00 PM",Negative
Keir Starmer (UK PM),codomain,1975457587836690555,https://x.com/Uneed2Beawake2/status/1975457587836690555,"RT @recusant_raja: I will not be intimidated by Andy Burnham, Labour lawyers, or their bloc vote supplying Pakistani Cartels and Islamists.…",1497886308,Uneed2Beawake2,False,487,,7249,56865,"October 7, 2025 at 07:06 AM",Negative
Keir Starmer (UK PM),codomain,1974782192904757252,https://x.com/Uneed2Beawake2/status/1974782192904757252,"RT @elonmusk: The minds of youth are easily corrupted, which is why the corrupt ply their propaganda to the youth",1497886308,Uneed2Beawake2,False,487,,366539,38211504,"October 5, 2025 at 10:22 AM",Negative
Keir Starmer (UK PM),codomain,1974523780606414849,https://x.com/Uneed2Beawake2/status/1974523780606414849,"RT @jodymcintyre_: Morgan McSweeney + Keir Starmer are tightening their grip on the Labour Party.

With the questionable Anonyvoter online…",1497886308,Uneed2Beawake2,False,487,,3395,99806,"October 4, 2025 at 05:15 PM",Negative
Keir Starmer (UK PM),codomain,1973769750431101396,https://x.com/Uneed2Beawake2/status/1973769750431101396,"RT @BritainisCool: If you don't think it's democratic that 33.7% of votes should give a party nearly 64% of the seats in Parliament, then p…",1497886308,Uneed2Beawake2,False,487,,32481,15939510,"October 2, 2025 at 03:19 PM",Negative
Keir Starmer (UK PM),codomain,1975944330499252350,https://x.com/MateyJay/status/1975944330499252350,"RT @StarkNakedBrief: So our Hope Not Hate-linked Attorney General, Lord Hermer, has popped his head above the parapet again.

This time, he…",735574334518001665,MateyJay,False,133,Airstrip One,3927,102465,"October 8, 2025 at 03:20 PM",Negative
Keir Starmer (UK PM),codomain,1975936144409031085,https://x.com/MateyJay/status/1975936144409031085,"RT @MPIainDS: Yet more evidence that Starmer is not telling the truth about the collasped China spy case. 👇
The Labour government’s excuse…",735574334518001665,MateyJay,False,133,Airstrip One,4923,397606,"October 8, 2025 at 02:47 PM",Negative
Keir Starmer (UK PM),codomain,1975929533527478273,https://x.com/MateyJay/status/1975929533527478273,"RT @TruthFairy131: 🔥 WARNING 🔥

Welsh parents were branded racist for objecting to an unannounced Islam lesson at a Swansea primary school.…",735574334518001665,MateyJay,False,133,Airstrip One,42501,1415841,"October 8, 2025 at 02:21 PM",Negative
Keir Starmer (UK PM),codomain,1975924357776961995,https://x.com/MateyJay/status/1975924357776961995,"RT @simonsquibb: I wish I didn’t have to write this.

But if you’re a parent in England… this affects you.

The government’s new ‘Children’…",735574334518001665,MateyJay,False,133,Airstrip One,3376,356542,"October 8, 2025 at 02:00 PM",Negative
Keir Starmer (UK PM),codomain,1975526647861551461,https://x.com/MateyJay/status/1975526647861551461,"RT @RobertJenrick: I have uncovered over 30 immigration judges with links to open borders charities. 

It is now beyond any doubt that a de…",735574334518001665,MateyJay,False,133,Airstrip One,81162,2226655,"October 7, 2025 at 11:40 AM",Negative
Keir Starmer (UK PM),codomain,1974162432647180506,https://x.com/MateyJay/status/1974162432647180506,RT @TRobinsonNewEra: Your Home Secretary @ShabanaMahmood intimidating businesses to close for stocking Israeli products  https://t.co/zqWIf…,735574334518001665,MateyJay,False,133,Airstrip One,17757,361275,"October 3, 2025 at 05:19 PM",Negative
Keir Starmer (UK PM),codomain,1973846683172864488,https://x.com/MateyJay/status/1973846683172864488,RT @Lewis_Brackpool: NOW — Rupert Lowe MP has written directly to the Bank of England’s Deputy Secretary demanding the release of strategy…,735574334518001665,MateyJay,False,133,Airstrip One,12403,230432,"October 2, 2025 at 08:24 PM",Negative
Keir Starmer (UK PM),codomain,1975937153483055223,https://x.com/working4920/status/1975937153483055223,RT @Suffragent_: Three Epping protesters have been jailed - getting LONGER sentences than the migrant who sparked the disorder by assaultin…,1854151356078026766,working4920,False,102,,31466,27049199,"October 8, 2025 at 02:51 PM",Negative
Keir Starmer (UK PM),codomain,1975631889483579872,https://x.com/working4920/status/1975631889483579872,"RT @Basil_TGMD: 🚨BREAKING: MAN ARRESTED FOR ARSON ATTACK ON MOSQUE IS MUSLIM

43-year-old, Arif Ali Rafiq has been charged in connection wi…",1854151356078026766,working4920,False,102,,26839,756911,"October 7, 2025 at 06:38 PM",Negative
Keir Starmer (UK PM),codomain,1976198038361342227,https://x.com/Mark_Twitchett/status/1976198038361342227,"RT @visegrad24: BREAKING:

Meloni has decided to start sending 400+ Armored Personnel Carriers and Tracked Cargo Carriers to Ukraine

Some…",97423608,Mark_Twitchett,True,3290,London Region,8467,297430,"October 9, 2025 at 08:08 AM",Negative
Keir Starmer (UK PM),codomain,1976323122841387020,https://x.com/Mark_Twitchett/status/1976323122841387020,Yes,97423608,Mark_Twitchett,True,3290,London Region,3,67,"October 9, 2025 at 04:25 PM",Negative
Keir Starmer (UK PM),codomain,1976317385109070316,https://x.com/Mark_Twitchett/status/1976317385109070316,"RT @JayinKyiv: Navalny's ""opposition"" wife continues her global tour promoting verbatim Kremlin propaganda narratives.

Sadly, the west wil…",97423608,Mark_Twitchett,True,3290,London Region,907,27527,"October 9, 2025 at 04:02 PM",Negative
Keir Starmer (UK PM),codomain,1975975184453730405,https://x.com/Mark_Twitchett/status/1975975184453730405,"RT @JohnCleese: Why are the right wing press hushing up a matter of treachery ?

I thought they were supposed to be the patriotic ones",97423608,Mark_Twitchett,True,3290,London Region,5499,167442,"October 8, 2025 at 05:22 PM",Negative
Keir Starmer (UK PM),codomain,1975965442046042467,https://x.com/Mark_Twitchett/status/1975965442046042467,RT @UkrReview: 🇺🇦 Zaluzhnyi: I do not recognize any ideas of holding elections during the war. Anyone who receives an offer from someone wi…,97423608,Mark_Twitchett,True,3290,London Region,7118,466394,"October 8, 2025 at 04:44 PM",Negative
Keir Starmer (UK PM),codomain,1976244375593369712,https://x.com/BlobWarriorUK/status/1976244375593369712,RT @iamyesyouareno: An absolute disgrace. Why is his safety more important than the safety of the British people? https://t.co/0j7DKQv23b,759861715,BlobWarriorUK,True,5034,Birmingham ,19998,289880,"October 9, 2025 at 11:12 AM",Negative
Keir Starmer (UK PM),codomain,1976228159252201878,https://x.com/BlobWarriorUK/status/1976228159252201878,"RT @RupertLowe10: Restore Britain has today published the most comprehensive deportation policy ever produced in Britain.

Never let anyone…",759861715,BlobWarriorUK,True,5034,Birmingham ,10825,272847,"October 9, 2025 at 10:08 AM",Negative
Keir Starmer (UK PM),codomain,1976322436695195984,https://x.com/BlobWarriorUK/status/1976322436695195984,"RT @SenTuberville: You won’t hear this from the mainstream media, but 62 THOUSAND Christians have been MURDERED by ISLAM EXTREMISTS in Nige…",759861715,BlobWarriorUK,True,5034,Birmingham ,7760,77859,"October 9, 2025 at 04:22 PM",Negative
Keir Starmer (UK PM),codomain,1976053331282796965,https://x.com/BlobWarriorUK/status/1976053331282796965,RT @StarkNakedBrief: This is Jamie Sawyer—the judge who sentenced the Epping hotel offenders to longer prison terms than the asylum seeker…,759861715,BlobWarriorUK,True,5034,Birmingham ,5004,107839,"October 8, 2025 at 10:33 PM",Negative
Keir Starmer (UK PM),codomain,1975866398321611084,https://x.com/BlobWarriorUK/status/1975866398321611084,"RT @Basil_TGMD: 🚨GIRL, 14, Kidnapped and r*ped in Hassock, West Sussex

Absolutely harrowing story 

The man who did it has finally been ar…",759861715,BlobWarriorUK,True,5034,Birmingham ,7126,178388,"October 8, 2025 at 10:10 AM",Negative
Keir Starmer (UK PM),codomain,1975816739767341296,https://x.com/BlobWarriorUK/status/1975816739767341296,"RT @GoodwinMJ: “In 2022, the UK population increased by 658,000 people. In 2023, another 890,000. In 2024, another 755,000. These are the l…",759861715,BlobWarriorUK,True,5034,Birmingham ,1310,55850,"October 8, 2025 at 06:53 AM",Negative
Keir Starmer (UK PM),codomain,1975993085671657478,https://x.com/BlobWarriorUK/status/1975993085671657478,"RT @GBNEWS: 'The Tories promised to cut immigration, instead they brought in 6.5 million people.'

Zia Yusuf says 14 years of broken promis…",759861715,BlobWarriorUK,True,5034,Birmingham ,2001,52444,"October 8, 2025 at 06:33 PM",Negative
Keir Starmer (UK PM),codomain,1975773394538004799,https://x.com/BlobWarriorUK/status/1975773394538004799,"RT @WallStreetApes: Katie Hopkins says UK has been ""overrun in every way"" by Muslims, “The time of crusades must come again""

She says the…",759861715,BlobWarriorUK,True,5034,Birmingham ,53219,1694399,"October 8, 2025 at 04:01 AM",Negative
Keir Starmer (UK PM),codomain,1975771286996398448,https://x.com/BlobWarriorUK/status/1975771286996398448,"RT @GBNEWS: 'Muhammad was a proud trans lesbian. We need trans women to run Gaza.'

A protester at a pro-Palestine rally tells @BenLeo444 h…",759861715,BlobWarriorUK,True,5034,Birmingham ,8244,588026,"October 8, 2025 at 03:52 AM",Negative
Keir Starmer (UK PM),codomain,1975600822651347419,https://x.com/BlobWarriorUK/status/1975600822651347419,"RT @TruthFairy131: Big shoutout to the Indian community in Mernda, Melbourne.

You are filthy pigs.

Shame on you for dumping all of your r…",759861715,BlobWarriorUK,True,5034,Birmingham ,104526,7463459,"October 7, 2025 at 04:35 PM",Negative
Keir Starmer (UK PM),codomain,1975564562603909295,https://x.com/BlobWarriorUK/status/1975564562603909295,RT @Suffragent_: Three Epping protesters have been jailed - getting LONGER sentences than the migrant who sparked the disorder by assaultin…,759861715,BlobWarriorUK,True,5034,Birmingham ,31466,27049199,"October 7, 2025 at 02:11 PM",Negative
Keir Starmer (UK PM),codomain,1975558844932890968,https://x.com/BlobWarriorUK/status/1975558844932890968,"RT @EvaVlaar: Hans and Helga have to work till they’re 73 so Mohammed and Fatima + their 8 kids can live a better life. 

And if Hans and H…",759861715,BlobWarriorUK,True,5034,Birmingham ,103538,2658661,"October 7, 2025 at 01:48 PM",Negative
Keir Starmer (UK PM),codomain,1976307033357070584,https://x.com/998cayman/status/1976307033357070584,RT @StarkNakedBrief: This is Jamie Sawyer—the judge who sentenced the Epping hotel offenders to longer prison terms than the asylum seeker…,2375720180,998cayman,True,308,England,5004,107839,"October 9, 2025 at 03:21 PM",Negative
Keir Starmer (UK PM),codomain,1975445377622098000,https://x.com/998cayman/status/1975445377622098000,"RT @robprogressive: £532,000 to rebrand this logo 

That’s what the govt. spent. £532k to move a dot up and change one colour 

The U.K is…",2375720180,998cayman,True,308,England,45554,3041093,"October 7, 2025 at 06:17 AM",Negative
Keir Starmer (UK PM),codomain,1975581765201715418,https://x.com/998cayman/status/1975581765201715418,RT @Suffragent_: Three Epping protesters have been jailed - getting LONGER sentences than the migrant who sparked the disorder by assaultin…,2375720180,998cayman,True,308,England,31466,27049199,"October 7, 2025 at 03:19 PM",Negative
Keir Starmer (UK PM),codomain,1974528131315962107,https://x.com/998cayman/status/1974528131315962107,"RT @Basil_TGMD: The Mayor of Rotherham

Speaking in a foreign tongue with foreign flags hanging behind her.

How can anyone look at this an…",2375720180,998cayman,True,308,England,64927,1453914,"October 4, 2025 at 05:32 PM",Negative
Keir Starmer (UK PM),codomain,1975474806557737146,https://x.com/TeddieCarissa/status/1975474806557737146,RT @StandUpForFact: 🚨BREAKING: British citizens are calling upon King Charles to dissolve parliament and call a general election immediatel…,1798262420617441280,TeddieCarissa,False,28,,46893,709629,"October 7, 2025 at 08:14 AM",Negative
Keir Starmer (UK PM),codomain,1975474199067304024,https://x.com/TeddieCarissa/status/1975474199067304024,RT @elonmusk: Precisely,1798262420617441280,TeddieCarissa,False,28,,187249,19415239,"October 7, 2025 at 08:12 AM",Negative
Keir Starmer (UK PM),codomain,1975551645888225591,https://x.com/TeddieCarissa/status/1975551645888225591,"RT @Basil_TGMD: 🚨BREAKING: MAN ARRESTED FOR ARSON ATTACK ON MOSQUE IS MUSLIM

43-year-old, Arif Ali Rafiq has been charged in connection wi…",1798262420617441280,TeddieCarissa,False,28,,26839,756911,"October 7, 2025 at 01:19 PM",Negative
Keir Starmer (UK PM),codomain,1974661263621013519,https://x.com/TeddieCarissa/status/1974661263621013519,"RT @TheBritishIntel: 🚨 STARMER BLOCKED BAN ON COUSIN MARRIAGE

Keir Starmer’s government quietly blocked proposals to outlaw cousin marriag…",1798262420617441280,TeddieCarissa,False,28,,12661,398370,"October 5, 2025 at 02:21 AM",Negative
Keir Starmer (UK PM),codomain,1976256910883180826,https://x.com/grandmaGator929/status/1976256910883180826,RT @WhiteHouse: THE PEACE PRESIDENT. https://t.co/bq3nMvuiSd,1679872976643031041,grandmaGator929,False,4257,"Florida, USA",124459,4426078,"October 9, 2025 at 12:02 PM",Negative
Keir Starmer (UK PM),codomain,1976205526418718906,https://x.com/grandmaGator929/status/1976205526418718906,"RT @KenPaxtonTX: Having Gavin Newsom and Katie Porter back to back is something I wouldn't wish on my worst enemy. 

Californians, you're i…",1679872976643031041,grandmaGator929,False,4257,"Florida, USA",25112,363162,"October 9, 2025 at 08:38 AM",Negative
Keir Starmer (UK PM),codomain,1976205101057323476,https://x.com/grandmaGator929/status/1976205101057323476,RT @EricTrump: Retweet if you believe @realDonaldTrump deserves the Nobel Peace Prize.,1679872976643031041,grandmaGator929,False,4257,"Florida, USA",83183,2495541,"October 9, 2025 at 08:36 AM",Negative
Keir Starmer (UK PM),codomain,1976203771744223516,https://x.com/grandmaGator929/status/1976203771744223516,"RT @WallStreetApes: This is what paid propaganda looks like

Both Democrat Influencers Harry Sisson and Aaron Parnas post videos saying the…",1679872976643031041,grandmaGator929,False,4257,"Florida, USA",59947,893969,"October 9, 2025 at 08:31 AM",Negative
Keir Starmer (UK PM),codomain,1976203629272105466,https://x.com/grandmaGator929/status/1976203629272105466,"RT @C_3C_3: This is a member of the international terrorist organization known as Antifa.

He’s also the son of Democrat Senator Tim Kaine.…",1679872976643031041,grandmaGator929,False,4257,"Florida, USA",76907,1111623,"October 9, 2025 at 08:30 AM",Negative
Keir Starmer (UK PM),codomain,1976303461022171477,https://x.com/grandmaGator929/status/1976303461022171477,RT @RealJamesWoods: They always leave California to escape the policies they voted for and promoted forever. Then the poor folks who are le…,1679872976643031041,grandmaGator929,False,4257,"Florida, USA",17228,348517,"October 9, 2025 at 03:07 PM",Negative
Keir Starmer (UK PM),codomain,1976301569613115445,https://x.com/grandmaGator929/status/1976301569613115445,"RT @JDVance: Better for Schumer. Worse for Americans.  

What a vile sentiment from an alleged leader in our country.",1679872976643031041,grandmaGator929,False,4257,"Florida, USA",22219,645330,"October 9, 2025 at 02:59 PM",Negative
Keir Starmer (UK PM),codomain,1976050914923343933,https://x.com/grandmaGator929/status/1976050914923343933,"RT @WallStreetApes: White House releases names funding Antifa, protests and violence in America

We paid for our own protests with over $10…",1679872976643031041,grandmaGator929,False,4257,"Florida, USA",59240,1669718,"October 8, 2025 at 10:23 PM",Negative
Keir Starmer (UK PM),codomain,1976329803281334762,https://x.com/JackSmorh/status/1976329803281334762,RT @megbasham: You are biblically allowed to oppose immigration policies that change your country’s culture from this to this. https://t.co…,1331069861645193228,JackSmorh,True,196,,8044,166887,"October 9, 2025 at 04:51 PM",Negative
Keir Starmer (UK PM),codomain,1976121055157657614,https://x.com/JackSmorh/status/1976121055157657614,Amen,1331069861645193228,JackSmorh,True,196,,0,28,"October 9, 2025 at 03:02 AM",Negative
Keir Starmer (UK PM),codomain,1976328127128404043,https://x.com/db_fink/status/1976328127128404043,RT @PolitlcsUK: 🚨 NEW: Rishi Sunak has been appointed as a Senior Adviser at Microsoft,1181861567450796034,db_fink,True,24048,London ,1144,105553,"October 9, 2025 at 04:45 PM",Negative
Keir Starmer (UK PM),codomain,1976287637289005400,https://x.com/db_fink/status/1976287637289005400,"RT @PolitlcsUK: 🚨 NEW: 1,075 migrants crossed the English Channel yesterday, bringing this year's total to over 35,000 migrants",1181861567450796034,db_fink,True,24048,London ,805,56510,"October 9, 2025 at 02:04 PM",Negative
Keir Starmer (UK PM),codomain,1976256139529683410,https://x.com/dopper_ganger/status/1976256139529683410,"RT @RoKhanna: This was a powerful moment when @VivekGRamaswamy did not hide from his Hindu faith, engaged in dialogue with someone of deep…",1805570113166524416,dopper_ganger,False,58,Kashi🚩,3192,199380,"October 9, 2025 at 11:59 AM",Negative
Keir Starmer (UK PM),codomain,1976255028009578696,https://x.com/dopper_ganger/status/1976255028009578696,"RT @narendramodi: Wonderful rendition of Ed Sheeran &amp; Arijit Singh’s Sapphire, which is a great example of India-UK cultural partnership! h…",1805570113166524416,dopper_ganger,False,58,Kashi🚩,53875,1637094,"October 9, 2025 at 11:54 AM",Negative
Keir Starmer (UK PM),codomain,1976254611343462773,https://x.com/dopper_ganger/status/1976254611343462773,RT @RShivshankar: Unapologetically Hindu even on a Christian Stage. Vivek Ramaswamy does the faith proud. You don't need to appease to win…,1805570113166524416,dopper_ganger,False,58,Kashi🚩,4075,133270,"October 9, 2025 at 11:53 AM",Negative
Keir Starmer (UK PM),codomain,1976251311307010209,https://x.com/dopper_ganger/status/1976251311307010209,"RT @beatsinbrief: 🚨 Countries Accepting Made in India UPI as of 2025:

• Bhutan
• France
• Mauritius
• Nepal
• Qatar
• Singapore
• Sri Lank…",1805570113166524416,dopper_ganger,False,58,Kashi🚩,7625,193755,"October 9, 2025 at 11:40 AM",Negative
Keir Starmer (UK PM),codomain,1976250670387957938,https://x.com/dopper_ganger/status/1976250670387957938,"RT @Keir_Starmer: I'm flying the flag for British business in Mumbai, because growth in India for British businesses means more jobs for pe…",1805570113166524416,dopper_ganger,False,58,Kashi🚩,19174,954103,"October 9, 2025 at 11:37 AM",Negative
Keir Starmer (UK PM),codomain,1976249036459110417,https://x.com/dopper_ganger/status/1976249036459110417,"RT @HaidarHashmi0: The Government of Afghanistan will choose India over Pakistan, because Pakistan has always opposed Afghanistan’s progres…",1805570113166524416,dopper_ganger,False,58,Kashi🚩,5784,321814,"October 9, 2025 at 11:31 AM",Negative
Keir Starmer (UK PM),codomain,1976246711963222239,https://x.com/dopper_ganger/status/1976246711963222239,"RT @Keir_Starmer: Our deal with India means:

More investment in the UK.
Thousands of new jobs across the country.
More money for you and y…",1805570113166524416,dopper_ganger,False,58,Kashi🚩,14599,613365,"October 9, 2025 at 11:21 AM",Negative
Keir Starmer (UK PM),codomain,1976246650294391030,https://x.com/dopper_ganger/status/1976246650294391030,RT @narendramodi: Welcome Prime Minister Keir Starmer on your historic first visit to India with the largest ever trade delegation from the…,1805570113166524416,dopper_ganger,False,58,Kashi🚩,118530,8844814,"October 9, 2025 at 11:21 AM",Negative
Keir Starmer (UK PM),codomain,1976315666149052506,https://x.com/dopper_ganger/status/1976315666149052506,"RT @Keir_Starmer: Our partnership with India is delivering for British people.

10,000 new jobs created and £1.3 billion of investment back…",1805570113166524416,dopper_ganger,False,58,Kashi🚩,1365,57340,"October 9, 2025 at 03:55 PM",Negative
Keir Starmer (UK PM),codomain,1976279690320150558,https://x.com/dopper_ganger/status/1976279690320150558,"RT @Starboy2079: Though Mayawati started her politics with anti Savarna politics but she evolved with the time

- She supported removal of…",1805570113166524416,dopper_ganger,False,58,Kashi🚩,8634,279888,"October 9, 2025 at 01:32 PM",Negative
Keir Starmer (UK PM),codomain,1976008606656127405,https://x.com/David41589141/status/1976008606656127405,"RT @GBPolitcs: 🚨NEW: Over 1,000 illegal immigrants crossed the English Channel today",1168507208608505861,David41589141,False,2544,"South East, England",1775,59972,"October 8, 2025 at 07:35 PM",Negative
Keir Starmer (UK PM),codomain,1973400002346061894,https://x.com/David41589141/status/1973400002346061894,"RT @ukJ0N: BRILLIANT

Just give Georgina from London her own show already, she's box office. 📽️🎦🎞️

Labour's embarrassing gutter politics a…",1168507208608505861,David41589141,False,2544,"South East, England",7893,187869,"October 1, 2025 at 02:49 PM",Negative
Keir Starmer (UK PM),codomain,1944475498308091986,https://x.com/David41589141/status/1944475498308091986,Resign @YvetteCooperMP .,1168507208608505861,David41589141,False,2544,"South East, England",2,24,"July 13, 2025 at 07:14 PM",Negative
Keir Starmer (UK PM),codomain,1955249635741602082,https://x.com/David41589141/status/1955249635741602082,So what are you doing @YvetteCooperMP  ?,1168507208608505861,David41589141,False,2544,"South East, England",0,23,"August 12, 2025 at 12:46 PM",Negative
Keir Starmer (UK PM),codomain,1975723198307004544,https://x.com/Zeexxxx_/status/1975723198307004544,RT @NotFarLeftAtAll: The woman who cut down the yellow ribbons for the hostages in Muswell Hill yesterday has been identified as Nadia Yaha…,1937599694290448384,Zeexxxx_,True,1025,"London, England",24214,510988,"October 8, 2025 at 12:41 AM",Negative
Keir Starmer (UK PM),codomain,1976152442254377194,https://x.com/LMA959799/status/1976152442254377194,"RT @Artemisfornow: Well done tax payers

Hammersmith &amp; Fulham Council is 260 MILLION in debt &amp; just raised council tax by 4.7%, 

Has hande…",955119221389832192,LMA959799,True,5168,"England, United Kingdom",10669,195929,"October 9, 2025 at 05:07 AM",Negative
Keir Starmer (UK PM),codomain,1976139495004365196,https://x.com/LMA959799/status/1976139495004365196,"RT @EssexPR: Another 750 unknown, uncheckable men have crossed the Channel Illegally today. Our Authorities know absolutely nothing about t…",955119221389832192,LMA959799,True,5168,"England, United Kingdom",7470,92039,"October 9, 2025 at 04:15 AM",Negative
Keir Starmer (UK PM),codomain,1976307932871655429,https://x.com/LMA959799/status/1976307932871655429,RT @iamyesyouareno: An absolute disgrace. Why is his safety more important than the safety of the British people? https://t.co/0j7DKQv23b,955119221389832192,LMA959799,True,5168,"England, United Kingdom",20008,290083,"October 9, 2025 at 03:25 PM",Negative
Keir Starmer (UK PM),codomain,1976034556974334112,https://x.com/LMA959799/status/1976034556974334112,"RT @Nigel_Farage: The British public think Britain is broken. 

We need Reform more than ever. https://t.co/iwqlwICHxC",955119221389832192,LMA959799,True,5168,"England, United Kingdom",7017,142863,"October 8, 2025 at 09:18 PM",Negative
Keir Starmer (UK PM),codomain,1976033483173847105,https://x.com/LMA959799/status/1976033483173847105,"RT @Wokewaster: The top 1% of earners in the UK pay 29% of all the tax revenue gathered. 

The top 10% of earners pay 60% of all tax revenu…",955119221389832192,LMA959799,True,5168,"England, United Kingdom",12042,264730,"October 8, 2025 at 09:14 PM",Negative
Keir Starmer (UK PM),codomain,1975812887391396323,https://x.com/LMA959799/status/1975812887391396323,"RT @thehealthb0t: Covid was planned years in advance - how do we know this?  

They told us! https://t.co/WpzSqBnHZy",955119221389832192,LMA959799,True,5168,"England, United Kingdom",4625,51353,"October 8, 2025 at 06:37 AM",Negative
Keir Starmer (UK PM),codomain,1975789936692592946,https://x.com/LMA959799/status/1975789936692592946,RT @BROKENBRITAIN0: 🚨 Police are STILL REFUSING to arrest this Nottingham iman after he called for muslims across the west to wage JIHAD (w…,955119221389832192,LMA959799,True,5168,"England, United Kingdom",7572,77170,"October 8, 2025 at 05:06 AM",Negative
Keir Starmer (UK PM),codomain,1975444420561674533,https://x.com/LMA959799/status/1975444420561674533,RT @WallStreetApes: Denmark followed 321 Muslim Palestinian asylum seekers and their kids for nearly 30 years. This is the SHOCKING result…,955119221389832192,LMA959799,True,5168,"England, United Kingdom",75812,2705683,"October 7, 2025 at 06:13 AM",Negative
Keir Starmer (UK PM),codomain,1975593150682178050,https://x.com/LMA959799/status/1975593150682178050,"RT @wideawake_media: English ex-footballer Matt Le Tissier describes the current situation perfectly. 🎯

""The people that we've put in powe…",955119221389832192,LMA959799,True,5168,"England, United Kingdom",21652,483834,"October 7, 2025 at 04:04 PM",Negative
Keir Starmer (UK PM),codomain,1975572399086313526,https://x.com/LMA959799/status/1975572399086313526,"RT @GoodwinMJ: This is why they don’t want a rape inquiry in Bradford. Because I suspect we will find many, many more sickening cases like…",955119221389832192,LMA959799,True,5168,"England, United Kingdom",19230,177847,"October 7, 2025 at 02:42 PM",Negative
Keir Starmer (UK PM),codomain,1975381488976994624,https://x.com/LMA959799/status/1975381488976994624,"RT @robprogressive: £532,000 to rebrand this logo 

That’s what the govt. spent. £532k to move a dot up and change one colour 

The U.K is…",955119221389832192,LMA959799,True,5168,"England, United Kingdom",45554,3041103,"October 7, 2025 at 02:03 AM",Negative
Keir Starmer (UK PM),codomain,1975376846264115230,https://x.com/LMA959799/status/1975376846264115230,"RT @BGatesIsaPyscho: 🚨🇬🇧 “UK Council set to BAN Christians from praying for people”

“Christian Preacher’s could be jailed for up to two ye…",955119221389832192,LMA959799,True,5168,"England, United Kingdom",50354,1815302,"October 7, 2025 at 01:45 AM",Negative
Keir Starmer (UK PM),codomain,1974386350184149349,https://x.com/LMA959799/status/1974386350184149349,RT @EndWokeness: This story disappeared way too quickly https://t.co/XXNIFgwsfR,955119221389832192,LMA959799,True,5168,"England, United Kingdom",185409,4182173,"October 4, 2025 at 08:09 AM",Negative
Keir Starmer (UK PM),codomain,1973611814585012320,https://x.com/LMA959799/status/1973611814585012320,RT @EricaRN4USA: This is why free speech is so important — unbelievable! https://t.co/c8ErzIxX1D,955119221389832192,LMA959799,True,5168,"England, United Kingdom",25174,258753,"October 2, 2025 at 04:51 AM",Negative
Keir Starmer (UK PM),codomain,1976325748907774372,https://x.com/MuslimahRev/status/1976325748907774372,RT @liamcunningham1: OPEN THE GATES. LET THE AID IN NOW!,1089570774183280642,MuslimahRev,False,608,United Kingdom,42614,590459,"October 9, 2025 at 04:35 PM",Negative
Keir Starmer (UK PM),codomain,1976324038160162894,https://x.com/MuslimahRev/status/1976324038160162894,"RT @FranceskAlbs: BREAKING! “Ceasefire”, in Israel’s dictionary: you cease, I fire.

Just hours after the deal - as in January - Israel sho…",1089570774183280642,MuslimahRev,False,608,United Kingdom,13920,282303,"October 9, 2025 at 04:29 PM",Negative
Keir Starmer (UK PM),codomain,1976320205233246237,https://x.com/MuslimahRev/status/1976320205233246237,💯,1089570774183280642,MuslimahRev,False,608,United Kingdom,0,0,"October 9, 2025 at 04:13 PM",Negative
Keir Starmer (UK PM),codomain,1976184125934428455,https://x.com/CraigTribe2/status/1976184125934428455,"RT @LizWebsterSBF: 🚨 Downing Street has BLOCKED a report warning that Amazon rainforest collapse could send UK food prices soaring.

They d…",1003692139056951298,CraigTribe2,False,1019,,2699,56122,"October 9, 2025 at 07:13 AM",Negative
Keir Starmer (UK PM),codomain,1976318916491399617,https://x.com/CraigTribe2/status/1976318916491399617,"RT @SaulStaniforth: The regulator Ofwat has ruled that 5 private water companies can raise bills by even more than previously agreed

A rem…",1003692139056951298,CraigTribe2,False,1019,,2064,91662,"October 9, 2025 at 04:08 PM",Negative
Keir Starmer (UK PM),codomain,1974230169956000065,https://x.com/CraigTribe2/status/1974230169956000065,RT @Free_ByTheSea: Overnight I received this email telling me that the government is going to ignore a whopping two and three quarter milli…,1003692139056951298,CraigTribe2,False,1019,,10325,176714,"October 3, 2025 at 09:48 PM",Negative
Keir Starmer (UK PM),codomain,1974217173020160274,https://x.com/CraigTribe2/status/1974217173020160274,"RT @SamCoatesSky: Wow. Wow.

Palantir refuses take part in digital ID programme. 

Its UK head says Digital ID doesn’t have a mandate (so p…",1003692139056951298,CraigTribe2,False,1019,,4415,233589,"October 3, 2025 at 08:57 PM",Negative
Keir Starmer (UK PM),codomain,1976320003894018362,https://x.com/sioux2012/status/1976320003894018362,"RT @Keir_Starmer: Our deal with India means:

More investment in the UK.
Thousands of new jobs across the country.
More money for you and y…",62832523,sioux2012,False,1116,south coast near the sea. ,14605,613799,"October 9, 2025 at 04:13 PM",Negative
Keir Starmer (UK PM),codomain,1976316315175702789,https://x.com/sioux2012/status/1976316315175702789,"RT @Basil_TGMD: 🚨BIRMINGHAM COUNCIL HIRE NIGHT STAFF TO TAKE DOWN NATIONAL FLAGS 🇬🇧🏴󠁧󠁢󠁥󠁮󠁧󠁿

Spent taxpayer money despite being most indebte…",62832523,sioux2012,False,1116,south coast near the sea. ,10486,137996,"October 9, 2025 at 03:58 PM",Negative
Keir Starmer (UK PM),codomain,1976298322148089859,https://x.com/sioux2012/status/1976298322148089859,"RT @TheBritishIntel: 🚨🇬🇧 JUDGE WHO JAILED EPPING PROTESTERS LONGER THAN MIGRANT RAPIST EXPOSED

Meet Judge Jamie Sawyer — the man who hande…",62832523,sioux2012,False,1116,south coast near the sea. ,3632,61494,"October 9, 2025 at 02:46 PM",Negative
Keir Starmer (UK PM),codomain,1976280141199446406,https://x.com/sioux2012/status/1976280141199446406,"RT @HananyaNaftali: BREAKING: Gazans celebrate ""peace deal"" by chanting “Khaybar, Khaybar, ya Yehud”, a call for the slaughter of Jews http…",62832523,sioux2012,False,1116,south coast near the sea. ,2204,90645,"October 9, 2025 at 01:34 PM",Negative
Keir Starmer (UK PM),codomain,1976004912350888208,https://x.com/sioux2012/status/1976004912350888208,"RT @realMaalouf: This Muslim woman in London is very angry that non-Muslims get to enjoy music, which is haram in Islam, while there are ve…",62832523,sioux2012,False,1116,south coast near the sea. ,4588,202091,"October 8, 2025 at 07:20 PM",Negative
Keir Starmer (UK PM),codomain,1976003363054539069,https://x.com/sioux2012/status/1976003363054539069,"RT @GoldingBF: Welcome to Londonstan. 
This is what Sadiq Khan has reduced our great capital city to! https://t.co/HfMHl1SCX1",62832523,sioux2012,False,1116,south coast near the sea. ,7996,320509,"October 8, 2025 at 07:14 PM",Negative
Keir Starmer (UK PM),codomain,1976003059927912769,https://x.com/sioux2012/status/1976003059927912769,"RT @addicted2newz: I've seen some absolutely disgusting views from Hamas supporters today, but this interview was the most chilling, by far…",62832523,sioux2012,False,1116,south coast near the sea. ,37145,1503058,"October 8, 2025 at 07:13 PM",Negative
Keir Starmer (UK PM),codomain,1975969662161780764,https://x.com/sioux2012/status/1975969662161780764,RT @chilternbear11: Flags in #Lowestoft today…..do you like to see our Nation’s flags? https://t.co/lkYxmfOamc,62832523,sioux2012,False,1116,south coast near the sea. ,15311,142334,"October 8, 2025 at 05:00 PM",Negative
Keir Starmer (UK PM),codomain,1975932670506119502,https://x.com/sioux2012/status/1975932670506119502,"RT @Nigel_Farage: A video from the English Channel this morning as hundreds of young men cross.

Today we will go through 35,000 for the ye…",62832523,sioux2012,False,1116,south coast near the sea. ,13001,385405,"October 8, 2025 at 02:33 PM",Negative
Keir Starmer (UK PM),codomain,1975932520467218772,https://x.com/sioux2012/status/1975932520467218772,"RT @Basil_TGMD: 🚨Gary Neville will face NO disciplinary action by Sky Sports

It has now been confirmed that blaming an Islamic attack on '…",62832523,sioux2012,False,1116,south coast near the sea. ,10296,236233,"October 8, 2025 at 02:33 PM",Negative
Keir Starmer (UK PM),codomain,1972372978307592523,https://x.com/BhartiSang31212/status/1972372978307592523,🤣🤣🤣🤣,1927434364419231744,BhartiSang31212,False,21,India,0,11,"September 28, 2025 at 06:48 PM",Negative
Keir Starmer (UK PM),codomain,1966544930739777822,https://x.com/BhartiSang31212/status/1966544930739777822,Religion of peace,1927434364419231744,BhartiSang31212,False,21,India,0,23,"September 12, 2025 at 04:50 PM",Negative
Keir Starmer (UK PM),codomain,1961454304356937933,https://x.com/BhartiSang31212/status/1961454304356937933,🤣🤣🤣🤣,1927434364419231744,BhartiSang31212,False,21,India,0,27,"August 29, 2025 at 03:42 PM",Negative
Keir Starmer (UK PM),codomain,1975847353929335150,https://x.com/SteveDoggett5/status/1975847353929335150,RT @dapperlaughs: Angry middle-aged white men. https://t.co/PjQihH8c44,1510933226088538112,SteveDoggett5,False,790,usa,7595,319372,"October 8, 2025 at 08:54 AM",Negative
Keir Starmer (UK PM),codomain,1976326944414367904,https://x.com/ECigologist/status/1976326944414367904,RT @Neccccy: Thumbs up if you agree? https://t.co/iyalqPjNBZ,591042369,ECigologist,False,4753,"England, United Kingdom",37446,262658,"October 9, 2025 at 04:40 PM",Negative
Keir Starmer (UK PM),codomain,1976325732944261307,https://x.com/ECigologist/status/1976325732944261307,"RT @Basil_TGMD: 🚨Gary Neville will face NO disciplinary action by Sky Sports

It has now been confirmed that blaming an Islamic attack on '…",591042369,ECigologist,False,4753,"England, United Kingdom",10296,236233,"October 9, 2025 at 04:35 PM",Negative
Keir Starmer (UK PM),codomain,1976325677642305645,https://x.com/ECigologist/status/1976325677642305645,"RT @JamesMelville: “Under a Labour government we would freeze energy bills. We wouldn’t allow them to go up.”

~ Keir Starmer 

Yet another…",591042369,ECigologist,False,4753,"England, United Kingdom",12670,271567,"October 9, 2025 at 04:35 PM",Negative
Keir Starmer (UK PM),codomain,1975299045007761803,https://x.com/ECigologist/status/1975299045007761803,"RT @DrCaseyBabb: In Palestine, homosexuality is punishable by death, black Palestinians are confined to ghettos, and young girls aren’t see…",591042369,ECigologist,False,4753,"England, United Kingdom",44262,1004707,"October 6, 2025 at 08:36 PM",Negative
Keir Starmer (UK PM),codomain,1975297583787700703,https://x.com/ECigologist/status/1975297583787700703,"RT @danwootton: Gary Neville is a threat to national security.
His racist response to deadly Islamist terror in Manchester AGAIN is to blam…",591042369,ECigologist,False,4753,"England, United Kingdom",29759,1585649,"October 6, 2025 at 08:30 PM",Negative
Keir Starmer (UK PM),codomain,1974782260659544435,https://x.com/ECigologist/status/1974782260659544435,"RT @TheBritLad: Punishment for raping a child:

🇮🇳 India - Death penalty
🇵🇰 Pakistan - Death penalty
🇸🇦 Saudi Arabia - Public beheading
🇰🇵…",591042369,ECigologist,False,4753,"England, United Kingdom",72024,1515371,"October 5, 2025 at 10:22 AM",Negative
Keir Starmer (UK PM),codomain,1974299091724312620,https://x.com/ECigologist/status/1974299091724312620,RT @Councillorsuzie: This 👇,591042369,ECigologist,False,4753,"England, United Kingdom",10041,134115,"October 4, 2025 at 02:22 AM",Negative
Keir Starmer (UK PM),codomain,1974054886707798384,https://x.com/ECigologist/status/1974054886707798384,"RT @WallStreetApes: Joe Rogan is shocked by UK inbreeding statistics, “Strap yourself in for this”

- 70% of all Pakistanis are inbred
- Ha…",591042369,ECigologist,False,4753,"England, United Kingdom",93194,5511423,"October 3, 2025 at 10:12 AM",Negative
Keir Starmer (UK PM),codomain,1974222897460736044,https://x.com/ECigologist/status/1974222897460736044,"RT @jk_rowling: I don’t know what most Brits feel, but I’m appalled and ashamed.",591042369,ECigologist,False,4753,"England, United Kingdom",118362,3706882,"October 3, 2025 at 09:19 PM",Negative
Keir Starmer (UK PM),codomain,1975922243411607717,https://x.com/GenevieveR007/status/1975922243411607717,"RT @PolitlcsUK: 🚨🎥 WATCH: Kemi Badenoch announces Motability cars will be for those with serious disabilities only 

""Those cars are not fo…",1591890852770725889,GenevieveR007,False,101,"Georgia, USA",11709,1076591,"October 8, 2025 at 01:52 PM",Negative
Keir Starmer (UK PM),codomain,1973744699879182815,https://x.com/truthse81193207/status/1973744699879182815,"RT @jodymcintyre_: Scotland was a priority target for Morgan McSweeney, and Labour moved from one to 37 seats in 2024.

However, eight Labo…",1412538625615613953,truthse81193207,False,934,,4910,204094,"October 2, 2025 at 01:39 PM",Negative
Keir Starmer (UK PM),codomain,1937946995936923937,https://x.com/MRumples/status/1937946995936923937,#StarmerOut,1033644604501975042,MRumples,False,2977,"Scotland, United Kingdom",27,952,"June 25, 2025 at 06:52 PM",Negative
Keir Starmer (UK PM),codomain,1809054915945259151,https://x.com/MRumples/status/1809054915945259151,😂😂😂,1033644604501975042,MRumples,False,2977,"Scotland, United Kingdom",1,69,"July 5, 2024 at 02:41 AM",Negative
Keir Starmer (UK PM),codomain,1880268743873601706,https://x.com/MRumples/status/1880268743873601706,😂😂😂,1033644604501975042,MRumples,False,2977,"Scotland, United Kingdom",0,17,"January 17, 2025 at 02:59 PM",Negative
Keir Starmer (UK PM),codomain,1972731940068569234,https://x.com/BettridgeRich/status/1972731940068569234,❤️,779672594949795841,BettridgeRich,False,1319,"England, United Kingdom",0,67,"September 29, 2025 at 06:35 PM",Negative
Keir Starmer (UK PM),codomain,1976310202963272152,https://x.com/BettridgeRich/status/1976310202963272152,"RT @mitsyarty: Who comes first in Pakistan? - Pakistanis.
Who comes first in China? The Chinese
Who comes first in Japan? The Japanese
Who…",779672594949795841,BettridgeRich,False,1319,"England, United Kingdom",14989,202665,"October 9, 2025 at 03:34 PM",Negative
Keir Starmer (UK PM),codomain,1976272854212804991,https://x.com/BettridgeRich/status/1976272854212804991,"RT @TheBritishIntel: 🚨WATCH: 16-year-old girl attacked in East London.

Another shocking example of what happens when our leaders prioritis…",779672594949795841,BettridgeRich,False,1319,"England, United Kingdom",33232,989459,"October 9, 2025 at 01:05 PM",Negative
Keir Starmer (UK PM),codomain,1975127445960634485,https://x.com/BettridgeRich/status/1975127445960634485,"RT @robprogressive: £532,000 to rebrand this logo 

That’s what the govt. spent. £532k to move a dot up and change one colour 

The U.K is…",779672594949795841,BettridgeRich,False,1319,"England, United Kingdom",45554,3041112,"October 6, 2025 at 09:14 AM",Negative
Keir Starmer (UK PM),codomain,1974859860622938521,https://x.com/BettridgeRich/status/1974859860622938521,RT @robprogressive: Proof the UK is Officially Over https://t.co/8jTOtPmeRL,779672594949795841,BettridgeRich,False,1319,"England, United Kingdom",1736,295832,"October 5, 2025 at 03:30 PM",Negative
Keir Starmer (UK PM),codomain,1973678379208683740,https://x.com/BettridgeRich/status/1973678379208683740,"RT @robprogressive: No surprise why Tony Blair is pushing Digital IDs

His son owns the company set for a £100 billion payday

Blair himsel…",779672594949795841,BettridgeRich,False,1319,"England, United Kingdom",33102,692326,"October 2, 2025 at 09:16 AM",Negative
Keir Starmer (UK PM),codomain,1976316621997342873,https://x.com/ActualGarbageUK/status/1976316621997342873,RT @rickyberwick: hassan's other dog https://t.co/tD98uvpMiG,3867565173,ActualGarbageUK,False,101,"England, United Kingdom",8277,120109,"October 9, 2025 at 03:59 PM",Negative
Keir Starmer (UK PM),codomain,1976315556702847091,https://x.com/ActualGarbageUK/status/1976315556702847091,RT @benonwine: ‘Diversity is not our strength it has become our Greatest weakness’ https://t.co/bZG7VKkf0e,3867565173,ActualGarbageUK,False,101,"England, United Kingdom",35573,188898,"October 9, 2025 at 03:55 PM",Negative
Keir Starmer (UK PM),codomain,1975676719026630892,https://x.com/ActualGarbageUK/status/1975676719026630892,"RT @LBC: ""There you go. There's the problem!""

Why might Jewish people be uncomfortable with pro-Palestine protests on the October 7th anni…",3867565173,ActualGarbageUK,False,101,"England, United Kingdom",10156,984287,"October 7, 2025 at 09:36 PM",Negative
Keir Starmer (UK PM),codomain,1975676531587404184,https://x.com/ActualGarbageUK/status/1975676531587404184,"RT @koshercockney: I feel sick. I feel f*cking sick.

Oct 7th - 2 year Memorial.

London. Kings College 📍 

“Long live the Intifada” - call…",3867565173,ActualGarbageUK,False,101,"England, United Kingdom",28795,646557,"October 7, 2025 at 09:36 PM",Negative
Keir Starmer (UK PM),codomain,1974506873660260788,https://x.com/ActualGarbageUK/status/1974506873660260788,"RT @OliLondonTV: Son of Jewish man who stopped terrorist getting inside Manchester synagogue says his dad is a “hero.”

“He just wasn’t goi…",3867565173,ActualGarbageUK,False,101,"England, United Kingdom",52297,1272763,"October 4, 2025 at 04:08 PM",Negative
Keir Starmer (UK PM),codomain,1976320113650565351,https://x.com/ajrsesay/status/1976320113650565351,RT @ArchRose90: When a ceasefire happens and you now have to find a new personality. https://t.co/8hrfhSGev4,1469412895998066692,ajrsesay,False,1467,,6590,68330,"October 9, 2025 at 04:13 PM",Negative
Keir Starmer (UK PM),codomain,1975661838609133956,https://x.com/ajrsesay/status/1975661838609133956,"RT @RepRileyMoore: It is an absolute tragedy what is taking place in Nigeria.

7,000 Christians have been murdered by Boko Haram this year…",1469412895998066692,ajrsesay,False,1467,,19574,394083,"October 7, 2025 at 08:37 PM",Negative
Keir Starmer (UK PM),codomain,1976228357114089527,https://x.com/vicky_moriarty/status/1976228357114089527,"RT @GBNEWS: 'One child said, ""I’m Christian, I don’t pray to Allah"", the response was, ""By Year 6 you’ll all be Muslim"".'

Reform UK counci…",778963613470130176,vicky_moriarty,False,3022,England ,22996,852124,"October 9, 2025 at 10:08 AM",Negative
Keir Starmer (UK PM),codomain,1976228168156708975,https://x.com/vicky_moriarty/status/1976228168156708975,"RT @LeilaniDowding: Ross Kemp speaks to men from a totally different culture .

He asks how they feel about rape +  the consequences: 

The…",778963613470130176,vicky_moriarty,False,3022,England ,19410,846694,"October 9, 2025 at 10:08 AM",Negative
Keir Starmer (UK PM),codomain,1976225864921878677,https://x.com/vicky_moriarty/status/1976225864921878677,RT @GBNEWS: EXCLUSIVE: Patrick Christys reveals shocking footage of suspected UK-trained Afghan special forces operatives now working as pe…,778963613470130176,vicky_moriarty,False,3022,England ,4899,108082,"October 9, 2025 at 09:58 AM",Negative
Keir Starmer (UK PM),codomain,1976203470639092165,https://x.com/vicky_moriarty/status/1976203470639092165,"RT @JChimirie66677: How Sir Lenny Henry Turns History into a £18 Trillion Bill

Some people think they can say anything about Britain and p…",778963613470130176,vicky_moriarty,False,3022,England ,1569,56867,"October 9, 2025 at 08:29 AM",Negative
Keir Starmer (UK PM),codomain,1976320167660691874,https://x.com/vicky_moriarty/status/1976320167660691874,"RT @BGatesIsaPyscho: “Russia is already menacing our Skies, menacing our Waters and our Streets”

Just how much does Keir Starmer Lie?

Wel…",778963613470130176,vicky_moriarty,False,3022,England ,1426,39035,"October 9, 2025 at 04:13 PM",Negative
Keir Starmer (UK PM),codomain,1975866213206008272,https://x.com/vicky_moriarty/status/1975866213206008272,"RT @HeidiBachram: This NHS doctor is daring the police to arrest her. Will they? 

@metpoliceuk @TerrorismPolice @wesstreeting https://t.co…",778963613470130176,vicky_moriarty,False,3022,England ,2551,34974,"October 8, 2025 at 10:09 AM",Negative
Keir Starmer (UK PM),codomain,1975861970084438125,https://x.com/vicky_moriarty/status/1975861970084438125,"RT @TheBritLad: 🚨BREAKING: Robert Jenrick accused of racism for claiming Birmingham has ""no white faces,"" risking racial hate crime charges…",778963613470130176,vicky_moriarty,False,3022,England ,34864,553946,"October 8, 2025 at 09:52 AM",Negative
Keir Starmer (UK PM),codomain,1975938652997083176,https://x.com/vicky_moriarty/status/1975938652997083176,RT @GoogleExpertUK: @HousingFirstIRE @marekjuskiewicz @BernardMelchior @DrUmeshPrabhu @andrewhelpinguk @IrisKre @MarshaCollier @gospeakyour…,778963613470130176,vicky_moriarty,False,3022,England ,42,14206,"October 8, 2025 at 02:57 PM",Negative
Keir Starmer (UK PM),codomain,1975936224578998739,https://x.com/vicky_moriarty/status/1975936224578998739,"RT @TheBritishIntel: 🚨WATCH: 16-year-old girl attacked in East London.

Another shocking example of what happens when our leaders prioritis…",778963613470130176,vicky_moriarty,False,3022,England ,33232,989493,"October 8, 2025 at 02:48 PM",Negative
Keir Starmer (UK PM),codomain,1975935729705328812,https://x.com/vicky_moriarty/status/1975935729705328812,RT @joerichlaw: BREAKING: Top Home Office Civil Servants and MI5 confirm both departments were ‘completely blindsided’ by Keir Starmer’s de…,778963613470130176,vicky_moriarty,False,3022,England ,1757,94237,"October 8, 2025 at 02:46 PM",Negative
Keir Starmer (UK PM),codomain,1975935377157325117,https://x.com/vicky_moriarty/status/1975935377157325117,RT @Suffragent_: Three Epping protesters have been jailed - getting LONGER sentences than the migrant who sparked the disorder by assaultin…,778963613470130176,vicky_moriarty,False,3022,England ,31467,27054808,"October 8, 2025 at 02:44 PM",Negative
Keir Starmer (UK PM),codomain,1975933839190155645,https://x.com/vicky_moriarty/status/1975933839190155645,"RT @MPIainDS: Yet more evidence that Starmer is not telling the truth about the collasped China spy case. 👇
The Labour government’s excuse…",778963613470130176,vicky_moriarty,False,3022,England ,4923,397703,"October 8, 2025 at 02:38 PM",Negative
Keir Starmer (UK PM),codomain,1975911005013307843,https://x.com/vicky_moriarty/status/1975911005013307843,"RT @Artemisfornow: Well done tax payers

Hammersmith &amp; Fulham Council is 260 MILLION in debt &amp; just raised council tax by 4.7%, 

Has hande…",778963613470130176,vicky_moriarty,False,3022,England ,10670,195947,"October 8, 2025 at 01:07 PM",Negative
Keir Starmer (UK PM),codomain,1975910887455420905,https://x.com/vicky_moriarty/status/1975910887455420905,"RT @Suffragent_: Police arrest two Afghans behind the UK’s biggest phone-snatching gang. 

Officers found more than 40,000 stolen devices w…",778963613470130176,vicky_moriarty,False,3022,England ,39303,927806,"October 8, 2025 at 01:07 PM",Negative
Keir Starmer (UK PM),codomain,1975910499838742823,https://x.com/vicky_moriarty/status/1975910499838742823,RT @BenKentish: Yesterday an NHS doctor openly shared a propaganda video produced by Palestinian Islamic Jihad - a proscriebd terrorist org…,778963613470130176,vicky_moriarty,False,3022,England ,1302,37133,"October 8, 2025 at 01:05 PM",Negative
Keir Starmer (UK PM),codomain,1976000176952090684,https://x.com/Surak_Vulcan/status/1976000176952090684,"RT @latinopoulou: October 7, 2023
Never forget 😢

It is our sacred duty to help cleanse Gaza of Hamas. If Israel falls, the gates of hell w…",1525214991992889345,Surak_Vulcan,False,205,,11018,310599,"October 8, 2025 at 07:02 PM",Negative
Keir Starmer (UK PM),codomain,1973909425875304638,https://x.com/Surak_Vulcan/status/1973909425875304638,RT @TRobinsonNewEra: After today’s events now more than ever I’d like to reassert the fact that I am a Zionist . I believe in a homeland fo…,1525214991992889345,Surak_Vulcan,False,205,,52217,2081759,"October 3, 2025 at 12:34 AM",Negative
Keir Starmer (UK PM),codomain,1973456299510866110,https://x.com/Surak_Vulcan/status/1973456299510866110,"RT @kyg_best: A famous violinist Karolina Protsenko, gets asked to play Am Yisrael Chai, watch what happens next...   

Am Yisrael Chai! 💙💙…",1525214991992889345,Surak_Vulcan,False,205,,8780,192409,"October 1, 2025 at 06:33 PM",Negative
Keir Starmer (UK PM),codomain,1976249638325035139,https://x.com/crazyzombienerd/status/1976249638325035139,"RT @AllisonPearson: Damning from Professor Mark Woolhouse 👇
As some of us said at the time, lockdown impeded healthcare for sick people, ma…",1275432739261595648,crazyzombienerd,False,2307,,1953,48576,"October 9, 2025 at 11:33 AM",Negative
Keir Starmer (UK PM),codomain,1976248506332610709,https://x.com/crazyzombienerd/status/1976248506332610709,RT @ABridgen: Nestle bow to customer preferences and common sense. No more Bovaer to be used in their supply chain. Great news.,1275432739261595648,crazyzombienerd,False,2307,,11880,159999,"October 9, 2025 at 11:28 AM",Negative
Keir Starmer (UK PM),codomain,1975404760603021679,https://x.com/crazyzombienerd/status/1975404760603021679,RT @WallStreetApes: Denmark followed 321 Muslim Palestinian asylum seekers and their kids for nearly 30 years. This is the SHOCKING result…,1275432739261595648,crazyzombienerd,False,2307,,75812,2705692,"October 7, 2025 at 03:36 AM",Negative
Keir Starmer (UK PM),codomain,1975057267541381134,https://x.com/crazyzombienerd/status/1975057267541381134,"RT @BGatesIsaPyscho: “Starmer will enact Government Powers, crush dissent, cancel elections - bring in Tony Blair’s Digital ID”

“Starmer’s…",1275432739261595648,crazyzombienerd,False,2307,,5337,94659,"October 6, 2025 at 04:35 AM",Negative
Keir Starmer (UK PM),codomain,1976319588980892105,https://x.com/RE6O98/status/1976319588980892105,RT @narendramodi: Welcome Prime Minister Keir Starmer on your historic first visit to India with the largest ever trade delegation from the…,923615532,RE6O98,False,14,,118541,8845476,"October 9, 2025 at 04:11 PM",Negative
Keir Starmer (UK PM),codomain,1943508378887635189,https://x.com/RE6O98/status/1943508378887635189,"Love is not about needing someone. It’s about wanting to share your life with them, even when you don’t have to.",923615532,RE6O98,False,14,,0,38,"July 11, 2025 at 03:11 AM",Negative
Keir Starmer (UK PM),codomain,1975705908887101746,https://x.com/DDenterprises23/status/1975705908887101746,"RT @KEdge23: Labour are the worst government in history. 

That’s fact.",1928067699998937089,DDenterprises23,False,186,sadiq khans londonstan,2608,19803,"October 7, 2025 at 11:32 PM",Negative
Keir Starmer (UK PM),codomain,1938647808791265592,https://x.com/YourPalPapaScho/status/1938647808791265592,"So this past week in work my colleagues (some of which are well into middle age) have been talking about a game they used to play on the PS1 called LMA Manager (1999) and I thought I’ll try it out, it is actually ace. It’s the precursor to Football Manager and it honestly is pretty good",1097438634591035393,YourPalPapaScho,True,142,"Your Head, Rent Free",0,29,"June 27, 2025 at 05:17 PM",Negative
Keir Starmer (UK PM),codomain,1976263130108907938,https://x.com/darrenmark69/status/1976263130108907938,"RT @doctor_rahmeh: A doctor can harm a British patient and get a hearing . Accuse a doctor of 'anti-Semitism', and they're gone. That's the…",65384825,darrenmark69,False,9660,Stoke On Trent,17640,622619,"October 9, 2025 at 12:27 PM",Negative
Keir Starmer (UK PM),codomain,1976330234682102038,https://x.com/darrenmark69/status/1976330234682102038,"Blame the poor.
Blame the disabled.
Blame white middle aged men.
Blame it on boats.
They blame everyone except the rich elite, their own policy failings.
Poor can't help being poor, disabled can't help being disabled, etc. But they can be helped by the rich, but that costs them.",65384825,darrenmark69,False,9660,Stoke On Trent,0,3,"October 9, 2025 at 04:53 PM",Negative
Keir Starmer (UK PM),codomain,1976330179741090257,https://x.com/darrenmark69/status/1976330179741090257,"Blame the poor.
Blame the disabled.
Blame white middle aged men.
Blame it on boats.
They blame everyone except the rich elite, their own policy failings.
Poor can't help being poor, disabled can't help being disabled, etc. But they can be helped by the rich, but that costs them.",65384825,darrenmark69,False,9660,Stoke On Trent,0,4,"October 9, 2025 at 04:53 PM",Negative
Keir Starmer (UK PM),codomain,1976318880156090842,https://x.com/darrenmark69/status/1976318880156090842,"RT @MartinSLewis: More water bills rises announced today, on top of those already planned. 

Privatisation without competition, arguably th…",65384825,darrenmark69,False,9660,Stoke On Trent,1554,87536,"October 9, 2025 at 04:08 PM",Negative
Keir Starmer (UK PM),codomain,1976308338716799039,https://x.com/darrenmark69/status/1976308338716799039,"Part of the reason @Keir_Starmer feels emboldened to push on with Digital ID, is because none of those opposing it now, organisations etc, opposed his culling of the poor/disabled with his benefit cuts, you applauded him then. First they came for the disabled.well
#NoToDigitalID",65384825,darrenmark69,False,9660,Stoke On Trent,3,17,"October 9, 2025 at 03:26 PM",Negative
Keir Starmer (UK PM),codomain,1976308024256905546,https://x.com/darrenmark69/status/1976308024256905546,"Part of the reason @Keir_Starmer feels emboldened to push on with Digital ID, is because none of those opposing it now, organisations etc, opposed his culling of the poor/disabled with his benefit cuts, you applauded him then. First they came for the disabled.well
#NoToDigitalID",65384825,darrenmark69,False,9660,Stoke On Trent,0,13,"October 9, 2025 at 03:25 PM",Negative
Keir Starmer (UK PM),codomain,1976307968615317680,https://x.com/darrenmark69/status/1976307968615317680,"Part of the reason @Keir_Starmer feels emboldened to push on with Digital ID, is because none of those opposing it now, organisations etc, opposed his culling of the poor/disabled with his benefit cuts, you applauded him then. First they came for the disabled.well
#NoToDigitalID",65384825,darrenmark69,False,9660,Stoke On Trent,1,15,"October 9, 2025 at 03:25 PM",Negative
Keir Starmer (UK PM),codomain,1976307764638192054,https://x.com/darrenmark69/status/1976307764638192054,"Part of the reason @Keir_Starmer feels emboldened to push on with Digital ID, is because none of those opposing it now, organisations etc, opposed his culling of the poor/disabled with his benefit cuts, you applauded him then. First they came for the disabled.well
#NoToDigitalID",65384825,darrenmark69,False,9660,Stoke On Trent,0,20,"October 9, 2025 at 03:24 PM",Negative
Keir Starmer (UK PM),codomain,1976307466683007313,https://x.com/darrenmark69/status/1976307466683007313,"Part of the reason @Keir_Starmer feels emboldened to push on with Digital ID, is because none of those opposing it now, organisations etc, opposed his culling of the poor/disabled with his benefit cuts, you applauded him then. First they came for the disabled.well
#NoToDigitalID",65384825,darrenmark69,False,9660,Stoke On Trent,2,43,"October 9, 2025 at 03:23 PM",Negative
Keir Starmer (UK PM),codomain,1976307376648224887,https://x.com/darrenmark69/status/1976307376648224887,"Part of the reason @Keir_Starmer feels emboldened to push on with Digital ID, is because none of those opposing it now, organisations etc, opposed his culling of the poor/disabled with his benefit cuts, you applauded him then. First they came for the disabled.well
#NoToDigitalID",65384825,darrenmark69,False,9660,Stoke On Trent,2,21,"October 9, 2025 at 03:22 PM",Negative
Keir Starmer (UK PM),codomain,1976307309354594346,https://x.com/darrenmark69/status/1976307309354594346,"Part of the reason @Keir_Starmer feels emboldened to push on with Digital ID, is because none of those opposing it now, organisations etc, opposed his culling of the poor/disabled with his benefit cuts, you applauded him then. First they came for the disabled.well
#NoToDigitalID",65384825,darrenmark69,False,9660,Stoke On Trent,1,17,"October 9, 2025 at 03:22 PM",Negative
Keir Starmer (UK PM),codomain,1976306435337461874,https://x.com/darrenmark69/status/1976306435337461874,"RT @Ashley7Fox: I have signed this cross party letter opposing Digital ID - it’s intrusive, expensive, and won’t stop illegal immigration.…",65384825,darrenmark69,False,9660,Stoke On Trent,6349,90185,"October 9, 2025 at 03:19 PM",Negative
Keir Starmer (UK PM),codomain,1976303647882436956,https://x.com/darrenmark69/status/1976303647882436956,"RT @Togetherdec: DIGITAL ID CARDS: ""It would intensify censorship and surveillance of certain views"" @alanvibe

Freedom at Risk: Digital ID…",65384825,darrenmark69,False,9660,Stoke On Trent,576,10693,"October 9, 2025 at 03:08 PM",Negative
Keir Starmer (UK PM),codomain,1976302692340277541,https://x.com/darrenmark69/status/1976302692340277541,"RT @wideawake_media: ""The only reason why we're not yet living in a 15-minute city... wearing masks, eating bugs, getting a cancerous shot…",65384825,darrenmark69,False,9660,Stoke On Trent,5202,72479,"October 9, 2025 at 03:04 PM",Negative
Keir Starmer (UK PM),codomain,1976028232374943951,https://x.com/darrenmark69/status/1976028232374943951,RT @ABridgen: Nestle bow to customer preferences and common sense. No more Bovaer to be used in their supply chain. Great news.,65384825,darrenmark69,False,9660,Stoke On Trent,11883,159999,"October 8, 2025 at 08:53 PM",Negative
Keir Starmer (UK PM),codomain,1975992436607328505,https://x.com/darrenmark69/status/1975992436607328505,"RT @ABridgen: Geoengineering, Sun dimming, cloud seeding and weather manipulation in the UK must stop. It’s a crime against humanity. https…",65384825,darrenmark69,False,9660,Stoke On Trent,9242,116955,"October 8, 2025 at 06:31 PM",Negative
Keir Starmer (UK PM),codomain,1975972526217101335,https://x.com/darrenmark69/status/1975972526217101335,"RT @wideawake_media: English ex-footballer Matt Le Tissier describes the current situation perfectly. 🎯

""The people that we've put in powe…",65384825,darrenmark69,False,9660,Stoke On Trent,21652,483839,"October 8, 2025 at 05:12 PM",Negative
Keir Starmer (UK PM),codomain,1975972049215729957,https://x.com/darrenmark69/status/1975972049215729957,"RT @NoToDigitalID: 🚨We won’t drop this issue, even though the media has. 

Please RETWEET and Share and most importantly please follow. htt…",65384825,darrenmark69,False,9660,Stoke On Trent,7911,62913,"October 8, 2025 at 05:10 PM",Negative
Keir Starmer (UK PM),codomain,1975971024941518874,https://x.com/darrenmark69/status/1975971024941518874,"RT @ABridgen: Make no mistake , the Chinese social credit system is the destination and endgame for the Digital ID being rolled out in the…",65384825,darrenmark69,False,9660,Stoke On Trent,7475,155726,"October 8, 2025 at 05:06 PM",Negative
Keir Starmer (UK PM),codomain,1975606036397744258,https://x.com/RogerShrubberer/status/1975606036397744258,RT @GuidoFawkes: EXC: Powell Met With Chinese Communist ‘Front Organisation’ Officials Before Becoming National Security Adviser https://t.…,1887226084028022784,RogerShrubberer,False,100,United Kingdom,1380,353343,"October 7, 2025 at 04:55 PM",Negative
Keir Starmer (UK PM),codomain,1975582594545717740,https://x.com/RogerShrubberer/status/1975582594545717740,RT @SBarrettBar: We can't go on like this.,1887226084028022784,RogerShrubberer,False,100,United Kingdom,11553,379387,"October 7, 2025 at 03:22 PM",Negative
Keir Starmer (UK PM),codomain,1973981556655235429,https://x.com/RogerShrubberer/status/1973981556655235429,"RT @israel_advocacy: I am a British Jew… I left the UK last year out of fear for my family's safety.

Today, my worst fears were confirmed.…",1887226084028022784,RogerShrubberer,False,100,United Kingdom,43964,1110437,"October 3, 2025 at 05:20 AM",Negative
Keir Starmer (UK PM),codomain,1973841875850400034,https://x.com/RogerShrubberer/status/1973841875850400034,"RT @Basil_TGMD: Just some statistics

UK Muslims are 6.5% of the population but are responsible for:

97% of terror deaths since 2000 
90%…",1887226084028022784,RogerShrubberer,False,100,United Kingdom,34345,1079877,"October 2, 2025 at 08:05 PM",Negative
Keir Starmer (UK PM),codomain,1973839385649926384,https://x.com/RogerShrubberer/status/1973839385649926384,"RT @KatieAmess: I will fight on until the day I die. I will get the answers he deserves. #justiceforsirdavid
💙💔 https://t.co/EY2DaP8MKG",1887226084028022784,RogerShrubberer,False,100,United Kingdom,16434,516003,"October 2, 2025 at 07:55 PM",Negative
Keir Starmer (UK PM),codomain,1976326655099711490,https://x.com/David_J_Bond/status/1976326655099711490,"RT @RobertJenrick: You may find the burning of a Quran offensive, but that doesn't mean it's a crime.

I'm at Southwark Crown Court to supp…",1120360901310386176,David_J_Bond,False,21986,Cheshire born and bred!,5600,120053,"October 9, 2025 at 04:39 PM",Negative
Keir Starmer (UK PM),codomain,1976326224969597012,https://x.com/David_J_Bond/status/1976326224969597012,RT @toadmeister: Two-tier justice was on full display as three Epping protesters received longer prison sentences than the asylum seeker wh…,1120360901310386176,David_J_Bond,False,21986,Cheshire born and bred!,2548,29457,"October 9, 2025 at 04:37 PM",Negative
Keir Starmer (UK PM),codomain,1976317042044371100,https://x.com/David_J_Bond/status/1976317042044371100,"RT @NickBuckleyMBE: Sometimes, I’m pretty sure that someone is having a laugh at my expense - literally. https://t.co/ttYuggsUoZ",1120360901310386176,David_J_Bond,False,21986,Cheshire born and bred!,2094,13952,"October 9, 2025 at 04:01 PM",Negative
Keir Starmer (UK PM),codomain,1975986786586464501,https://x.com/cjeffs79/status/1975986786586464501,"RT @Nigel_Farage: We need to talk about Gary Neville. 

He is insulting the same people who pay his wages. https://t.co/zU3jp1X3Ec",2600772712,cjeffs79,False,28,,30960,2050758,"October 8, 2025 at 06:08 PM",Negative
Keir Starmer (UK PM),codomain,1974470234460631072,https://x.com/cjeffs79/status/1974470234460631072,"RT @Nigel_Farage: We are a country that allows peaceful protest, but we are not one that allows the celebration of murder. 

My statement o…",2600772712,cjeffs79,False,28,,30238,703179,"October 4, 2025 at 01:42 PM",Negative
Keir Starmer (UK PM),codomain,1974170487157895547,https://x.com/cjeffs79/status/1974170487157895547,"RT @TRobinsonNewEra: The attack on the peaceful Jewish community during Yom Kippur, was free to happen because of people like @lowles_nick…",2600772712,cjeffs79,False,28,,38813,675222,"October 3, 2025 at 05:51 PM",Negative
Keir Starmer (UK PM),codomain,1976222492420411482,https://x.com/Imogenlemon02/status/1976222492420411482,"RT @narendramodi: The path-breaking India-UK CETA will create new job opportunities for youth, expand trade and benefit both our industries…",2309657991,Imogenlemon02,False,4398,"Lincoln, UK ",27221,762072,"October 9, 2025 at 09:45 AM",Negative
Keir Starmer (UK PM),codomain,1976197590694973579,https://x.com/Imogenlemon02/status/1976197590694973579,"RT @Keir_Starmer: Our deal with India means:

More investment in the UK.
Thousands of new jobs across the country.
More money for you and y…",2309657991,Imogenlemon02,False,4398,"Lincoln, UK ",14623,614683,"October 9, 2025 at 08:06 AM",Negative
Keir Starmer (UK PM),codomain,1976318352730788090,https://x.com/Imogenlemon02/status/1976318352730788090,"RT @Keir_Starmer: Our partnership with India is delivering for British people.

10,000 new jobs created and £1.3 billion of investment back…",2309657991,Imogenlemon02,False,4398,"Lincoln, UK ",1430,58436,"October 9, 2025 at 04:06 PM",Negative
Keir Starmer (UK PM),codomain,1976309398730674602,https://x.com/Imogenlemon02/status/1976309398730674602,"RT @JohnSimpsonNews: Stupidly, I left my phone, credit cards &amp; railway ticket in the Uber that delivered me to London Marylebone station  t…",2309657991,Imogenlemon02,False,4398,"Lincoln, UK ",17097,542085,"October 9, 2025 at 03:30 PM",Negative
Keir Starmer (UK PM),codomain,1975841133290049616,https://x.com/Imogenlemon02/status/1975841133290049616,"RT @Keir_Starmer: I'm flying the flag for British business in Mumbai, because growth in India for British businesses means more jobs for pe…",2309657991,Imogenlemon02,False,4398,"Lincoln, UK ",19176,954298,"October 8, 2025 at 08:30 AM",Negative
Keir Starmer (UK PM),codomain,1975958470106247293,https://x.com/Imogenlemon02/status/1975958470106247293,"RT @Keir_Starmer: I met some football fans in Mumbai today.

I’m hugely proud of our national sport, it brings communities together.

That’…",2309657991,Imogenlemon02,False,4398,"Lincoln, UK ",6190,606341,"October 8, 2025 at 04:16 PM",Negative
Keir Starmer (UK PM),codomain,1976233368309420181,https://x.com/Ash76162928824/status/1976233368309420181,"RT @kingkapoor72: Fuck them 
I love Britain and Bacon 
Do you? https://t.co/l8EdQboxc2",1897594559267221504,Ash76162928824,False,27,Kabul,1309,15718,"October 9, 2025 at 10:28 AM",Negative
Keir Starmer (UK PM),codomain,1976224439298818056,https://x.com/Ash76162928824/status/1976224439298818056,"RT @RupertLowe10: When I worked in football, ‘middle-aged white men’ and their season tickets made it all possible. Yes, they were angry so…",1897594559267221504,Ash76162928824,False,27,Kabul,14159,463576,"October 9, 2025 at 09:53 AM",Negative
Keir Starmer (UK PM),codomain,1975112219542384875,https://x.com/Ash76162928824/status/1975112219542384875,"RT @benonwine: Who SUPPORTS BOYCOTTING Sky Sports!

After Gary Neville blames ""middle-aged white men putting up Union Jack flags"" on Synago…",1897594559267221504,Ash76162928824,False,27,Kabul,7116,154639,"October 6, 2025 at 08:13 AM",Negative
Keir Starmer (UK PM),codomain,1972929897665605887,https://x.com/learning2031/status/1972929897665605887,RT @elonmusk: Exactly,1691532643257466880,learning2031,False,191,Somewhere over 20c in December,272161,35853531,"September 30, 2025 at 07:41 AM",Negative
Keir Starmer (UK PM),codomain,1974563472899014931,https://x.com/learning2031/status/1974563472899014931,RT @Wokewaster: How can we have a Muslim Home Secretary who has been on a number of vile Anti Jewish hate marches and now she’s in a positi…,1691532643257466880,learning2031,False,191,Somewhere over 20c in December,18964,270226,"October 4, 2025 at 07:53 PM",Negative
Keir Starmer (UK PM),codomain,1976031517387391390,https://x.com/Edwardv22249346/status/1976031517387391390,"RT @JamesMelville: “Under a Labour government we would freeze energy bills. We wouldn’t allow them to go up.”

~ Keir Starmer 

Yet another…",1298579720775360513,Edwardv22249346,False,286,,12670,271593,"October 8, 2025 at 09:06 PM",Negative
Keir Starmer (UK PM),codomain,1975284339299569936,https://x.com/Edwardv22249346/status/1975284339299569936,"RT @addicted2newz: Simon Jordan from @talkSPORT utterly DESTOYS Gary Neville.

""This is about radical Islamic extremism and Gary Neville do…",1298579720775360513,Edwardv22249346,False,286,,40452,1257604,"October 6, 2025 at 07:37 PM",Negative
Keir Starmer (UK PM),codomain,1976318670818496535,https://x.com/SBORE5/status/1976318670818496535,RT @narendramodi: We welcome the agreement on the first phase of President Trump's peace plan. This is also a reflection of the strong lead…,1097159814344523778,SBORE5,False,461,,58840,4287028,"October 9, 2025 at 04:07 PM",Negative
Keir Starmer (UK PM),codomain,1976223616158298375,https://x.com/lynndConnectA/status/1976223616158298375,"RT @wideawake_media: ""The only reason why we're not yet living in a 15-minute city... wearing masks, eating bugs, getting a cancerous shot…",495043873,lynndConnectA,True,1492,Georgia USA,5208,72602,"October 9, 2025 at 09:50 AM",Negative
Keir Starmer (UK PM),codomain,1976124405303460135,https://x.com/lynndConnectA/status/1976124405303460135,"RT @NoToDigitalID: 🚨We won’t drop this issue, even though the media has. 

Please RETWEET and Share and most importantly please follow. htt…",495043873,lynndConnectA,True,1492,Georgia USA,7911,62923,"October 9, 2025 at 03:15 AM",Negative
Keir Starmer (UK PM),codomain,1975886880710517208,https://x.com/lynndConnectA/status/1975886880710517208,"RT @TRobinsonNewEra: At least 1,611 homeless people died in the UK last year, including 11 children, latest figures suggest.

Of the 11 chi…",495043873,lynndConnectA,True,1492,Georgia USA,18575,395299,"October 8, 2025 at 11:31 AM",Negative
Keir Starmer (UK PM),codomain,1975885784164286655,https://x.com/lynndConnectA/status/1975885784164286655,"RT @nickshirleyy: 🚨 Tommy Robinson explains George Soros involvement in the destruction of the West

“George Soros is the enemy of freedom,…",495043873,lynndConnectA,True,1492,Georgia USA,15842,316327,"October 8, 2025 at 11:27 AM",Negative
Keir Starmer (UK PM),codomain,1975518918434263391,https://x.com/lynndConnectA/status/1975518918434263391,RT @RenownVet02: Never a truer word spoken... https://t.co/cWjmGCnKaA,495043873,lynndConnectA,True,1492,Georgia USA,13121,127899,"October 7, 2025 at 11:09 AM",Negative
Keir Starmer (UK PM),codomain,1975518658983039232,https://x.com/lynndConnectA/status/1975518658983039232,"RT @BruceUnfiltered: Margaret Thatcher said this decades ago — and it hits harder today than ever.

“The trouble with Labour is they’re jus…",495043873,lynndConnectA,True,1492,Georgia USA,13984,385199,"October 7, 2025 at 11:08 AM",Negative
Keir Starmer (UK PM),codomain,1975623807688974713,https://x.com/lynndConnectA/status/1975623807688974713,"RT @WakeUpPatriott: 🚨BREAKING: President TRUMP says, “The predictions of the UN ‘Climate Change’ is a SCAM and a LIE. If you don’t get away…",495043873,lynndConnectA,True,1492,Georgia USA,19737,207782,"October 7, 2025 at 06:06 PM",Negative
Keir Starmer (UK PM),codomain,1974956045282967780,https://x.com/lynndConnectA/status/1974956045282967780,"RT @AdamMoczar: ⚡🇪🇺🇳🇱 Eva Vlaardingerbroek to Comrade Ursula von der Leyen:

""Do you ever think about the people who suffer because of your…",495043873,lynndConnectA,True,1492,Georgia USA,7612,63617,"October 5, 2025 at 09:53 PM",Negative
Keir Starmer (UK PM),codomain,1974955882598531539,https://x.com/lynndConnectA/status/1974955882598531539,"RT @MrBrum43: Keir Starmer has gone full Islamic defender by calling those who oppose illegal immigration as ‘the enemy’

That’s you 🫵🏻 You…",495043873,lynndConnectA,True,1492,Georgia USA,7018,53643,"October 5, 2025 at 09:52 PM",Negative
Keir Starmer (UK PM),codomain,1974844957514223703,https://x.com/lynndConnectA/status/1974844957514223703,"RT @QprEver: 🇬🇧 Hi Keir Starmer

15 months of abject failure
15 months of lies &amp; excuses
15 months of broken promises
15 months of disaster…",495043873,lynndConnectA,True,1492,Georgia USA,3601,24749,"October 5, 2025 at 02:31 PM",Negative
Keir Starmer (UK PM),codomain,1974651290803446103,https://x.com/lynndConnectA/status/1974651290803446103,"RT @TRobinsonNewEra: Our Message to Keir Starmer: You Don’t Speak for Us.

The people have had enough. At the UTK Freedom of Speech Rally 2…",495043873,lynndConnectA,True,1492,Georgia USA,29884,267663,"October 5, 2025 at 01:42 AM",Negative
Keir Starmer (UK PM),codomain,1974651007851495450,https://x.com/lynndConnectA/status/1974651007851495450,"RT @TheBritLad: Punishment for raping a child:

🇮🇳 India - Death penalty
🇵🇰 Pakistan - Death penalty
🇸🇦 Saudi Arabia - Public beheading
🇰🇵…",495043873,lynndConnectA,True,1492,Georgia USA,72024,1515375,"October 5, 2025 at 01:41 AM",Negative
Keir Starmer (UK PM),codomain,1976263994152292847,https://x.com/SteveRyan135867/status/1976263994152292847,"RT @Neccccy: BREAKING NEWS

Still no sentence ??????

Do you smell a rat? https://t.co/hJ0FxTCrIP",1963561201171849216,SteveRyan135867,False,16,,17580,355454,"October 9, 2025 at 12:30 PM",Negative
Keir Starmer (UK PM),codomain,1975432819972485508,https://x.com/SteveRyan135867/status/1975432819972485508,"RT @phughes76340646: Have I missed something here 
are these brothers in prison yet if not WHY not https://t.co/1heF2AQUMt",1963561201171849216,SteveRyan135867,False,16,,19119,824248,"October 7, 2025 at 05:27 AM",Negative
Keir Starmer (UK PM),codomain,1975302400371269875,https://x.com/SteveRyan135867/status/1975302400371269875,"RT @addicted2newz: Simon Jordan from @talkSPORT utterly DESTOYS Gary Neville.

""This is about radical Islamic extremism and Gary Neville do…",1963561201171849216,SteveRyan135867,False,16,,40452,1257604,"October 6, 2025 at 08:49 PM",Negative
Keir Starmer (UK PM),codomain,1975301949982711932,https://x.com/SteveRyan135867/status/1975301949982711932,"RT @HoodedClaw1974: Tens of thousands of jihadists on the terror watch list. 

Muslim rape gangs operating with impunity for decades.

The…",1963561201171849216,SteveRyan135867,False,16,,21045,203080,"October 6, 2025 at 08:47 PM",Negative
Keir Starmer (UK PM),codomain,1974502851339866376,https://x.com/SteveRyan135867/status/1974502851339866376,"RT @MyronGainesX: Let’s have an honest, tough conversation.

I’m Muslim, I’ll never renounce it, and I need to be better. 

That said, we n…",1963561201171849216,SteveRyan135867,False,16,,33212,1703230,"October 4, 2025 at 03:52 PM",Negative
Keir Starmer (UK PM),codomain,1418267642251599877,https://x.com/VRP30001/status/1418267642251599877,👍,1299744106311110657,VRP30001,False,24,,0,0,"July 22, 2021 at 05:52 PM",Negative
Keir Starmer (UK PM),codomain,1975298795866103826,https://x.com/rickdustoff/status/1975298795866103826,RT @ABridgen: I am ‘deeply concerned’ at the appointment of @ShabanaMahmood as UK Home Secretary.,218990413,rickdustoff,False,114,Boston,19867,343287,"October 6, 2025 at 08:35 PM",Negative
Keir Starmer (UK PM),codomain,1975294815668769028,https://x.com/rickdustoff/status/1975294815668769028,"RT @MarkHeath45: If you’re trying to tell me this is ok, then you’re sick, very sick!

Fcking animals 🤬

 https://t.co/NbX5jzwSs2",218990413,rickdustoff,False,114,Boston,18909,2449291,"October 6, 2025 at 08:19 PM",Negative
Keir Starmer (UK PM),codomain,1975951600196927669,https://x.com/st8kraft/status/1975951600196927669,"RT @TimcastNews: “At my first AIPAC reception, you had to wear a name badge with a QR code, talk to donors, and if they liked you, they sca…",1739722630717120512,st8kraft,False,55,United States,24609,3608089,"October 8, 2025 at 03:49 PM",Negative
Keir Starmer (UK PM),codomain,1972723514521133262,https://x.com/shadyRoach/status/1972723514521133262,RT @Nigel_Farage: Keir Starmer is not fit to be Prime Minister. https://t.co/dUPBRiKpHp,1492112175221121029,shadyRoach,True,77,,36667,682623,"September 29, 2025 at 06:01 PM",Negative
Keir Starmer (UK PM),codomain,1976167576393875644,https://x.com/shadyRoach/status/1976167576393875644,"RT @TRobinsonNewEra: What's happening in Britain.

Is happening in Ireland. 

The whole of Western Europe. 

Natives are turfed out and lef…",1492112175221121029,shadyRoach,True,77,,29768,477900,"October 9, 2025 at 06:07 AM",Negative
Keir Starmer (UK PM),codomain,1975950859537387630,https://x.com/shadyRoach/status/1975950859537387630,"RT @ForeverScept: Putin drops truth bombs to Starmer.

What does that say about Keir? https://t.co/SminBZo25c",1492112175221121029,shadyRoach,True,77,,18698,326788,"October 8, 2025 at 03:46 PM",Negative
Keir Starmer (UK PM),codomain,1975550151818420583,https://x.com/paid_for_bot/status/1975550151818420583,"RT @DaveAtherton20: 🚨Today's Must Read🚨

In Breck Road in Liverpool a local girl was abducted by migrants, she was locked up and drugged. U…",314727275,paid_for_bot,False,114,Underland,39457,2861732,"October 7, 2025 at 01:13 PM",Negative
Keir Starmer (UK PM),codomain,1975979164789506259,https://x.com/Antonesse275220/status/1975979164789506259,RT @revwickland: Tommy Robinson has now declared his Christian faith—praise God! The cultural revolution and revival are taking hold of Bri…,1806666503653367808,Antonesse275220,False,602,Land of the Brave,1884,35486,"October 8, 2025 at 05:38 PM",Negative
Keir Starmer (UK PM),codomain,1975234497215070316,https://x.com/Antonesse275220/status/1975234497215070316,"RT @addicted2newz: Simon Jordan from @talkSPORT utterly DESTOYS Gary Neville.

""This is about radical Islamic extremism and Gary Neville do…",1806666503653367808,Antonesse275220,False,602,Land of the Brave,40452,1257613,"October 6, 2025 at 04:19 PM",Negative
Keir Starmer (UK PM),codomain,1974501233831317622,https://x.com/Antonesse275220/status/1974501233831317622,RT @JuliaHB1: You pathetic excuse of a man @Keir_Starmer. You're the Prime Minister. Your government has the power to stop this march from…,1806666503653367808,Antonesse275220,False,602,Land of the Brave,15475,625042,"October 4, 2025 at 03:45 PM",Negative
Keir Starmer (UK PM),codomain,1974054332992491825,https://x.com/Antonesse275220/status/1974054332992491825,"RT @TRobinsonNewEra: The attack on the peaceful Jewish community during Yom Kippur, was free to happen because of people like @lowles_nick…",1806666503653367808,Antonesse275220,False,602,Land of the Brave,38813,675224,"October 3, 2025 at 10:10 AM",Negative
Keir Starmer (UK PM),codomain,1973483816867209709,https://x.com/Antonesse275220/status/1973483816867209709,"RT @TRobinsonNewEra: I Confront Sunday Times Journalist Over Targeted Smear Campaign.

The Sunday Times has been contacting my old school f…",1806666503653367808,Antonesse275220,False,602,Land of the Brave,7313,295562,"October 1, 2025 at 08:23 PM",Negative
Keir Starmer (UK PM),codomain,1976175960971219447,https://x.com/CRAIGLAHALLIDAY/status/1976175960971219447,"RT @NoToDigitalID: 🚨We won’t drop this issue, even though the media has. 

Please RETWEET and Share and most importantly please follow. htt…",1591220881308745728,CRAIGLAHALLIDAY,False,81,,7912,62932,"October 9, 2025 at 06:40 AM",Negative
Keir Starmer (UK PM),codomain,1976262364472168919,https://x.com/GeorgeHQ_X/status/1976262364472168919,"RT @NiohBerg: Let's check in with American podcasters:

 https://t.co/Rc9jmF5sbs",1082176869678624768,GeorgeHQ_X,True,17299,,2379,44374,"October 9, 2025 at 12:23 PM",Negative
Keir Starmer (UK PM),codomain,1976204547875012939,https://x.com/GeorgeHQ_X/status/1976204547875012939,RT @lelemSLP: BREAKING NEWS: The whole world now knows that Greta is an evil idiot. https://t.co/XQKRjFxtNX,1082176869678624768,GeorgeHQ_X,True,17299,,13989,155471,"October 9, 2025 at 08:34 AM",Negative
Keir Starmer (UK PM),codomain,1976185877039583336,https://x.com/GeorgeHQ_X/status/1976185877039583336,RT @BenTelAviv: I lived there. You can’t lie about this to me. Because I lived there.,1082176869678624768,GeorgeHQ_X,True,17299,,9664,398550,"October 9, 2025 at 07:20 AM",Negative
Keir Starmer (UK PM),codomain,1976316984007811575,https://x.com/GeorgeHQ_X/status/1976316984007811575,"RT @WhiteHouse: “Sir, there is something on your chin” vs. Very close to a peace deal

We are not the same. https://t.co/x6mefgFMA7",1082176869678624768,GeorgeHQ_X,True,17299,,19467,737929,"October 9, 2025 at 04:01 PM",Negative
Keir Starmer (UK PM),codomain,1976315645701894420,https://x.com/GeorgeHQ_X/status/1976315645701894420,RT @raelbrav: Keep quiet! You played no part in the peace deal. You're a weak man.,1082176869678624768,GeorgeHQ_X,True,17299,,3279,44576,"October 9, 2025 at 03:55 PM",Negative
Keir Starmer (UK PM),codomain,1976315035401302107,https://x.com/GeorgeHQ_X/status/1976315035401302107,RT @elonmusk: 💯,1082176869678624768,GeorgeHQ_X,True,17299,,16004,1866858,"October 9, 2025 at 03:53 PM",Negative
Keir Starmer (UK PM),codomain,1976313336255086947,https://x.com/GeorgeHQ_X/status/1976313336255086947,"RT @MAGAVoice: HOLY SH*T 🚨 The moment El Salvador President Bukele found out gangs were trying to Reorganize he deployed 1,500 soldiers to…",1082176869678624768,GeorgeHQ_X,True,17299,,67183,1898555,"October 9, 2025 at 03:46 PM",Negative
Keir Starmer (UK PM),codomain,1976310131689390299,https://x.com/GeorgeHQ_X/status/1976310131689390299,RT @Nigel_Farage: Latest polling out today would give Reform a majority and the Green Party more seats than the Conservatives. https://t.co…,1082176869678624768,GeorgeHQ_X,True,17299,,1604,55066,"October 9, 2025 at 03:33 PM",Negative
Keir Starmer (UK PM),codomain,1976069579110765027,https://x.com/GeorgeHQ_X/status/1976069579110765027,"RT @EricLDaugh: 🚨 WOW! AG Pam Bondi says the US will now do the same thing to ANTIFA that they did to the cartels...

""We're going to take…",1082176869678624768,GeorgeHQ_X,True,17299,,75272,1641229,"October 8, 2025 at 11:37 PM",Negative
Keir Starmer (UK PM),codomain,1976066948325875995,https://x.com/GeorgeHQ_X/status/1976066948325875995,"RT @WhiteHouse: ICYMI: Democrats STILL don't know the facts. 🪇

DEMOCRAT SHUTDOWN. https://t.co/2ZIhPeojRL",1082176869678624768,GeorgeHQ_X,True,17299,,37199,979208,"October 8, 2025 at 11:27 PM",Negative
Keir Starmer (UK PM),codomain,1976054313806881222,https://x.com/GeorgeHQ_X/status/1976054313806881222,"RT @TRobinsonNewEra: Chants of ""Keir Starmer's a wanker"" at the darts 🎯

 https://t.co/R0LS5fJ8L4",1082176869678624768,GeorgeHQ_X,True,17299,,13191,227503,"October 8, 2025 at 10:37 PM",Negative
