Tweet ID,URL,Content,Author ID,Author Username,Author Blue Verified (T/F),Followers,Author Location,Likes,Views,Date
1970326248304853106,https://x.com/ColinPolitan94/status/1970326248304853106,"@picks4dayzzz Let's bounce back for college, I'm not betting NFL for a long time, I've seen enough this weekend to realize Vegas is in on this shit",1941647682138681344,ColinPolitan94,False,2,,0,0,"September 23, 2025 at 03:15 AM"
1970326239253762355,https://x.com/SteveKim323/status/1970326239253762355,Didn't love that defensive call from Sheppard. Just keep the ball in front of you and let the clock grind down.. #NFL #Lions,52244066,SteveKim323,True,65360,Los Angeles/Montebello,0,0,"September 23, 2025 at 03:15 AM"
1970326238960197976,https://x.com/joeytavian10/status/1970326238960197976,Jared Goff is the best passing qb in the nfl https://t.co/vcCoKSx2El,815755097124769793,joeytavian10,False,107,"Michigan, USA",0,0,"September 23, 2025 at 03:15 AM"
1970326236590403790,https://x.com/sfgiantsfan15/status/1970326236590403790,@NFL_Memes Ravens must not have a good offensive line lol,149330599,sfgiantsfan15,True,5043,"Antioch, CA",0,0,"September 23, 2025 at 03:15 AM"
1970326236405899760,https://x.com/wrigjo01/status/1970326236405899760,Screw zay flowers like 4-40 is nothing for him wow #nfl,112557981,wrigjo01,False,790,"Cincinnati, OH",0,0,"September 23, 2025 at 03:15 AM"
1970326229619499077,https://x.com/MkenyaMzi/status/1970326229619499077,"@NFL Get it here 
https://t.co/cmfwwbvSXs",1405075582879244301,MkenyaMzi,True,71897,"Nairobi, Kenya",0,0,"September 23, 2025 at 03:15 AM"
1970326227471982864,https://x.com/royikim/status/1970326227471982864,난 터치다운 하지말고 1야드 남겨놓고 시간 죽이는게 정석이라 생각했는데 상남자처럼 그냥 터치다운해버리네ㅋㅋㅋ,91688955,royikim,False,2027,,0,0,"September 23, 2025 at 03:15 AM"
1970326225676837030,https://x.com/jofogler/status/1970326225676837030,@Dversityrules42 @JomboyMedia “Hello my friend! I’ve come to inform you that I am the sole proprietor of the NFL in terms of the wide-receivers within said league”,1249492922363330561,jofogler,False,46,,0,0,"September 23, 2025 at 03:15 AM"
1970326225332670856,https://x.com/hatefulgyu/status/1970326225332670856,fairs great catch,1387799723860496384,hatefulgyu,False,1773,she/her 20,0,0,"September 23, 2025 at 03:15 AM"
1970326223911035066,https://x.com/Buddyboybets/status/1970326223911035066,@YahooSports @NFL ARE YOU KIDDING ME? 🤯 🔥,1851676389478428672,Buddyboybets,True,3166,,0,0,"September 23, 2025 at 03:15 AM"
1970326221671055410,https://x.com/Mez33Mez/status/1970326221671055410,DET (38) @ BAL (24): [David Montgomery 31 Yd Rush (Jake Bates Kick)] - 1:42 (Quarter 4) | Detroit Lions #nfl #score #touchdown,929513119067623425,Mez33Mez,False,69,"Forest Hill South, Toronto",0,0,"September 23, 2025 at 03:15 AM"
1970326219880309220,https://x.com/DBeckhamLF/status/1970326219880309220,"@CurtiAntony Esse é o ataque mais lindo da NFL por muito, pra mim. A inventividade combinadas com as peças formam uma engrenagem perfeita. É encantador ver esse time jogar!",784578682186784773,DBeckhamLF,False,26,"Pernambuco, Brazil",0,0,"September 23, 2025 at 03:15 AM"
1970326217933881596,https://x.com/Migarogu/status/1970326217933881596,Y aquí se perdió...,274183818,Migarogu,False,484,"Bucaramanga, Colombia",0,0,"September 23, 2025 at 03:15 AM"
1970326216105165215,https://x.com/keeptrolling5/status/1970326216105165215,@JuantheGreat25 Chill on Arod 😭😭😭😭 he earned his shit he made WAYYYY more tight window throws than buddy on gang I got nfl+ I can show his all 22 film,1904211560538730496,keeptrolling5,False,183,"Atlanta, GA",0,0,"September 23, 2025 at 03:15 AM"
1970326212288430346,https://x.com/GameBlazersFF/status/1970326212288430346,@NFL_Memes lot of o-lines letting QBs down this year 😭😭,1045235783907532800,GameBlazersFF,True,51344,United States,0,0,"September 23, 2025 at 03:15 AM"
1970326212112437482,https://x.com/RobBrooks313/status/1970326212112437482,They are holding Hutch @Lions @NFL_MNF,737398034917556224,RobBrooks313,False,31,"Virginia, USA",0,0,"September 23, 2025 at 03:15 AM"
1970326211663712556,https://x.com/DotByHurts/status/1970326211663712556,I HOPE HE TEARS EVERY FUCKING LIGAMENT IN HIS BONES THIS SHIT JUST LOST ME MY LEAGUE https://t.co/u5CDuo0Ff1,1579986861623222278,DotByHurts,False,3007,live tweeting football,0,1,"September 23, 2025 at 03:15 AM"
1970326211483349230,https://x.com/wussupcraig/status/1970326211483349230,Me betting on any NFL game this week. https://t.co/HMyazT9shw,1000705741,wussupcraig,True,246,Fla,0,0,"September 23, 2025 at 03:15 AM"
1970326211466232166,https://x.com/NFL_sts/status/1970326211466232166,"@Aggelous Siempre me pasa con estos pendejos, les apuesto en contra y apalean, les apuesto a favor y hacen el ridículo",1623842297564606464,NFL_sts,True,27968,,0,0,"September 23, 2025 at 03:15 AM"
1970326210111471772,https://x.com/charlesjp1/status/1970326210111471772,@NFL_DovKleiman Thats actually a refreshingly honest take from a QB. Gotta respect the self awareness even if the laugh was a bit awkward,1269598579,charlesjp1,False,68,FRANCE,0,0,"September 23, 2025 at 03:15 AM"
1970326209016840609,https://x.com/ValesLou/status/1970326209016840609,@woodwardsports @Lions @Ravens @NFL This would be worse than Tigers,1255536597925343232,ValesLou,False,271,"Greenville, SC",0,0,"September 23, 2025 at 03:15 AM"
1970326201702195496,https://x.com/BaseRuther242/status/1970326201702195496,@Onan333 @chairmanMAO_92 @Acyn There’s nothing he could do that would impact the nfl,1888986747993722880,BaseRuther242,False,12,,0,0,"September 23, 2025 at 03:15 AM"
1970326200326463514,https://x.com/Weswells6/status/1970326200326463514,@BrandonPerna you should sell a shirt with Allen doing the gun sign lol everyone does a version of this sign on first down people still do the bow and arrow celebration the NFL is clearly trying to make an example of Josh https://t.co/kA2xCNs9OF,3416200967,Weswells6,False,946,"Austin, TX",0,0,"September 23, 2025 at 03:15 AM"
1970326192541581776,https://x.com/TheSyndicate_12/status/1970326192541581776,@dontblamejenny @eggscellentpod @NFL_Memes Yall so violent just like trav,1934814284321591296,TheSyndicate_12,False,37,,0,0,"September 23, 2025 at 03:15 AM"
1970326189026971712,https://x.com/AZSports/status/1970326189026971712,"Cardinals head coach Jonathan Gannon backed offensive coordinator Drew Petzing's play calling in Arizona's loss against the San Francisco 49ers.
https://t.co/T9k8kSMgUg",21514559,AZSports,True,82739,"Phoenix, Arizona",1,1,"September 23, 2025 at 03:15 AM"
1970326185449054519,https://x.com/twilliams0013/status/1970326185449054519,"@woodwardsports @Lions @Ravens @NFL @AlabamaFTBL Struggling 😡😢

Let’s talk about the timely offensive play calling, outstanding tonight.",298243869,twilliams0013,False,33,"Clio, Mi",0,19,"September 23, 2025 at 03:15 AM"
1970326176162824609,https://x.com/QuinielaNFLCR/status/1970326176162824609,"Así las cosas al terminar la Week 3️⃣ 👀:

#QuinielaNFLCR 🏈🇨🇷   #NFL https://t.co/p18VK9IR7Y",4625475749,QuinielaNFLCR,False,262,Costa Rica,2,0,"September 23, 2025 at 03:15 AM"
1970326175621812379,https://x.com/lorensen_randy/status/1970326175621812379,"@BenjaminGehring @BenjaminSolak He's an amazing DC. I don't know if he can be a head coach because he literally hates quarterbacks. I don't think that works in today's nfl. Maybe he learned and grew. But, the Vikings basically treat him as a second head coach. He currently has complete control of the defense and doesn't have to deal with the quarterbacks he hates. Seems good for everybody.",1481745188456443917,lorensen_randy,True,1598,"Austin, TX",0,1,"September 23, 2025 at 03:15 AM"
1970326171914248593,https://x.com/sjphightins/status/1970326171914248593,"The Ravens are the worst-great team in the NFL, I’ve never seen them win a game of any magnitude",1556994262524370945,sjphightins,False,189,,0,0,"September 23, 2025 at 03:15 AM"
1970326171142537526,https://x.com/murohushin1230/status/1970326171142537526,くたばれあほんだらといいたい,1913672616,murohushin1230,False,15,,0,3,"September 23, 2025 at 03:15 AM"
1970326169129230674,https://x.com/gocards927/status/1970326169129230674,@MervinBustmante That’s all on Marv. Come on. The NFL is a different animal. It’s obvious he’s not nearly as good as he was projected to be,199914790,gocards927,False,378,"Las Vegas, NV",0,0,"September 23, 2025 at 03:15 AM"
1970326164209340927,https://x.com/__mallymal__/status/1970326164209340927,Do you know how bad your o line have to be for one of the most elusive qbs in nfl history to get sacked 7 times https://t.co/1h5vbKtHj7,1464414454981009414,__mallymal__,False,84,"Washington, DC",0,0,"September 23, 2025 at 03:15 AM"
1970326162099576882,https://x.com/cgibby1980/status/1970326162099576882,@NFL_DovKleiman Myles on the Browns,1472710568242987010,cgibby1980,False,18,,0,0,"September 23, 2025 at 03:15 AM"
1970326157150024091,https://x.com/profbstatcards/status/1970326157150024091,"@BirdHorns @NFL @Lions @NFLPlus He kind of had the tight part, but those sleeves on the ball have to be like Detroit's offensive play calling. Slick",1872025147714232320,profbstatcards,True,956,,0,22,"September 23, 2025 at 03:15 AM"
1970326150313582747,https://x.com/HSuambarne/status/1970326150313582747,@NFL_DovKleiman Joe burrow,1948634347,HSuambarne,True,2661,California,0,0,"September 23, 2025 at 03:15 AM"
1970326149780619613,https://x.com/devdotloux/status/1970326149780619613,Dan Campbell got a black coach with locs on a NFL national broadcast. He alright with me,823726807425884160,devdotloux,False,1408,504,0,5,"September 23, 2025 at 03:15 AM"
1970326148383916311,https://x.com/ThrillyCostigan/status/1970326148383916311,@OmahaProd @NFL @ESPNNFL Peyton had plenty of rules changed for him. Just ask Ty law,1878917606318514176,ThrillyCostigan,False,83,,0,1,"September 23, 2025 at 03:15 AM"
1970326144647078071,https://x.com/piece_of_scrap/status/1970326144647078071,Check out Majestic Houston Texans NFL Football Womens Shirt Medium Long sleeve https://t.co/oyaSn6WYT6 #eBay via @eBay #Texans,83851805,piece_of_scrap,False,1601,"Wyoming, USA",0,0,"September 23, 2025 at 03:15 AM"
1970326141996273667,https://x.com/king_ape6/status/1970326141996273667,@NFL @NFLPlus Lions ain’t letting up!!!!,1695921090,king_ape6,True,1026,Murica,0,13,"September 23, 2025 at 03:15 AM"
1970326141652144532,https://x.com/AdAstraPorci92/status/1970326141652144532,@bradleyjbayer @NFL_DovKleiman Hell yeah brother,1850200891636215808,AdAstraPorci92,False,128,,0,0,"September 23, 2025 at 03:15 AM"
1970326141555609635,https://x.com/CyberTheCyFan/status/1970326141555609635,"With that run, David Montgomery just set a career high in rushing yards in a single game with 151. Legendary performance here tonight by the former Cyclone!",1665185901897478145,CyberTheCyFan,False,22,,0,18,"September 23, 2025 at 03:15 AM"
1970326141425852452,https://x.com/LakersFanBDA/status/1970326141425852452,@RealSkipBayless Yeah we know most nfl coaches are scared to play to win games unless they're forced to. Soft mindset,1907876162,LakersFanBDA,False,116,,0,1,"September 23, 2025 at 03:15 AM"
1970326137458040910,https://x.com/grok/status/1970326137458040910,"@HaveRentMoney @NFCNorthNewss No, this isn't true. NFC North News is a satire account known for exaggerated NFL stories. My searches across news sources like ESPN, AP, and others find no evidence of any NFL or federal investigation into Packers match fixing as of September 23, 2025. The video is just a clip from their recent 13-10 loss to the Browns.",1720665183188922368,grok,True,6324565,wherever you are,0,0,"September 23, 2025 at 03:15 AM"
1970326133645492493,https://x.com/Skiiiwalker369/status/1970326133645492493,Marlo been gettin cooked all game I better not see this nigga on his podcast actin goofy,380540638,Skiiiwalker369,False,1131,UpUp&Away..,0,2,"September 23, 2025 at 03:15 AM"
1970326133078937693,https://x.com/jimair1/status/1970326133078937693,@BruceIronsNFL The NFL will ignore it.   Ridiculous,123306966,jimair1,False,118,"Chicago, IL",0,1,"September 23, 2025 at 03:15 AM"
1970326132747874311,https://x.com/7KauanSv/status/1970326132747874311,@NRavensBR Loucura pensar q a pouco tempo foi a melhor defesa da NFL,1645258645238587392,7KauanSv,False,103,,0,0,"September 23, 2025 at 03:15 AM"
1970326130432598304,https://x.com/mstad101/status/1970326130432598304,@NFL_Memes At least half of these are in Lamar,182185108,mstad101,False,420,Campbell River,0,18,"September 23, 2025 at 03:15 AM"
1970326127542776012,https://x.com/SpencerMagne/status/1970326127542776012,"@yes_hi_hello_ It's the media's job to report that, not for fans around the NFL to know who is on every team's sideline. The false notion this was new is the fault of ESPN and other news outlets who are paid to know that and provide that context but didn't for THEIR clicks!",212549215,SpencerMagne,False,4047,The DMV,0,1,"September 23, 2025 at 03:15 AM"
1970326120135369127,https://x.com/OnePrideKing/status/1970326120135369127,@NFL @NFLPlus HUTCH OWNS PARSONS AND FRAUD LAMAR LMAOOOOOO,1833554369796624384,OnePrideKing,False,259,,0,13,"September 23, 2025 at 03:15 AM"
1970326119191568802,https://x.com/J_8605/status/1970326119191568802,Lamar throw the fucking ball you actual fucking idiot #NFL #NFLKickoff,1245930483315175425,J_8605,False,17,,0,10,"September 23, 2025 at 03:15 AM"
1970326119116398675,https://x.com/franco_h26/status/1970326119116398675,"Le achunté a 13/16 partidos esta semana en la NFL. Dallas, Houston y Baltimore me cagaron. Era la mejor predicción de la historia",1215416325033644032,franco_h26,False,763,"Barcelona, España",0,1,"September 23, 2025 at 03:15 AM"
1970326116687806485,https://x.com/frannkooo3/status/1970326116687806485,@NFL @NFLPlus Defense literally gave up after Marlon got cooked 😂🤦🏾‍♂️.,765456810845364224,frannkooo3,False,1992,"Houston, TX",0,1,"September 23, 2025 at 03:15 AM"
1970326114078990461,https://x.com/CsarRiveroll1/status/1970326114078990461,"@NFL_sts @elfernan97 Más allá de su defensa la ofensiva dejó que desear , entiendo que fue gran juego de Lions pero creo Jackson debió aprovechar la gran presión por fuera para correr, creo era justificable",1237581627879981056,CsarRiveroll1,False,126,,0,8,"September 23, 2025 at 03:15 AM"
1970326112627499449,https://x.com/Z410S/status/1970326112627499449,@NFL_Memes It's always been overrated. People glaze it and say that it's elite but it's good at best.,1056489295,Z410S,False,456,"Baltimore, MD",0,4,"September 23, 2025 at 03:15 AM"
1970326109414625538,https://x.com/dew_433/status/1970326109414625538,"Lamar Jackson is disgrace..
#NFL",1069083920,dew_433,False,133,,0,51,"September 23, 2025 at 03:15 AM"
1970326109326843964,https://x.com/Teeb63203018/status/1970326109326843964,@theonlydyl_ Oh man this team is competitive. They don't understand the NFL is any given Sunday.. they are all pros man..,1572981312297771008,Teeb63203018,False,310,Sackavelli,0,1,"September 23, 2025 at 03:15 AM"
1970326108550602891,https://x.com/coldcreatures/status/1970326108550602891,@NFL_DovKleiman Barry Sanders,1186645809598783488,coldcreatures,True,850,Headspace,0,3,"September 23, 2025 at 03:15 AM"
1970326102473412797,https://x.com/iamnathaneagle/status/1970326102473412797,@NFL https://t.co/JLubFPB6Yg,745914338,iamnathaneagle,False,397,"Grand Rapids, MI",0,1,"September 23, 2025 at 03:15 AM"
1970326101361676547,https://x.com/hei2manszn/status/1970326101361676547,@NFL_DovKleiman https://t.co/nwV0oWVZOj,1944891869734813696,hei2manszn,False,51,"Russiaville, IN",0,1,"September 23, 2025 at 03:15 AM"
1970326091844739303,https://x.com/b_ez57/status/1970326091844739303,These are NFL franchises man do you seriously think that they can’t tell shit like this on tape?,1086813722256003073,b_ez57,False,495,"Norristown, PA",0,1,"September 23, 2025 at 03:15 AM"
1970326086887317773,https://x.com/ZentzMD/status/1970326086887317773,@NFL_DovKleiman Is this a video curling with ease?,1855751641909329920,ZentzMD,True,108,Above it all,0,1,"September 23, 2025 at 03:15 AM"
1970326084726956052,https://x.com/TheRealJennRice/status/1970326084726956052,"@buck @espn @ESPNNFL @NFL WTH are y’all doing? “He’s got big onions,” ref to the @Lions going for it on 4th and 2. Ball sacks on Sun. Onions on #MNF ? Get it together. U want US to PAY for everything &amp; you’re putting out crap. You fined Travis for it! Take some accountability",1390304564,TheRealJennRice,False,176,,0,15,"September 23, 2025 at 03:15 AM"
1970326074568413608,https://x.com/relley40/status/1970326074568413608,lol this made no sense packers beat lions who lost to browns ITS CALLED THE NFL AND ANY GIVEN SUNDAY YOU PFF NERD,220207373,relley40,False,1070,pittsburgh,1,18,"September 23, 2025 at 03:15 AM"
1970326073716953142,https://x.com/MichaelCosta9/status/1970326073716953142,"Steelers: worst team ever, horrible roster construction, quarterback is too old, coach needs fired. 2-1

Ravens: greatest team ever assembled, best roster in NFL by far, MVP caliber quarterback, greatest running back of all time, fantastic head coach. 1-2",308179664,MichaelCosta9,False,151,Kiki’s Kingdom,0,18,"September 23, 2025 at 03:15 AM"
1970326073326927886,https://x.com/FZCryptoX/status/1970326073326927886,@NFL @NFLPlus He has himself in fantasy! Big run and the put it in the books! LIONS ARE GONNA GET BIG WIN!,1606409764174536708,FZCryptoX,True,2753,"Queens, NY",0,13,"September 23, 2025 at 03:15 AM"
1970326072702181722,https://x.com/_Aleacyana/status/1970326072702181722,I’m waiting in basketball szn. NFL doing me dirty,211753348,_Aleacyana,False,3797,"Cleveland, OH",0,2,"September 23, 2025 at 03:15 AM"
1970326070726643777,https://x.com/RajivPace/status/1970326070726643777,Big win by the @Lions 💪🏾🏈🙌 on MNF @NFL,1554507738108944385,RajivPace,False,243,Reality ,0,9,"September 23, 2025 at 03:15 AM"
1970326066498806202,https://x.com/tiredofit10/status/1970326066498806202,Cue all the sports football analyst tomorrow. They will get off of Green Bay and hop on the Detroit Lions as the best team in the NFC(NFL). https://t.co/lGbvMsVMBF,169882699,tiredofit10,False,4392,,0,18,"September 23, 2025 at 03:15 AM"
1970326066070737269,https://x.com/NFLBrasil/status/1970326066070737269,"DAVID MONTGOMERY PARA SACRAMENTAR A VITÓRIA!

📺: #DETvsBAL ao vivo na @ESPNBrasil e NFL Game Pass https://t.co/RNrXX5qMCJ",2771632756,NFLBrasil,True,298182,Brasil,2,125,"September 23, 2025 at 03:15 AM"
1970326065613807872,https://x.com/GreenGumNation/status/1970326065613807872,#goodburger #NFL #mnf #DetroitLions https://t.co/78ISWxhJpt,1675237138529497091,GreenGumNation,False,2,,0,3,"September 23, 2025 at 03:15 AM"
1970326064405848222,https://x.com/FantasyBeast247/status/1970326064405848222,"Yeah that’ll do it, no such things as rankings in the NFL. Anybody can beat anybody any given week",3035095784,FantasyBeast247,False,684,"Austin, TX",0,2,"September 23, 2025 at 03:15 AM"
1970326062983954868,https://x.com/Kcaydestfu/status/1970326062983954868,"@IgotAbohmer @P_Christen1 @underexitty @RosvoglouReport It’s a team sport and he’s arguably on a bottom 10 roster in NFL history Nix, Caleb, Penix and JJ would all be 0-9 too",1519529713047322625,Kcaydestfu,False,29,,0,2,"September 23, 2025 at 03:15 AM"
1970326057443049808,https://x.com/j_R0dr1g0_51/status/1970326057443049808,@NFL @NFLPlus He's a big player!!! 🌟🤩🔥 https://t.co/7pUP2Z0EtU,1349866051249442816,j_R0dr1g0_51,False,23,"Estado de México, México",0,4,"September 23, 2025 at 03:15 AM"
1970326057434616247,https://x.com/WhistleSports/status/1970326057434616247,"DAVID MONTGOMERY IS HIM 😤🔥

(via @NFL )

 https://t.co/Ukw0mCMJA0",346670872,WhistleSports,True,142149,"New York, USA",0,16,"September 23, 2025 at 03:15 AM"
1970326056998707323,https://x.com/miglolance/status/1970326056998707323,@overtime @NFL 😂😂😂😂😂,1959215279197618176,miglolance,False,28,United States,0,0,"September 23, 2025 at 03:15 AM"
1970326052624048202,https://x.com/thatguyjordan18/status/1970326052624048202,The NFL gods are something else,2668521397,thatguyjordan18,False,377,"Madison, TN",0,0,"September 23, 2025 at 03:15 AM"
1970326048412975278,https://x.com/FootballAlberta/status/1970326048412975278,"6-a-side - Game of the week -

#1 J.C. Charyk Hawks at #2 Breton Cougars

🗓️ Friday, September 26th, 4:30 p.m.

📍Breton High School (Breton)

Thank you to our sponsor: NFL Flag https://t.co/xaKmgSsBGt",478938115,FootballAlberta,False,5625,11759 Groat Road,0,2,"September 23, 2025 at 03:15 AM"
1970326044629442736,https://x.com/Gonzeeeeeee/status/1970326044629442736,"@NFL_Memes Don’t worry, you’ll be alright.",1466588617762091011,Gonzeeeeeee,False,277,LFK,0,2,"September 23, 2025 at 03:15 AM"
1970326044239630530,https://x.com/spacejamjerry/status/1970326044239630530,the nfl statt padding lamar jackson,1270871019746549760,spacejamjerry,False,43,26,0,47,"September 23, 2025 at 03:15 AM"
1970326043090395185,https://x.com/MrPerfectSonic/status/1970326043090395185,@NFL_Memes Ravens fans trying to tell you Lamar is good but on a bad team. https://t.co/TVOVQQeCD4,1930992263548530689,MrPerfectSonic,True,2774,"Ontario, CA",1,67,"September 23, 2025 at 03:15 AM"
1970326041345552678,https://x.com/BolandSays/status/1970326041345552678,"The #NFL ecosystem still promotes the myth that Roquan Smith is a good LB, right? #MNF #Ravens #Lions #OnePride #RavensFlock #Bears #BearDown 🐻⬇️",162957129,BolandSays,False,650,"Chicago, IL",0,41,"September 23, 2025 at 03:15 AM"
1970326040036700360,https://x.com/coopsgarcia/status/1970326040036700360,This is why Detroit is the best! We win games and we go for it. Guts and glory 😋 https://t.co/LtakWtmyL1,325173891,coopsgarcia,False,977,"Grand Rapids, MI",0,5,"September 23, 2025 at 03:15 AM"
1970326039097417734,https://x.com/HubRavens/status/1970326039097417734,@fashion_nfl Did not need to see this man,911712803714674688,HubRavens,True,340,M&T Bank Stadium,0,5,"September 23, 2025 at 03:15 AM"
1970326035079303452,https://x.com/Carter_R412/status/1970326035079303452,@NFL has two daddies https://t.co/1waSuczJad,1895508571447500800,Carter_R412,False,170,"Morgantown, WV",0,0,"September 23, 2025 at 03:15 AM"
1970326034869309822,https://x.com/random_nfl_/status/1970326034869309822,@codybtapp Agreed,1935146868591235072,random_nfl_,True,68,United States,0,8,"September 23, 2025 at 03:15 AM"
1970326033908789334,https://x.com/journalsentinel/status/1970326033908789334,How to lose a game in 10 plays: The mistakes that led to a Packers meltdown in Cleveland https://t.co/coGtr2rm6B,16544024,journalsentinel,False,92065,"Milwaukee, WI",0,43,"September 23, 2025 at 03:15 AM"
1970326030352105872,https://x.com/THEWISEWINtm/status/1970326030352105872,THE WISE WIN™ NFL MNF WINNER LIONS +5 x 6U https://t.co/uoVFgQsXGa,1937627104159649792,THEWISEWINtm,True,183,,3,24,"September 23, 2025 at 03:15 AM"
1970326030297751973,https://x.com/bang_biskit/status/1970326030297751973,Detroit vs. Everybody!! Statement win. Best team in the NFL! #DETvsBAL #OnePride,1100975250169303040,bang_biskit,False,492,,1,39,"September 23, 2025 at 03:15 AM"
1970326029538590963,https://x.com/MikeBara333/status/1970326029538590963,"@gapolizzi81 @SmokeySmoker @TroyTw22 @hock_24 @markschlereth @NFL Wilson is better in literally every significant statistical category, and has played two fewer seasons. https://t.co/tTDr3WKSyT",1498425128274698241,MikeBara333,True,6096,"Las Vegas, Nevada",0,1,"September 23, 2025 at 03:15 AM"
1970326028917907892,https://x.com/Bo_Harris21/status/1970326028917907892,@NFL_Memes Blaming the OL for holding onto the ball for 5-7 secs 🤣🤣🤣🤣🤦‍♂️🤦‍♂️🤦‍♂️,1679119388,Bo_Harris21,False,462,"San Diego, CA ✈️ ",1,24,"September 23, 2025 at 03:15 AM"
1970326028603301967,https://x.com/EA_973/status/1970326028603301967,St Brown a top 5 NFL WR and we can argue about this .,1355978838229078016,EA_973,False,310,,0,5,"September 23, 2025 at 03:15 AM"
1970326027315421200,https://x.com/BigHawgBigDawg/status/1970326027315421200,The NFL doing a whole heritage piece on Amon-Ra St. Brown about his German Heritage is interesting. What is it about St. Brown that makes it acceptable to be proud of being German? https://t.co/cD43qRb33p,2858256828,BigHawgBigDawg,True,243,"Florida, USA",0,12,"September 23, 2025 at 03:15 AM"
1970326027139449034,https://x.com/WallaceJBone/status/1970326027139449034,@RealSkipBayless Holy shit you are ALWAYS WRONG. The Jim Cramer of the NFL!!! 🤣🤣🤣🤣,1340507450403926019,WallaceJBone,False,149,,0,1,"September 23, 2025 at 03:15 AM"
1970326025088172323,https://x.com/BallDontLieHQ/status/1970326025088172323,@NFL_Memes https://t.co/XKXmNwktXM,1920555071315841024,BallDontLieHQ,True,1187,United States,5,17,"September 23, 2025 at 03:15 AM"
1970326024882921657,https://x.com/giantgidget/status/1970326024882921657,@thedailybeast No NFL GAMES OR NBA,832667652,giantgidget,False,489,NorCal,0,1,"September 23, 2025 at 03:15 AM"
1970326023087759733,https://x.com/MarkMcn28673255/status/1970326023087759733,"@NFL_DovKleiman Basketball, I don't watch it or hockey I like hockey a little bit haven't watched Basketball since Bird and Magic retired",1657572145763893248,MarkMcn28673255,False,127,,0,1,"September 23, 2025 at 03:15 AM"
1970326022576054274,https://x.com/TribalHawk1/status/1970326022576054274,"The @Lions 
7 sack night ...
Against Lamar Jackson ...
and a great Baltimore team.
@NFL",1054170412194553857,TribalHawk1,False,316,East Los Angeles,0,58,"September 23, 2025 at 03:15 AM"
1970326022005367187,https://x.com/OddsDanny/status/1970326022005367187,"@AdamSchefter Carson Wentz going from backup to Dublin starter in 6 days just sums up the NFL. After his 2 TD showing vs Cincy, Vikings fans won't mind J.J.'s ankle getting proper rest.",1883654263806586880,OddsDanny,True,893,Boleyn Ground,1,0,"September 23, 2025 at 03:15 AM"
1970326021317570841,https://x.com/bflohop/status/1970326021317570841,@NFL Ravens fools what happennnnneeeddddd,263052539,bflohop,False,97,,0,25,"September 23, 2025 at 03:15 AM"
1970326016590598235,https://x.com/Aggelous/status/1970326016590598235,"@NFL_sts Gracias por tu análisis, el corazón te mató. https://t.co/xsDbBAGolm",281332406,Aggelous,False,316,"Tlalnepantla de Baz, México",1,9,"September 23, 2025 at 03:15 AM"
1970326015559053739,https://x.com/NBCSAuthentic/status/1970326015559053739,"Week 3 is in the books ✅

Here is where the 49ers sit in @WirthTM's updated NFL power rankings

https://t.co/0o0s6vgg1b",17790911,NBCSAuthentic,False,108610,Bay Area | CA,0,76,"September 23, 2025 at 03:15 AM"
1970326012975292446,https://x.com/Dustin_Bengals/status/1970326012975292446,"Has Lamar ever been sacked this much in a game before???
#NFL",1617900044862033922,Dustin_Bengals,False,66,"Florida, USA",0,8,"September 23, 2025 at 03:15 AM"
1970326011850948680,https://x.com/capsreplays/status/1970326011850948680,@NFL_Memes none of these sacks are the olines fault,1215646647180500992,capsreplays,False,2812,,1,76,"September 23, 2025 at 03:15 AM"
1970326008067735598,https://x.com/Markbristow22/status/1970326008067735598,This guy Muhammad with 2.5 sacks tonight for Detroit would NEVER achieve anything in Dallas.  Coaching is high school level compared to some of these great NFL teams.  Ex Cowboys excel elsewhere all the time,235751267,Markbristow22,False,884,,0,6,"September 23, 2025 at 03:15 AM"
1970326006398623956,https://x.com/xMAKAVELI777x/status/1970326006398623956,He won't. Him and Ole boy that be on that podcast ain't never stopping that podcast. Marlon Humphrey is the Paul George of the NFL,916291727182516225,xMAKAVELI777x,False,205,This place again?,0,16,"September 23, 2025 at 03:15 AM"
1970326004972560556,https://x.com/kochi_3333/status/1970326004972560556,"Kansas City Chiefs vs New York Giants Game Highlights | 2025 NFL Season ... https://t.co/7ycKJQIRBG @YouTubeより 
開幕連敗のチーフスもようやく今シーズン初白星
絶対王者も前途多難な滑り出し",1678705510596636678,kochi_3333,False,166,,0,7,"September 23, 2025 at 03:15 AM"
1970326001424179597,https://x.com/GloTheMessenger/status/1970326001424179597,What a fkn rigged game. @elonmusk what’s up with that AI that detects “sketch”calls that keeps these “entertainment” companies honest @NFL @MLB @NBA,1709018856872955904,GloTheMessenger,False,156,"Arizona, USA",0,5,"September 23, 2025 at 03:15 AM"
1970326001407160617,https://x.com/ZDM_Bets/status/1970326001407160617,"2-0 NFL SWEEEEEPPP

LAMAR OVER 275 RUSH + PASS YARDS ✅
GIBBS OVER 3.5 CATCHES ✅

DRAWING COMING THURSDAY",935636551,ZDM_Bets,True,3438,LETS WIN TOGETHER  ➡️,4,61,"September 23, 2025 at 03:15 AM"
1970326001176531429,https://x.com/SeattleSports/status/1970326001176531429,"Tory Horton is the only player in NFL history with at least two TD catches and a punt return TD through the first three games of one's career. 

Here's a look at some other #Seahawks stats that stand out through the first three weeks.

https://t.co/lxEEsb3OLY",22961177,SeattleSports,True,74347,"Seattle, Washington",1,73,"September 23, 2025 at 03:15 AM"
1970326000174080492,https://x.com/Deangeles228/status/1970326000174080492,@NFL_Memes Now it's the line's fault 😆,55032395,Deangeles228,False,362,,0,34,"September 23, 2025 at 03:14 AM"
1970325996021878848,https://x.com/TonySlone3/status/1970325996021878848,@AnIceIceX @NFL_DovKleiman Dawg what,1583300337221439488,TonySlone3,False,22,"Galveston, TX",0,2,"September 23, 2025 at 03:14 AM"
1970325993043988784,https://x.com/xoundoff/status/1970325993043988784,"hahahahahah that coach in baltimore is gettin exposed this season and i love it. he’s been living off a bullshit ass rep for 12 seasons. lazy dickhead is arrogant for no reason 
#nfl  #ravens",78017815,xoundoff,False,212,empire city,0,43,"September 23, 2025 at 03:14 AM"
1970325991961850052,https://x.com/VKing7783/status/1970325991961850052,"dumbest fucking rule in the NFL Detroit makes the fourth down but the clock stops because of a penalty and all it does is benefit the ravens because it doesn’t make the ravens waste   a time out when the clock should’ve been running
FIX THE FUCKING RULE NFL",1822363728773353472,VKing7783,False,61,,0,23,"September 23, 2025 at 03:14 AM"
1970325987670839773,https://x.com/ModinhaDeKC/status/1970325987670839773,"Pacheco deve ser o jogador mais burro da NFL, com uma certa folga ainda",1053127142475792385,ModinhaDeKC,False,568,,0,8,"September 23, 2025 at 03:14 AM"
1970325987041956313,https://x.com/jabbabrotha/status/1970325987041956313,@Nick_Shenk @NFL_Memes “Cuz” go to bed unc https://t.co/8mAHn7H6Z2,1320927113613135872,jabbabrotha,False,74,,0,3,"September 23, 2025 at 03:14 AM"
1970325986752295202,https://x.com/Patternbeliever/status/1970325986752295202,I know they’re playing right now but the NFL has a far more pronounced good to mid gap than any time in the last 20 years.,1586752680512393217,Patternbeliever,False,178,,0,2,"September 23, 2025 at 03:14 AM"
1970325985750065600,https://x.com/TheAngryCoach1/status/1970325985750065600,The Detroit Lions just became my new favourite team in the NFL,1536901590598045696,TheAngryCoach1,False,120,Edmonton,0,46,"September 23, 2025 at 03:14 AM"
1970325982189158791,https://x.com/BlackRoseValk/status/1970325982189158791,Ravens really are the Harden era Rockets of the NFL,2278483279,BlackRoseValk,False,781,"Oakland, CA",0,39,"September 23, 2025 at 03:14 AM"
1970325978388848768,https://x.com/ronfisher77/status/1970325978388848768,⁦@NFL⁩ #OnePride https://t.co/nQtkW9mCO1,545415573,ronfisher77,False,215,"Michigan, USA",0,7,"September 23, 2025 at 03:14 AM"
1970325974207377840,https://x.com/Rongs215/status/1970325974207377840,"People love writing think pieces about the Eagles defense, but the alleged most talented defense in the NFL continues to come up short. 🤷🏾‍♂️",876320380792844292,Rongs215,False,596,"Philadelphia, PA",1,1,"September 23, 2025 at 03:14 AM"
1970325972437344342,https://x.com/lilbo_lilbo/status/1970325972437344342,Eagles Are The Terence Crawford Of The NFL ….If That Makes Sense,244313350,lilbo_lilbo,False,573,"District of Columbia, USA",0,1,"September 23, 2025 at 03:14 AM"
1970325970893906256,https://x.com/ThaiCNX__/status/1970325970893906256,@koper06 @NFL @NFLPlus Fuck no I needed that over 59.5,2159088060,ThaiCNX__,False,175,"Los Angeles, CA",0,9,"September 23, 2025 at 03:14 AM"
1970325970369552657,https://x.com/Saints_FB_Talk/status/1970325970369552657,Monday Evening QB. Discussing the Saints 44-13 loss to the Seahawks and how they can continue to improve. Check it out: https://t.co/MStKyZt7rd #Saints #Football #NFL,1960563440075825152,Saints_FB_Talk,False,34,,0,3,"September 23, 2025 at 03:14 AM"
1970325969576796189,https://x.com/BrownsHorror88/status/1970325969576796189,@NikeBoyWill_ @NFL_DovKleiman Same Browns that beat you?,1661689999597662208,BrownsHorror88,False,176,,0,0,"September 23, 2025 at 03:14 AM"
1970325966032642109,https://x.com/RunThaBaII/status/1970325966032642109,@NFL_Memes he’s taking most of the sacks on his own,1394913458202632198,RunThaBaII,False,845,CA,1,90,"September 23, 2025 at 03:14 AM"
1.97033E+18,https://x.com/cffdrnkr1/status/1970325964770210000,@AndrewKolvet Wonder how that deal with Disney buying the NFL Network is doing?,1587055948316680193,cffdrnkr1,False,400,"St Joseph, Missouri",0,0,"September 23, 2025 at 03:14 AM"
1970325964761809283,https://x.com/raddad918/status/1970325964761809283,Zay Flowers is really a WR3. #NFL,1192098038648623108,raddad918,False,484,Your Moms House,1,99,"September 23, 2025 at 03:14 AM"
1970325962442289628,https://x.com/HaNNiMaL_Xtremo/status/1970325962442289628,"Iniciando excelente la semana viendo la NFL #MNF #NFL #ESPN 
Saludos desde Chimbote - - Perú 🇵🇪 https://t.co/QnQzgj0Gqz",148566412,HaNNiMaL_Xtremo,False,32,Chimbote - Peru,0,8,"September 23, 2025 at 03:14 AM"
1970325959606952230,https://x.com/TheBradMenendez/status/1970325959606952230,"The NFL has been just wild through 3 weeks, love my lions win tonight but wow it's hard to tell which teams are really legit and which ones aren't... https://t.co/rL08LFQ5xX",1092875120371253248,TheBradMenendez,False,1173,"Fort Wayne, IN",0,22,"September 23, 2025 at 03:14 AM"
1970325958961054061,https://x.com/ElGemotron9/status/1970325958961054061,"📋 Reporte de lesiones #49ers:
🤕 QB Mac Jones (rodilla) – día a día
🤕 DL Mykel Williams (muñeca) – día a día
🤕 CB Renardo Green (cuello) – día a día
🩼 DL C.J. West (pulgar) – será operado, pero podría volver esta semana con yeso

#NFL | #FTTB | #49ers https://t.co/PBleek1B88",1145769738733334538,ElGemotron9,False,41,,0,7,"September 23, 2025 at 03:14 AM"
1970325957941637478,https://x.com/JewcciMane/status/1970325957941637478,Not gonna get it done with the worst defense in the NFL. Can’t change that during the season.,26550779,JewcciMane,False,794,"Chicago, IL",0,4,"September 23, 2025 at 03:14 AM"
1970325953596530973,https://x.com/Filler8/status/1970325953596530973,Honestly just trade Lamar Jackson. If the idiot GM and ownership don’t want to go all in and build around him let him go win titles that he deserves. He’s the best football player on the planet and top 10 in nfl history. The guy deserves to hoist the Lombardi #RavensFlock,38716902,Filler8,False,599,"Baltimore, MD",0,107,"September 23, 2025 at 03:14 AM"
1970325951893401954,https://x.com/foucha_jr/status/1970325951893401954,Every sports media outlet/show is about to have the Lions ranked as the #1 team in the NFL tomorrow morning,818589342784520192,foucha_jr,False,689,,1,17,"September 23, 2025 at 03:14 AM"
1970325950559854960,https://x.com/BiggMhofu/status/1970325950559854960,Nfl betting was asss this weekend,1677441452924698627,BiggMhofu,False,129,,0,36,"September 23, 2025 at 03:14 AM"
1970325948722471366,https://x.com/TheLandoShowPod/status/1970325948722471366,"🚨Updated NFL QB Power Rankings: 🚨 
1.Josh Allen 
2.Lamar Jackson 
3.Justin Herbert 
4.Baker Mayfield 
5.Jalen Hurts 
6.Matthew Stafford 
7.Jared Goff 
8.Patrick Mahomes 
9.Daniel Jones 
10.Dak Prescott 
HM: Jordan Love, Jayden Daniels. 

#Billsmafia #Ravensflock #Boltup #Wearethekrewe #FlyEaglesFly #RamsHouse #OnePride #Chiefskingdom #ForTheShoe #DallasCowboys #Gopackgo #Commanders",1746294274054885376,TheLandoShowPod,True,1237,,2,127,"September 23, 2025 at 03:14 AM"
1970325948164677846,https://x.com/JohnnyBullpen/status/1970325948164677846,The ravens are frauds #nfl,1897016657975107584,JohnnyBullpen,False,53,,0,30,"September 23, 2025 at 03:14 AM"
1970325947451916359,https://x.com/hoshiheloise/status/1970325947451916359,"Since I included in the stream title but I never brought it up cuz I didn't follow the NFL game until now...
My Fantasy QB got sacked 7 times tonight. It's so over 🤣🤣🤣",1203172156974227466,hoshiheloise,False,157,twitch.tv/hoshiheloise,0,5,"September 23, 2025 at 03:14 AM"
1970325945161584653,https://x.com/blitzlink_/status/1970325945161584653,"@NFL_Memes Can’t blame the offensive line, Lamar held the ball way too long in the 2nd half",752719052506796033,blitzlink_,True,7391,"Chicago, IL",6,169,"September 23, 2025 at 03:14 AM"
1970325944331313467,https://x.com/HairWeaveKiilla/status/1970325944331313467,Lamar is my favorite story in the NFL but Dan Campbell is my second favorite so I can’t even be that mad at this lost,297117387,HairWeaveKiilla,False,5425,The Upside Down,0,51,"September 23, 2025 at 03:14 AM"
1970325943643222246,https://x.com/staydangerous__/status/1970325943643222246,"@SurvivorAtlas Holiday planning, blackout beers and Ravens -28.5 biggest spread in nfl history",1287490678239498250,staydangerous__,False,121,"Philadelphia, PA",0,31,"September 23, 2025 at 03:14 AM"
1970325941168611622,https://x.com/Rational_Lions/status/1970325941168611622,Goff is the most accurate QB in the NFL. I will die on this hill.,1422048308,Rational_Lions,False,1674,,1,33,"September 23, 2025 at 03:14 AM"
1970325939411140649,https://x.com/GitoAFiend/status/1970325939411140649,@NFL Please flex that Jets/Dolphins game....,892813643414417410,GitoAFiend,False,167,Somewhere ,0,2,"September 23, 2025 at 03:14 AM"
1970325935842025717,https://x.com/LLKOOLTAY3/status/1970325935842025717,Ohhhhh weeeee @Lions @NFL,1877461867217461248,LLKOOLTAY3,False,58,"Fayetteville, NC",0,16,"September 23, 2025 at 03:14 AM"
1970325930041319785,https://x.com/Pixelsports_/status/1970325930041319785,"David Montgomery is on FIRE!😮‍💨🔥

#NFL #OnePride #Lions #MNF",1587471019958312961,Pixelsports_,True,144,,4,99,"September 23, 2025 at 03:14 AM"
1970325922457825774,https://x.com/playmaker/status/1970325922457825774,There is not a better duo in the NFL than Jahmyr Gibbs and David Montgomery https://t.co/3iAj25cnBM,1070044038261338113,playmaker,True,51730,"Fort Lauderdale, FL",1,118,"September 23, 2025 at 03:14 AM"
1970325922420347031,https://x.com/DP_NFL/status/1970325922420347031,Are we sure Dabo &amp; John Harbaugh aren’t the same person? Lol,858142694308237312,DP_NFL,True,16997,United States,3,108,"September 23, 2025 at 03:14 AM"
1970325922369729014,https://x.com/Majinbuu20201/status/1970325922369729014,@grapsszn @NFL_Memes Don't t ever say that,1259793740052541441,Majinbuu20201,False,220,"Nashville, TN",0,2,"September 23, 2025 at 03:14 AM"
1970325917613596782,https://x.com/ShayneTrail/status/1970325917613596782,"Lions, Jared Goff now moves to an impressive (19-4) ATS since the 2017 NFL season when he is a 4+ underdog…",1438527991953383425,ShayneTrail,True,20902,"Philadelphia, PA 📍",7,334,"September 23, 2025 at 03:14 AM"
1970325917147734311,https://x.com/TheLegend99Bets/status/1970325917147734311,#NFL Week 3:  3-2 https://t.co/T4jDcXR8rD,1958519987871809536,TheLegend99Bets,False,227,"Apex, NC",0,2,"September 23, 2025 at 03:14 AM"
1970325915327418651,https://x.com/GeorgeChiefs/status/1970325915327418651,@MatchingPatek So tired of hearing that Andy Heck is one of the most respected OLine coaches in the NFL.,344908032,GeorgeChiefs,False,105,,0,4,"September 23, 2025 at 03:14 AM"
1970325914375639317,https://x.com/lyricg20/status/1970325914375639317,Zay Flowers Not Used At All. NFL Rigged Another Game. It’s Laughable!!!!!!,1529044368,lyricg20,False,924,LONDON ,1,96,"September 23, 2025 at 03:14 AM"
1970325904032440387,https://x.com/CT_0528/status/1970325904032440387,FAX. LAMAR BUTT NOT SAFE!!! #NFL,1836438951554342912,CT_0528,False,19,"Indianapolis, IN",0,41,"September 23, 2025 at 03:14 AM"
1970325901725540595,https://x.com/ChefJohnTesar/status/1970325901725540595,@NFL_MNF @stephenasmith 🫣you’re all wrong just say it in the post Dan Campbell coached a great game and Goff out played King Lamar lol ! … running game and some sweet clutch passing,105845487,ChefJohnTesar,False,5552,Dallas,0,49,"September 23, 2025 at 03:14 AM"
1970325899712270592,https://x.com/shannonsharpick/status/1970325899712270592,"@YahooSports @NFL Whats he doing carrying it in 1 hand like a its a Bag of Big Macs? That ball has no geometry, hold it with both hands atleast in the 4th Q.",1597911455210536960,shannonsharpick,False,25,New York ,0,1,"September 23, 2025 at 03:14 AM"
1970325898290196796,https://x.com/moath_oo/status/1970325898290196796,"هذا اسمه دعس اللايونز في ظني اليوم هو مرشح للفيرست سيد فوز يرفع المعنويات للفريق بعد خسارة المدربين 

انتصار فيه هيمنة دفاعية وهجومية ضد واحد من أفضل الفرق وفي ملعبه 

براااافوووووو صراحة  https://t.co/cjd2GDUlgU",1096199262805901317,moath_oo,False,178,,0,5,"September 23, 2025 at 03:14 AM"
1970325896037851317,https://x.com/GoingFor2NFLPod/status/1970325896037851317,"Ben Johnson? Aaron Glenn? Never heard of them. 

#OnePride #NFL",1372008820373852164,GoingFor2NFLPod,False,621,"Cincinnati, OH",0,25,"September 23, 2025 at 03:14 AM"
1970325895085715911,https://x.com/JohnClampShow/status/1970325895085715911,"Do you know how bad your o-line has to play to give up 7 sacks on LAMAR JACKSON?! Granted Lamar could’ve thrown a couple away, but my point still stands.
#MNF #NFL",1729631548419297281,JohnClampShow,True,158,,1,105,"September 23, 2025 at 03:14 AM"
1970325894612090981,https://x.com/luciano_again/status/1970325894612090981,@NFL_DovKleiman King John Harbaugh and the ravens,1666519661683286051,luciano_again,False,763,,0,63,"September 23, 2025 at 03:14 AM"
1970325892745568418,https://x.com/SudhirBadola13/status/1970325892745568418,@NFL_Memes And that epic reaction 😂,1935969626933858305,SudhirBadola13,True,1267,Mumbai,1,134,"September 23, 2025 at 03:14 AM"
1970325886613307469,https://x.com/D_Schandy24/status/1970325886613307469,@NFL_Memes Lamar also holds the ball way too long in the pocket lol,369887617,D_Schandy24,False,1545,,2,142,"September 23, 2025 at 03:14 AM"
1970325880082964866,https://x.com/FILIKU/status/1970325880082964866,Idk but I think this might be the most Tongans in an nfl game you got Vaki and Manu for the Lions and Stanley for the Ravens 🇹🇴,29702853,FILIKU,False,940,"Salt Lake City, UT",0,84,"September 23, 2025 at 03:14 AM"
1970325878380138507,https://x.com/MarlonBooth32/status/1970325878380138507,@NFL https://t.co/Faii59ZYYT,464983817,MarlonBooth32,False,400,,0,2,"September 23, 2025 at 03:14 AM"
1970325874223288826,https://x.com/chingomex/status/1970325874223288826,"Aviso parroquial:

Lions 38

Ravens 24

Último cuarto, 1:42 por jugar 

Éste arroz ya se coció. 

Tendrá Detroit lo suficiente para ser campeón de la conferencia nacional?

🤔🤔🤔

#NFL
#MondayNightFootball",66908686,chingomex,False,2194,"in a galaxy far,far Away... ",0,106,"September 23, 2025 at 03:14 AM"
1970325869228159212,https://x.com/CptMoonlite/status/1970325869228159212,"@FDSportsbook I've had my questions from time to time if the @NFL was rigged. Tonight, I watched #lamarjackson #JohnHardbaugh, and the @Ravens throw a game. You can't convince me otherwise. Three timeouts left, and you refuse to use them????",868755590465630208,CptMoonlite,False,1205,Kansas City,0,48,"September 23, 2025 at 03:14 AM"
1970325866489016789,https://x.com/HBuggaz/status/1970325866489016789,Dis nigga Lamar been sacked 7 fuckin times…sumthin ain’t rite 🙄😮‍💨 @NFL @FDSportsbook,958353897101373440,HBuggaz,False,410,"Philadelphia, PA",0,20,"September 23, 2025 at 03:14 AM"
1970325862613393512,https://x.com/GABRIELORTEZ10/status/1970325862613393512,#MNF #NFL https://t.co/XDvJYlYXng,1590469229798645760,GABRIELORTEZ10,True,2591,,0,4,"September 23, 2025 at 03:14 AM"
1970325862248591453,https://x.com/Sports_News_T/status/1970325862248591453,"Baker Mayfield dazzles with career-best stats but interception woes linger for Buccaneers quarterback in thrilling 2024 season

Baker Mayfield shines with record-breaking performance Baker Mayfield, the Tampa Bay Buccaneers’ quarterback, has captivated f
https://t.co/tXd54EScIc",1951743178043797504,Sports_News_T,False,36,United States,0,5,"September 23, 2025 at 03:14 AM"
1970325861095338406,https://x.com/blazepicks904/status/1970325861095338406,"Great night in NFL🤞🏽🔥🔥✅✅✅

Another Successful Money Monday 💰✅

#BettingTips #GamblingCommunity #NFLPicks #PrizePicksNFL https://t.co/QtB7e8D44y",1426758798568476676,blazepicks904,True,275,"Florida, USA",0,6,"September 23, 2025 at 03:14 AM"
1970325860377829874,https://x.com/Adam_Klepfer89/status/1970325860377829874,@br_betting @NFL No Derrick Henry did that,1530532253868118018,Adam_Klepfer89,False,89,"Philadelphia, PA",1,92,"September 23, 2025 at 03:14 AM"
1970325849636548996,https://x.com/33deargentina/status/1970325849636548996,Dan Campbell es el verdadero león de la NFL. Quiero verlo en el Superbowl.,715888336116690944,33deargentina,False,177,,0,32,"September 23, 2025 at 03:14 AM"
1970325849133261305,https://x.com/Cuda19351/status/1970325849133261305,Jackson got SACKED!!! Go Lions!🦁 #NFL,1716040132510277632,Cuda19351,False,56,,0,17,"September 23, 2025 at 03:14 AM"
1970325848910651823,https://x.com/TheRealBenAbbey/status/1970325848910651823,@woodwardsports @Lions @Ravens @NFL @AlabamaFTBL I'll take it.,615238095,TheRealBenAbbey,False,78,,0,64,"September 23, 2025 at 03:14 AM"
1970325848549937175,https://x.com/CycloneFB/status/1970325848549937175,"Running out of captions for all these highlights… 

Another @MontgomerDavid TD‼️🫡 https://t.co/omTq0uwmfh",42638627,CycloneFB,False,190931,"Ames, Iowa",16,250,"September 23, 2025 at 03:14 AM"
1970325848013074521,https://x.com/badlandj/status/1970325848013074521,"Why would Canadians bother watching the @CFL if the CFL is only making it look like the NFL?
Season tickets on way to being  cancelled",1188322531,badlandj,True,1462,4th turning: 2008-2030s,0,0,"September 23, 2025 at 03:14 AM"
1970325844267798540,https://x.com/Nebraska247/status/1970325844267798540,"How did former #Huskers fare in the NFL this week? Noteworthy games for Lavonte David, Maliek Collins and Jack Stoll. 

https://t.co/UMHgRjPEhw",583215014,Nebraska247,True,34236,"Lincoln, NE",0,124,"September 23, 2025 at 03:14 AM"
1970325836793553320,https://x.com/gofastdieyoung1/status/1970325836793553320,@NFL_Talk_Sports Bills,3013886352,gofastdieyoung1,False,1054,"Arizona, USA",0,5,"September 23, 2025 at 03:14 AM"
1970325836374122862,https://x.com/jhinkle48/status/1970325836374122862,@seattlerams_nfl Did you see that push off by Adams? Funny how you don’t see that. Must be you can’t see through all the tears.,1724099496,jhinkle48,False,55,,0,3,"September 23, 2025 at 03:14 AM"
1970325835132354906,https://x.com/AjStorrMVP/status/1970325835132354906,Goodbye world. Darryn Peterson please save me. https://t.co/Lz0DE36MIz,1618758458781667330,AjStorrMVP,False,498,,0,5,"September 23, 2025 at 03:14 AM"
1970325834448634074,https://x.com/TIGERS_4L/status/1970325834448634074,@NFL_DovKleiman The eagles having to carry Jalen Hurts,1486885812734242819,TIGERS_4L,False,50,Tiger Island,0,19,"September 23, 2025 at 03:14 AM"
1970325831559061944,https://x.com/JamesHo03148924/status/1970325831559061944,"Gutsy call, the @Lions are a fun watch....they can run the ball, pass the ball and their D. with Hutchinson back looks good too.
#OnePride    #DETvsBAL #NFL #MNF",895512076197679104,JamesHo03148924,False,2211,"Las Vegas, NV",0,229,"September 23, 2025 at 03:14 AM"
1970325829168025940,https://x.com/ActionNetworkHQ/status/1970325829168025940,"🦁 David Montgomery scores his 2nd TD of the night (+750) to extend the lead for Detroit!

Does the Lions have this one locked up?

 https://t.co/aEfvmkfAFL",909749955836940288,ActionNetworkHQ,False,237320,,7,1179,"September 23, 2025 at 03:14 AM"
1970325828476248200,https://x.com/StephenOhCBS/status/1970325828476248200,"at least i’ll be highly productive at work this week

i listen to NOTHING NFL after ravens losses",38221537,StephenOhCBS,True,1893,Florida,0,30,"September 23, 2025 at 03:14 AM"
1970325827591250323,https://x.com/WayneCarringto5/status/1970325827591250323,@SirYacht_ I predict Shedur Sanders makes his NFL debut at Detroit..i dont see Joe Flacco nor his diminutive backup Dillon Gabriel survives that ferocious Lions defense.,4893796845,WayneCarringto5,False,176,"Ohio, USA",1,56,"September 23, 2025 at 03:14 AM"
1970325827205361765,https://x.com/JasonMBerger/status/1970325827205361765,Hmm..@OldTakesExposed #OnePride #MNF @NFL_MNF @Lions #DETvsBAL https://t.co/MTuoSZpJFO,49661270,JasonMBerger,False,111,Motor City - Hockeytown ,1,121,"September 23, 2025 at 03:14 AM"
1970325823967420486,https://x.com/cjandringa/status/1970325823967420486,Top 10 rushing performances by @CycloneFB in the NFL: https://t.co/q8tEYQryDo,183430420,cjandringa,False,2016,The 42nd parallel...ish.,3,33,"September 23, 2025 at 03:14 AM"
1970325823912845633,https://x.com/K_Bob07/status/1970325823912845633,"I can't remember the last time I've seen dominance in the trenches like this in the NFL

This is something you would expect to see in a FBS vs FCS football game",1161841927664361472,K_Bob07,False,248,,0,3,"September 23, 2025 at 03:14 AM"
1970325818825183380,https://x.com/allegedashley/status/1970325818825183380,"@E26football just disgusting, they have to be bottom 2 secondaries in the nfl right now if not dead last",1059994599442313217,allegedashley,False,4544,,0,3,"September 23, 2025 at 03:14 AM"
1970325817587560628,https://x.com/jorge_sanchez_/status/1970325817587560628,7 sacks against the useless @Ravens and @Lj_era8... wow! #NFL #MondayNight,134145805,jorge_sanchez_,False,601,"Monterrey, NL",0,19,"September 23, 2025 at 03:14 AM"
1970325815721410886,https://x.com/eleonbaz/status/1970325815721410886,"#RavensFlock no puede ser un peso completo por la AFC mientras no arreglen sus problemas DEF. Son una coladera. Dos semanas en las que les metieron más de 40. Súmenle su lamentable OL.

Y con #OnePride, 90 PTS las pasadas dos semanas. Siguen siendo un ataque intimidante.

#NFL",127670481,eleonbaz,False,29019,Mexico City,2,48,"September 23, 2025 at 03:14 AM"
1970325815066775887,https://x.com/vop280/status/1970325815066775887,That Goff super bowl mvp is gonna hit DIFFERENT,1843053617630101504,vop280,False,107,,1,34,"September 23, 2025 at 03:14 AM"
1970325814375035174,https://x.com/oalvine/status/1970325814375035174,@Lions came to @Ravens trap and took over your trap!!! #DETvsBAL #NFL,232177769,oalvine,False,138,Metro Manila,0,144,"September 23, 2025 at 03:14 AM"
1970325813225726056,https://x.com/danlacalle/status/1970325813225726056,"7 sacks em cima do Lamar Jackson na partida de hoje.

Nem um dos melhores da NFL consegue salvar um time que não dá respiro para que ele jogue tranquilo. https://t.co/sJMOPI4KBo",149572747,danlacalle,True,26499,São Paulo,6,134,"September 23, 2025 at 03:14 AM"
1970325808616219030,https://x.com/EvelynSantosx1/status/1970325808616219030,"Lamar Jackson UD Free Square 2x Slip ✅

Free square + free pair = FREE CASH. Hope y’all tailed this one as well

Drop a ❤️ if you tailed this slip!

📊 @betbigbenx 👇

🔗 https://t.co/CsodwQ5n7l

#Gambling #GamblingTwitter #NFL
 #UnderdogFantasy #PlayerPropBets https://t.co/YRuf0AR0YB",1801194454717501440,EvelynSantosx1,False,15,,0,77,"September 23, 2025 at 03:14 AM"
1970325804270956989,https://x.com/The_Franchise19/status/1970325804270956989,Pick of the Day NFL Lions +4.5 2.1 units @ -105 ✅ https://t.co/8Bd7U9NEXB,370310166,The_Franchise19,False,9662,"Darkhorseville, OH",1,179,"September 23, 2025 at 03:14 AM"
1970325803499217079,https://x.com/YG_WAGMI/status/1970325803499217079,"Damn, I should’ve gone with my gut and upped the units 🤷🏽‍♂️😅 #NFL #SportsGambling #ravenslions https://t.co/w5jKkdhlVX",246564465,YG_WAGMI,False,229,"Toronto, ON",0,2,"September 23, 2025 at 03:14 AM"
1970325798092775776,https://x.com/SportskeedaAff/status/1970325798092775776,"WATCH: Derrick Henry crashes out on sidelines, almost starts crying after costly fumble in 4th quarter during Ravens-Lions MNF https://t.co/fmEsvMx7EH",1527639149942935552,SportskeedaAff,True,392,India,0,92,"September 23, 2025 at 03:14 AM"
1970325796503044163,https://x.com/LightShadowOnyx/status/1970325796503044163,@NFL_Memes fumbler,2993706412,LightShadowOnyx,False,460,"vancouver, usa",0,1,"September 23, 2025 at 03:14 AM"
1970325789762593275,https://x.com/NFL_Memes/status/1970325789762593275,You know how bad your offensive line gotta play to get LAMAR JACKSON sacked 7 times https://t.co/ooKyn7uaGO,492566290,NFL_Memes,True,1511706,,200,4318,"September 23, 2025 at 03:14 AM"
1970325788428837199,https://x.com/Johnnygato31/status/1970325788428837199,@NFL @NFLPlus Nfl is fixed its fake rigged football,1880540115182710784,Johnnygato31,False,58,"Florida, USA",0,14,"September 23, 2025 at 03:14 AM"
1970325787791499318,https://x.com/FishinCard/status/1970325787791499318,I bet I heard the word Lamar 50 times pregame and Goff maybe once by his last name. The bias is what’s wrong with the NFL imo.,1966892546866769924,FishinCard,False,48,United States,0,17,"September 23, 2025 at 03:14 AM"
1970325787195633905,https://x.com/NathanielCarney/status/1970325787195633905,"@DetroitLionsPro Belt to ass tonight against a top 5 team in NFL. 

Just a massive win and announcement to the league. We are still the top dog of the NFC",433683036,NathanielCarney,False,283,United States,1,23,"September 23, 2025 at 03:14 AM"
1970325786126410239,https://x.com/romoracer/status/1970325786126410239,I feel this.  Fri: HS.  Sat: CFB.  Sun/Mon/Thurs: NFL.  Tues/Wed: 🥱,1701576312270594049,romoracer,False,57,Los Angeles // Tucson,1,7,"September 23, 2025 at 03:14 AM"
1970325780543508912,https://x.com/BookitHQ/status/1970325780543508912,THE LIONS ARE POURING IT ON😱 https://t.co/58SOD5FehN,1133557074175045632,BookitHQ,True,76693,"Dallas, TX",4,278,"September 23, 2025 at 03:14 AM"
1970325777301545392,https://x.com/AdamQuraishi1/status/1970325777301545392,"And before I forget, the Ravens o-line can't even block an 83 year old Karen on social media, let alone an NFL defensive line. 

They should be thankful that Lamar Jackson didn't get injured, tonight.",1567285568794693635,AdamQuraishi1,False,757,,0,151,"September 23, 2025 at 03:14 AM"
1970325766769647806,https://x.com/EricE552969l/status/1970325766769647806,@NFL Ravens overrated why do the talking heads on tv do this every year?,1688353876259332096,EricE552969l,False,51,,0,28,"September 23, 2025 at 03:14 AM"
1970325765205164251,https://x.com/jmpinky/status/1970325765205164251,It is quite possible we are watching a Super Bowl preview  tonight on #MNF. @NFL this is prime time football.,271971698,jmpinky,False,168,"Chesapeake, Ohio",1,8,"September 23, 2025 at 03:14 AM"
1970325764634538110,https://x.com/Matt247Now/status/1970325764634538110,"3 games this week of NFC North vs. AFC North, the NFC will go 2-1 (would've been 3-0 if games were 56 minutes and not 60)

And the NFC North team not in that category? The Bears also won. #NFL",27291870,Matt247Now,False,1613,"Dayton, OH",0,14,"September 23, 2025 at 03:14 AM"
1970325763703611721,https://x.com/DarkPheonix777/status/1970325763703611721,Alexa play - Dreams &amp; nightmares #DetroitLions #NFL https://t.co/YwuhikY2MG,1615035285435187212,DarkPheonix777,True,2651,Transylvania,0,25,"September 23, 2025 at 03:14 AM"
1970325759001522558,https://x.com/tehimself/status/1970325759001522558,"If D-Mo keeps this up, he might give Hutch a run for his money on Comeback Player of the Year.

#NFL #DETvsBAL #MNF #OnePride #Lions",57809752,tehimself,False,262,"Michigan, USA",0,113,"September 23, 2025 at 03:14 AM"
1970325755910594714,https://x.com/Nick_Shenk/status/1970325755910594714,@jabbabrotha @NFL_Memes It’s cuz your mom took Tylenol when she was pregnant with you.,35890454,Nick_Shenk,False,331,USA,1,9,"September 23, 2025 at 03:14 AM"
1970325755885428818,https://x.com/RoderickB35836/status/1970325755885428818,@NFL_DovKleiman https://t.co/XBVY97qJId,1814470613190488066,RoderickB35836,False,8,,0,8,"September 23, 2025 at 03:14 AM"
1970325752148054509,https://x.com/TTrainisWinning/status/1970325752148054509,Lamar Jackson is the greatest overrated QB in this league called the NFL. Pure cat piss,386908360,TTrainisWinning,False,420,,0,53,"September 23, 2025 at 03:14 AM"
1970325749862121496,https://x.com/NFLonDAZN/status/1970325749862121496,"DAVID MONTGOMERY. HOUSE CALL.

100% NFL, 0% Compromise | Watch NFL Game Pass only on https://t.co/nQbFFSxgYn | #NFLonDAZN

#OnePride https://t.co/x67fdo8ddX",498177610,NFLonDAZN,True,1066592,United Kingdom,1,258,"September 23, 2025 at 03:14 AM"
1970325739158245379,https://x.com/Thomaxss/status/1970325739158245379,🍿,906358043994189826,Thomaxss,False,464,"São Paulo, Brasil",0,1,"September 23, 2025 at 03:13 AM"
1970325738000957727,https://x.com/AnIceIceX/status/1970325738000957727,"@NFL_DovKleiman John Harbaugh = Ferrari
Ravens = Broken down swiss cheese house",1803509999437582336,AnIceIceX,False,200,,0,85,"September 23, 2025 at 03:13 AM"
1970325737052749975,https://x.com/addicted_ii/status/1970325737052749975,What a game by the 🦁 Ready for the big dance #lions #nfl  #SuperBowl2026 🔥,1257818323284303872,addicted_ii,False,21,,0,38,"September 23, 2025 at 03:13 AM"
1970325736516112464,https://x.com/CoachKenWilson/status/1970325736516112464,@McClain_on_NFL @HoustonChron J.Johnson should have been hired as the OC. Karma 🤘🏾🏈,2966566784,CoachKenWilson,False,265,"Houston, TX",0,0,"September 23, 2025 at 03:13 AM"
1970325733882159180,https://x.com/FMyballzich/status/1970325733882159180,@woodwardsports @Lions @Ravens @NFL @AlabamaFTBL 🗑,1898102737822171136,FMyballzich,False,124,US,0,52,"September 23, 2025 at 03:13 AM"
1970325732514545751,https://x.com/d_romaker/status/1970325732514545751,I guess they got it right last year when they picked Josh Allen as the MVP. #nfl @BuffaloBills not Lamar. Case closed.,1275150866559926272,d_romaker,False,86,"Minnesota, USA",0,38,"September 23, 2025 at 03:13 AM"
1970325730585174059,https://x.com/JohnLangstonJr/status/1970325730585174059,THATS MY FUCKING LIONS!!!!! Let’s goooooo!!! #detroitvseverybody #DetroitLions #NFL https://t.co/0R4PVg2xk5,2247748560,JohnLangstonJr,True,207,Michigan,0,30,"September 23, 2025 at 03:13 AM"
1970325728295260357,https://x.com/F__T__R_/status/1970325728295260357,"@NFLWithKyle @NFL Still a big zero
Also unlike JK
But he’s not our style of running back
Seriously doubt he makes it through the season",1746329957033541632,F__T__R_,False,41,"La Mesa, CA",0,3,"September 23, 2025 at 03:13 AM"
1970325727657480384,https://x.com/burgerbets_/status/1970325727657480384,"Hoy VERDAZOSSS ✅✅✅
NFL 🏈 y MLB ⚾️ https://t.co/MtJvW7b4Aw",1213491488815898624,burgerbets_,False,33,"Buenos Aires, Argentina",0,4,"September 23, 2025 at 03:13 AM"
1970325725816525069,https://x.com/rumadhah/status/1970325725816525069,@koper06 @NFL @NFLPlus going down there up 7 with 3 timeouts is way worse then going up 14,1703287305736433664,rumadhah,False,8,"Detroit, MI",1,20,"September 23, 2025 at 03:13 AM"
1970325724570472469,https://x.com/weareroller_/status/1970325724570472469,@NFL @RapSheet If they’d stop using him a a running back,2211121318,weareroller_,False,240,,0,2,"September 23, 2025 at 03:13 AM"
1970325722825687337,https://x.com/All_22_NFL_Cuts/status/1970325722825687337,@abjohnson52 I would say both.  The  Lions have not wilted. Ravens have at times folded and played quite poorly.,1443778765881020416,All_22_NFL_Cuts,True,8529,,0,65,"September 23, 2025 at 03:13 AM"
1970325722276471020,https://x.com/psgematria/status/1970325722276471020,"DETROIT LIONS ML (+205)  / -1.5 (-118) 💰💰✅✅🤑🤑🔥🔥

Lamar stays on 24 wins vs NFC
Lions = 24

#onepride #NFL #Gematria #MNF https://t.co/jsEAPI224R",1743795581825232896,psgematria,True,4565,"Manhattan, NY",4,143,"September 23, 2025 at 03:13 AM"
1970325722154840252,https://x.com/WillLumpLump/status/1970325722154840252,@AZcardinals  Drew Petzig Johnathan Gannon Monti Ossenfort Michael Biddwill @JohnnyVenerable @BoBrack are you watching @NFL_MNF? PLEASE try to tell me the Cardinals loss isn’t a coaching/approach issue after watching what the @Lions just did to ice the game away!!!,208841357,WillLumpLump,False,155,"Portland, OR",0,16,"September 23, 2025 at 03:13 AM"
1970325721697358311,https://x.com/qwiket_nfl/status/1970325721697358311,"https://t.co/tqK76jcZbo #nfl #FlyEaglesFly The Philadelphia Eagles claimed Xavier Gipson off waivers from the Giants, adding a speed-rich return man and hybrid option while waiving OL Kenyon Green. Gipson’s arrival follows Philly’s pattern of bolstering the return game at low cost, with room to contribute as a receiver if needed.
Gipson flashed as a Jet with a walk-off punt return TD in Week 1 and has 68 punt returns...",1753077863610191872,qwiket_nfl,True,454,Northern Upper Mid-West,0,15,"September 23, 2025 at 03:13 AM"
1970325718811681147,https://x.com/HotStreakReek/status/1970325718811681147,"VIP moves to 28-4 NFL SZN.
SGP +118 ✅+5u

Lotto falls short but we also hedged to guarantee profit. 
AMAZING NFL SZN SO FAR. 
--JOIN VIP&lt; DM Me for prices. 

https://t.co/cI4vQKKqww",1905363979717017600,HotStreakReek,False,47,,0,2,"September 23, 2025 at 03:13 AM"
1970325717612138952,https://x.com/Pinkopankino/status/1970325717612138952,Who are the Kings of the 4th down? #DetroitLions #lionsvsravens #NFL #MondayNightFootball #JaredGoff #DavidMontgomery https://t.co/0CiQa8kdvH,3426925149,Pinkopankino,False,35,Ontario,0,12,"September 23, 2025 at 03:13 AM"
1970325708468822221,https://x.com/GridIron_Geek_/status/1970325708468822221,"David Montgomery takes it to the house to nearly seal it

#NFL #DETvsBAL https://t.co/MjAaQOBwhs",3636032235,GridIron_Geek_,False,55,,0,120,"September 23, 2025 at 03:13 AM"
1970325707613254013,https://x.com/KammoSiWong/status/1970325707613254013,Another #DetroitLions TD. David Montgomery is having a tremendous game! Game set and match. #BaltimoreRavens dropping to 1-2 for the season #NFL,47283726,KammoSiWong,False,145,Malaysia,0,30,"September 23, 2025 at 03:13 AM"
1970325706748887401,https://x.com/Sa6orii/status/1970325706748887401,@86xdad @XizynaHunzuna @NFL @NFLPlus Yeah true too . Didn’t know Humphrey had that hawk em down speed,794178934883618816,Sa6orii,False,230,"Michigan, USA",0,4,"September 23, 2025 at 03:13 AM"
1970325704119292207,https://x.com/thekigozimusazi/status/1970325704119292207,They said the rapture starting tomorrow? Looks like it started early,1041404484,thekigozimusazi,False,397,MD,1,32,"September 23, 2025 at 03:13 AM"
1970325698209554839,https://x.com/sir_nonchalant0/status/1970325698209554839,Majority of all lineman in the NFL are straight bitch made. Why are you that big for  😂,3258159012,sir_nonchalant0,False,775,"San Antonio, TX",0,1,"September 23, 2025 at 03:13 AM"
1970325692899377478,https://x.com/argeNFL_/status/1970325692899377478,"Qué manera de cerrar la #Week3 de la #NFL 

Partidazo de los #Lions contra el mejor QB de la liga. No dejaron que juegue. 

De acá sale el campeón?? 
#MNF #lionsvsravens",1953424612735295488,argeNFL_,False,14,Argentina,0,32,"September 23, 2025 at 03:13 AM"
1970325691876196560,https://x.com/JaisSportsTakes/status/1970325691876196560,"Derek Henry Has Fumbled In Every Game So Far In 2025 NFL Season

Time To Be Worried?!?!?

#NFL #Ravens https://t.co/g9z3KagPC3",1656599240972587015,JaisSportsTakes,True,367,,1,79,"September 23, 2025 at 03:13 AM"
1970325689921581339,https://x.com/realambsace/status/1970325689921581339,@NFL @NFLPlus Maybe the media needs to stop creaming their pants about the Ravens lol,1423990284,realambsace,True,628,,0,113,"September 23, 2025 at 03:13 AM"
1970325688587821120,https://x.com/kelvincarterDPT/status/1970325688587821120,"@colincowherd Scariest player to defend in the NFL. Lions had nightmares all week. Now that they overcame and showed up on both sides of the ball, on the road, hopefully there’s some more respect and nice words from the media.",299452087,kelvincarterDPT,False,276,"Atlanta, GA",0,25,"September 23, 2025 at 03:13 AM"
1970325688420049239,https://x.com/Geez1600/status/1970325688420049239,@overtime @NFL Goofy lol,311289251,Geez1600,False,2483,16th STREET,0,11,"September 23, 2025 at 03:13 AM"
1970325687165952267,https://x.com/EMcallinurbluff/status/1970325687165952267,"@NFL_DovKleiman That’s not a curl, still impressive though",1705582285779865600,EMcallinurbluff,False,53,"Denver, CO",0,1,"September 23, 2025 at 03:13 AM"
1970325682925490231,https://x.com/tosshy_____/status/1970325682925490231,Lions had 7 sacks tonight.👀 #NFL,1229617957396865026,tosshy_____,False,24,,0,17,"September 23, 2025 at 03:13 AM"
1970325682426388674,https://x.com/VJ_The_Vigilant/status/1970325682426388674,The @Lions have put the whole NFL on notice.,2172873020,VJ_The_Vigilant,True,447,metro detroit,0,14,"September 23, 2025 at 03:13 AM"
1970325681864344014,https://x.com/TwoThang1/status/1970325681864344014,@NFL @NFLPlus Two thang says now that was a gutsy call and they followed with a touch down after this play I'll say it's a rap noting more to see here peoples a royal butt kicking at home ravens,758453617116405760,TwoThang1,False,206,"Los Angeles, CA",1,49,"September 23, 2025 at 03:13 AM"
1970325677397217301,https://x.com/CoryJennerjohn/status/1970325677397217301,The Lions are the most complete team in the NFL. They can beat you in so many ways.,409041244,CoryJennerjohn,False,1927,Wisconsin,0,27,"September 23, 2025 at 03:13 AM"
1970325677380346130,https://x.com/FumbleBR/status/1970325677380346130,"Eu tenho a impressão que todo mundo na NFL que esta jogando bem ja jogou nos dolphins e foram dispensados 

#NFLnaESPN",1958197872593137664,FumbleBR,True,46,,0,5,"September 23, 2025 at 03:13 AM"
1970325675732017587,https://x.com/tterb_/status/1970325675732017587,@woodwardsports @Lions @Ravens @NFL @AlabamaFTBL Liability,2235008190,tterb_,True,194,"Michigan, USA",0,52,"September 23, 2025 at 03:13 AM"
1970325670665519329,https://x.com/leslie_davis21/status/1970325670665519329,"After tonight - my teams are a combined 5-1 😆

🏈Turd Ferguson Tuddies &gt; 2-1
🏈Bakers Dozen of Tuddies &gt; 3-0 

@ESPNFantasy 

@NFL https://t.co/qMvBKDj18z",1579275074959511553,leslie_davis21,False,124,"Mobile, AL",0,2,"September 23, 2025 at 03:13 AM"
1970325669906391519,https://x.com/erickDszg/status/1970325669906391519,"@NFL_sts Valió barriga señor verga, que juegaso de todas formas, la siguiente semana ravens vs kc los dos necesitados de ganar, estará interesante",2943532807,erickDszg,False,22,,1,47,"September 23, 2025 at 03:13 AM"
1970325669486928179,https://x.com/themurphdog77/status/1970325669486928179,@minakimes Lamar has been made tonight. He is a 5-10 effective Qb in the NFL,1674841894592053248,themurphdog77,False,10,,1,27,"September 23, 2025 at 03:13 AM"
1970325668366885347,https://x.com/gladtobehear/status/1970325668366885347,@NFL_Memes What ghetto shithole you live in?,895116946097799168,gladtobehear,False,391,"New Jersey, USA",0,7,"September 23, 2025 at 03:13 AM"
1970325663753347180,https://x.com/btoop88/status/1970325663753347180,@Moore33Gaming @NFL @NFLPlus Love to see it ahahah,946542395340001280,btoop88,True,2103,"Mars, Outer Space",0,17,"September 23, 2025 at 03:13 AM"
1970325662759108835,https://x.com/facdto/status/1970325662759108835,@Tay2turrrnnt @NicholasSkeen1 @picksick_ @NFL_Talk_Sports Yeah i’m sure we wanted this bum 😂,1634545458906378241,facdto,False,80,,0,3,"September 23, 2025 at 03:13 AM"
1970325660859318627,https://x.com/notaracistbigot/status/1970325660859318627,"@Alexandre_NFL @WrestlePurists https://t.co/AIsvfRHvPV

Wednesday's Dynamite is set up for 1/4 of the building, with 3/4 tarps, because ""fans"" like you do nothing but talk talk talk while refusing to support the actual shows",1809100329868537857,notaracistbigot,False,77,,0,1,"September 23, 2025 at 03:13 AM"
1970325654882443384,https://x.com/NeufeldBra48489/status/1970325654882443384,Imagine giving up a 1st Down on 3rd &amp; 26 🤦‍♂️ #NFL,1715892098296111104,NeufeldBra48489,False,24,,0,7,"September 23, 2025 at 03:13 AM"
1970325652609081816,https://x.com/marinij_sports/status/1970325652609081816,"OK, Jared!   #marinfootball",14958968,marinij_sports,False,3979,"Marin County, CA",0,23,"September 23, 2025 at 03:13 AM"
1970325651396895226,https://x.com/zedd101x/status/1970325651396895226,@NFL_DovKleiman i understand him 😅,1530818339597172736,zedd101x,True,1292,on-chain ,0,2,"September 23, 2025 at 03:13 AM"
1970325650780086747,https://x.com/AdianKaibaNYY/status/1970325650780086747,@NFL_DovKleiman Mailk Nabers on the Giants,780269550969491456,AdianKaibaNYY,True,1046,"Youngstown, OH",1,86,"September 23, 2025 at 03:13 AM"
1970325639162142982,https://x.com/VintageHobbyGuy/status/1970325639162142982,@NFL_Memes Crashing hard,1897319910834831365,VintageHobbyGuy,True,3723,,0,44,"September 23, 2025 at 03:13 AM"
1970325638499164488,https://x.com/TheJamesPatrick/status/1970325638499164488,"Per Next Gen Stats, with the Ravens loss, the Bills have a 99.9 percent chance to secure the one seed in the AFC.

 https://t.co/ZlzMFG4pOe",55251583,TheJamesPatrick,True,1253,,0,47,"September 23, 2025 at 03:13 AM"
1970325637161509128,https://x.com/JeffDarlington/status/1970325637161509128,What a play call! What a throw! https://t.co/pjTyGnVmM8,26144265,JeffDarlington,True,304382,Fort Lauderdale,32,2354,"September 23, 2025 at 03:13 AM"
1970325630647767441,https://x.com/Cjswrld_2/status/1970325630647767441,NFL twitter mainstay,1939162952872984576,Cjswrld_2,False,316,"New York, USA",0,7,"September 23, 2025 at 03:13 AM"
1970325629397614949,https://x.com/TheSuperAJ/status/1970325629397614949,Maybe the most impressive win of the NFL season. On both sides of the ball. I guess that answers the questions about the Lions coordinators.,297033436,TheSuperAJ,False,14150,"Ottawa, ON",1,103,"September 23, 2025 at 03:13 AM"
1970325629099765983,https://x.com/kevinareco20/status/1970325629099765983,"TD y Game Over, cortesía de David Montgomery #OnePride #NFL #NFLxESPN 🏈🇺🇸",2418459413,kevinareco20,False,1027,"Federación, Entre Ríos 🇦🇷",0,71,"September 23, 2025 at 03:13 AM"
1970325628172881934,https://x.com/Footballguys/status/1970325628172881934,gotta know if anyone won their week off this Monty TD https://t.co/5R1l5HJGJh,32912153,Footballguys,True,36178,,1,302,"September 23, 2025 at 03:13 AM"
1970325624133701857,https://x.com/cdubbetz/status/1970325624133701857,Lions recorded the most sacks of all time on Lamar tonight and D mont just broke his all time rushing record in a single game. LETS GO LIONS #nfl #lionsvsravens,1239808508377419776,cdubbetz,False,9,,0,48,"September 23, 2025 at 03:13 AM"
1970325619683795090,https://x.com/Kuchar1992/status/1970325619683795090,"People like to shit on Goff but he’s a top 5-7 QB in the NFL

#NFL #NFLTwitter #mnfxespn",58633252,Kuchar1992,False,248,New Hampshire,0,8,"September 23, 2025 at 03:13 AM"
1970325612188574115,https://x.com/CoinandCloud/status/1970325612188574115,@brgridiron @NFL Monty! Lions played well today,1613767662722482176,CoinandCloud,True,504,,0,64,"September 23, 2025 at 03:13 AM"
1970325608019218631,https://x.com/TheNotoriousOLU/status/1970325608019218631,Ravens Oline flirting with the NFL record of sacks given up in a game,1762120475814072320,TheNotoriousOLU,True,2602,"Texas, USA",1,48,"September 23, 2025 at 03:13 AM"
1970325601077899537,https://x.com/prettyguapbabii/status/1970325601077899537,o qb mais móvel da nfl foi sackado 7 VEZES HOJE,1099846105586647040,prettyguapbabii,False,146,"Cincinnati, OH",0,0,"September 23, 2025 at 03:13 AM"
1970325597932171437,https://x.com/erle4real/status/1970325597932171437,The Lions are a great example of why you hire a former NFL lineman to coach your offensive linemen instead of your out of shape son who looks like a lineman,1663716977649799169,erle4real,False,65,,0,15,"September 23, 2025 at 03:13 AM"
1970325597890191865,https://x.com/realTadiAbedje/status/1970325597890191865,"The Detroit Lions make a huge statement against the Baltimore Ravens. They ran the ball at will and were aggressive in their play-calling on both sides of the ball, showing why they’re the embodiment of their head coach Dan Campbell!!

#OnePride #NFL",37364756,realTadiAbedje,False,7966,DM(V),3,150,"September 23, 2025 at 03:13 AM"
1970325593616269336,https://x.com/stil1dreaming99/status/1970325593616269336,@XizynaHunzuna @overtime @NFL You wouldn’t understand. You never been passionate about something that it made you emotional when it isn’t going your way. And that’s okay not everyone has that type of hunger in them.,1737008451006365696,stil1dreaming99,True,26,,0,11,"September 23, 2025 at 03:13 AM"
1970325593372926353,https://x.com/colorblind59/status/1970325593372926353,If the nfl isn’t scripted idk why the fuck the ravens run backwards 15 yards every fucking play since the first quarter,310305695,colorblind59,False,253,,0,38,"September 23, 2025 at 03:13 AM"
1970325592793825306,https://x.com/BigZ_606Media/status/1970325592793825306,"After recent performances, there's optimism for the Bears to score big against the Raiders. One commentator predicts a Bears victory, citing Caleb Williams' potential game-winning drive in the fourth quarter. #NFL #Bears https://t.co/DEcoNyuL5m",951809406,BigZ_606Media,False,376,"Chicago, IL",0,14,"September 23, 2025 at 03:13 AM"
1970325588406935694,https://x.com/GolfDudeGaming/status/1970325588406935694,@NFL_DovKleiman I've been listening to Brady since he started his broadcasting career....he says some of the most off the wall shxt!,1272254496358273029,GolfDudeGaming,True,98,USA,0,7,"September 23, 2025 at 03:13 AM"
1970325587698033062,https://x.com/takendishsports/status/1970325587698033062,Ladies and Gents. Let this sink in. Either the Ravens or the Chiefs will be 1-3 by next weekend @NFL https://t.co/b1YaKOpGp9,1101935115079507973,takendishsports,False,32,,0,28,"September 23, 2025 at 03:13 AM"
1970325583188865534,https://x.com/WhiteMike410/status/1970325583188865534,"@All_22_NFL_Cuts i think we just got exposed tonight…gave up over 200 rushing and 7sacks!!! We didn’t address the offensive line and maybe missed on the defensive line picks, who knows but i think we need a change",1363482181,WhiteMike410,False,71,baltimore maryland,0,7,"September 23, 2025 at 03:13 AM"
1970325580836147567,https://x.com/WillyQ/status/1970325580836147567,"Mi equipo de NFL Fantasy como mi vida amorosa, en la mierda.",386900669,WillyQ,False,1620,Guatemala,0,3,"September 23, 2025 at 03:13 AM"
1970325579280065011,https://x.com/Freed_Saint/status/1970325579280065011,@fashion_nfl My kind of football.,1770853321709961216,Freed_Saint,False,136,Heaven,0,29,"September 23, 2025 at 03:13 AM"
1970325579024212218,https://x.com/joshw0530/status/1970325579024212218,What a win for Detroit!,367588981,joshw0530,False,3036,"Columbus, Ohio",0,10,"September 23, 2025 at 03:13 AM"
1970325577191289176,https://x.com/WillSommers2/status/1970325577191289176,"Week 1 was a fluke.

Lions are the best team in the NFL",853467946517241857,WillSommers2,False,3438,,1,35,"September 23, 2025 at 03:13 AM"
1970325577140940803,https://x.com/masoncapitalllc/status/1970325577140940803,"Breaking @NFL News :

@Lj_era8 Sucks 

@Ravens",1336174938525368320,masoncapitalllc,True,485,,0,23,"September 23, 2025 at 03:13 AM"
1970325576658624725,https://x.com/TsunamiRich/status/1970325576658624725,"@mspears96 The ravens are the clippers of the nfl 
They got a roster full of talent 
Championship head coach
But they are mentally soft, and cant deal with adversity",220114714,TsunamiRich,False,99,🇯🇲,0,34,"September 23, 2025 at 03:13 AM"
1970325575324618780,https://x.com/Cryptopuppetmas/status/1970325575324618780,@NFL corrupt bastards.,950248910995578880,Cryptopuppetmas,True,525,United States,0,5,"September 23, 2025 at 03:13 AM"
1970325573533868301,https://x.com/N0l0veforyou/status/1970325573533868301,#nfl LAMARS A FRAUDDDDD #JA17 on top!,1016590632293490689,N0l0veforyou,False,56,In yo girls fluffy slippers😈,0,46,"September 23, 2025 at 03:13 AM"
1970325572849987841,https://x.com/SportsOnly____/status/1970325572849987841,"DAVID MONTGOMERY. TOUCHDOWN. LIONS. 💨
#NFL https://t.co/hmATY9Ao0B",1816478532505313280,SportsOnly____,False,51,,0,50,"September 23, 2025 at 03:13 AM"
1970325570928939479,https://x.com/tylerbarberis_/status/1970325570928939479,"The year is 2025. The Ravens have an All-Pro LB, two All-Pro cornerbacks, an All-Pro safety, two top defensive prospects from the previous NFL draft.

The Ravens pride themselves on smash mouth football. Being physical. Out-working the opponent. Run the football down your throat. Having the best defense in football and not losing at home. 

The Ravens just got dog walked 38-24 on Monday Night Football, two weeks removed from blowing a 17 point lead in the 4th quarter vs the Buffalo Bills. 

This era of Ravens football needs a change. That change starts with John Harbaugh and the defensive coordinator.",821917440581992448,tylerbarberis_,True,1825,"Baltimore, MD",1,64,"September 23, 2025 at 03:13 AM"
1970325570845016480,https://x.com/MocTano33/status/1970325570845016480,The Detroit Lions offensive line are the real MVP of this game #lionsvsravens #NFL #Detroit,1504034260658929665,MocTano33,False,21,,0,50,"September 23, 2025 at 03:13 AM"
1970325565757431892,https://x.com/LaborerCat/status/1970325565757431892,"@BobbySkinner_ @BobPapa_NFL So Bob is paid by the Giants,right?",96477846,LaborerCat,False,348,Forgottonia,0,9,"September 23, 2025 at 03:13 AM"
1970325562238386351,https://x.com/detcarhimothy/status/1970325562238386351,@NFL @NFLPlus dan campbell lions in primetime https://t.co/xueEuPEmXk,1056874098893119488,detcarhimothy,False,29,,0,4,"September 23, 2025 at 03:13 AM"
1970325556626350520,https://x.com/gunambu/status/1970325556626350520,"o placar n foi elastico exclusivamente pelo talento do Lamar Jackson, pq esse foi um dos maiores amassos q eu vi nos ultimos anos 

a defesa do Lions fez oq quis com essa OL porca do Ravens, tanto q teve 7 sacks

e o ataque eu nem preciso comentar ne? o melhor playbook da NFL",724209921332523008,gunambu,False,95,"São Paulo, Brasil",1,120,"September 23, 2025 at 03:13 AM"
1970325555552678185,https://x.com/Ecnerwal23/status/1970325555552678185,This is the win of the season in the #NFL,74191033,Ecnerwal23,False,34787,"Uptown, Chicago",2,195,"September 23, 2025 at 03:13 AM"
1970325554361729355,https://x.com/BengeHustlee/status/1970325554361729355,"THAT’S RIGHT!!! 🏈🙌🏻

#MNF #NFL #DetroitLions #BaltimoreRavens #LionsForSuperBowl",1819127717344002048,BengeHustlee,True,53,"Dayton, OH",0,33,"September 23, 2025 at 03:13 AM"
1970325550213591295,https://x.com/CCIE_24825/status/1970325550213591295,@0xPakachi @NFL @Lions @NFLPlus Yeah 38-24… horrible offense against one of the best teams in the nfl.,1745674726033240065,CCIE_24825,True,22,,0,22,"September 23, 2025 at 03:13 AM"
1970325549693157480,https://x.com/V2mare_/status/1970325549693157480,@mthang5150 @NFL Make that 7,1242208879490076673,V2mare_,False,79,"England, United Kingdom",0,2,"September 23, 2025 at 03:13 AM"
1970325546493231298,https://x.com/wtalleyIII/status/1970325546493231298,Yeah this NFL shit rigged. I’m done. No excuse why Lamar Jackson isn’t looking Zay Flowers way. #Vegas,864925108078555136,wtalleyIII,False,241,"Carmel, IN",4,307,"September 23, 2025 at 03:13 AM"
1970325543296934065,https://x.com/tyler_talks_nfl/status/1970325543296934065,Justice Hill just won Angry Runs for week 3,1887967362537709568,tyler_talks_nfl,False,11,,0,124,"September 23, 2025 at 03:13 AM"
1970325542059598175,https://x.com/kenarts69/status/1970325542059598175,@allenanalysis He will be gone soon. They need to choose between Kimmel or NFL/ESPN deal.,787488079800070145,kenarts69,False,47,"New Jersey, USA",0,4,"September 23, 2025 at 03:13 AM"
1970325541753676160,https://x.com/mrmikewinch/status/1970325541753676160,"@RamsSteve @soulreaper313 @seattlerams_nfl He's sleeping, so I am glad I have these screenshots so I can break down how wild this was.",61386043,mrmikewinch,False,1913,"Syracuse, NY",0,3,"September 23, 2025 at 03:13 AM"
1970325540247900210,https://x.com/elfernan97/status/1970325540247900210,"@NFL_sts A partir de ese fumble, RIP Baltimore…",720741761744654336,elfernan97,False,450,The World,1,58,"September 23, 2025 at 03:13 AM"
1970325539937198182,https://x.com/NotAcrisure/status/1970325539937198182,Ravens are 1-2. 🤣 FUCK EM. #NFL #mnfxespn,1770090324376924160,NotAcrisure,False,321,"Pittsburgh, PA",0,36,"September 23, 2025 at 03:13 AM"
1970325538976813314,https://x.com/RunUpChecks90/status/1970325538976813314,@Lions 👏🏽👏🏽👏🏽👏🏽 #NFL https://t.co/GYBYNqeLQB,1051307485,RunUpChecks90,False,235,"Chicago, IL",0,16,"September 23, 2025 at 03:13 AM"
1970325534283530506,https://x.com/ChillPhillipe/status/1970325534283530506,Fucc you !,109012974,ChillPhillipe,False,855,Rialto CA ,0,13,"September 23, 2025 at 03:13 AM"
1970325533486428237,https://x.com/brgridiron/status/1970325533486428237,"DAVID MONTGOMERY CALLS GAME.

(via: @NFL)

https://t.co/NuBmh1ZbjL",35890043,brgridiron,True,956750,,69,3579,"September 23, 2025 at 03:13 AM"
1970325532148420755,https://x.com/aquisie/status/1970325532148420755,Greatest non-conference QB in NFL history just MELTED man,2861471206,aquisie,False,133,Europe,0,4,"September 23, 2025 at 03:13 AM"
1970325529070080504,https://x.com/KingSmoove009/status/1970325529070080504,@NFL @NFLPlus GN https://t.co/Fb0LfYkByl,1543236478377103360,KingSmoove009,True,940,,0,52,"September 23, 2025 at 03:13 AM"
1970325527438237753,https://x.com/SpeedLimitIs55/status/1970325527438237753,"@BuffaloRyann There's a reason I stick to college football more. I don't know why, but they always just seem better than NFL games for the most part.",1969187613858021376,SpeedLimitIs55,False,88,Interstate,0,9,"September 23, 2025 at 03:13 AM"
1970325526611902503,https://x.com/WIguyinMN/status/1970325526611902503,@BenFennell_NFL Man do I wish he could have worked his way to a better team this offseason.,2283784752,WIguyinMN,False,203,,0,4,"September 23, 2025 at 03:13 AM"
1970325524984861152,https://x.com/Thescaredshadow/status/1970325524984861152,Lamar Jackson tonight. #NFL https://t.co/mdSHUxLE8w,3525239175,Thescaredshadow,False,198,"Massachusetts, USA",0,40,"September 23, 2025 at 03:13 AM"
1970325524938690885,https://x.com/RadFinch/status/1970325524938690885,@NFL @NFLPlus It’s a done deal for Detroit!,794755878,RadFinch,False,6177,Where My Heart Is. ,0,6,"September 23, 2025 at 03:13 AM"
1970325524498292875,https://x.com/HunchoGambles/status/1970325524498292875,been watching film &amp; doing heavy research for NFL Week 4 since last night. I found 9 plays that I love. Imma try to crank out an article tonight &amp; post it. I want to test the  watch film right away &amp; get the value. So far we’re looking like a fockin NFL sharp 🍯 https://t.co/YO3AlSCLH2,1541119281299132416,HunchoGambles,True,33086,idk,3,160,"September 23, 2025 at 03:13 AM"
1970325523654951151,https://x.com/m_vandy27/status/1970325523654951151,@Ravens OUR OFFENSIVE LINE SUCKS. FALAALE DOESNT DESERVE A ROSTER SPOT IN THE NFL,501883556,m_vandy27,False,229,,0,34,"September 23, 2025 at 03:13 AM"
1970325520111018025,https://x.com/Gotya13x/status/1970325520111018025,@NFL_DovKleiman Not a curl lol,2265458568,Gotya13x,False,155,"Miramar, FL",0,4,"September 23, 2025 at 03:13 AM"
1970325517082730840,https://x.com/WVfunnyguy/status/1970325517082730840,"These Lions can’t be tamed! What a game!
@NFL",90744460,WVfunnyguy,True,35071,"West Virginia, USA",0,32,"September 23, 2025 at 03:13 AM"
1970325517032398928,https://x.com/AustinFiesel/status/1970325517032398928,Get Lamar a oline #nfl,1445790695537582094,AustinFiesel,False,91,,0,28,"September 23, 2025 at 03:13 AM"
1970325514880450613,https://x.com/TruuGawd/status/1970325514880450613,Ravens had a sack in 57 straight games was a NFL record. Lions end that,385188119,TruuGawd,False,1320,BBU Alum 😈,0,75,"September 23, 2025 at 03:13 AM"
1970325512255107377,https://x.com/StevenjujJu/status/1970325512255107377,"wow lions run over and through the ravens @temptherat 
#NFL",1877228809658814465,StevenjujJu,False,95,europe,0,66,"September 23, 2025 at 03:13 AM"
1970325512066117935,https://x.com/r1lwy/status/1970325512066117935,Im done betting before i fly out &amp; fuck one of them NFL playing ass n**gas up 💯,1894645651796856833,r1lwy,False,8,"New York, NY",0,6,"September 23, 2025 at 03:13 AM"
1970325510216655125,https://x.com/SportsNGaming98/status/1970325510216655125,"@Ravens are not winning anything  this year. Lamar is scared to throw, Henry is a fumble machine, zay isn't getting the ball, Mark wasn't fed enough, horrible play calling, bad o line, bad defense. Embarrassing loss at home for the Ravens!!!  #MNF #NFL #Lions #Ravens",1690587923794857984,SportsNGaming98,False,23,,0,140,"September 23, 2025 at 03:13 AM"
1970325507058135079,https://x.com/Blaq__bobby/status/1970325507058135079,@NFL @NFLPlus LFG🚀🚀,1521405260547469312,Blaq__bobby,True,1537,,0,23,"September 23, 2025 at 03:13 AM"
1970325506105987250,https://x.com/Profiler_Now/status/1970325506105987250,THE KILLING BLOW,1412526376167555073,Profiler_Now,True,4057,,1,80,"September 23, 2025 at 03:13 AM"
1970325504700879148,https://x.com/Guranteed_Locks/status/1970325504700879148,@nazeaster not gonna lie you need to stay away from bfl. TERRIBLE read on goff when they have montgomery and gibbs running it in everyone. NBA next month you got time to focus on other shi than nfl,1620470190642176006,Guranteed_Locks,False,170,Click here 👉,0,28,"September 23, 2025 at 03:13 AM"
1970325504671785373,https://x.com/StevenEmbre/status/1970325504671785373,"@CFL About time. Only 2 teams in the league are making money.
Moving the goals posts back is a no brainer (NFL did it in '67)
Tightening up the end zones is a good idea, providing
there is enough talent in the league to make more precise passes/catches ( a debatable point).",905017271692607488,StevenEmbre,False,12,,0,2,"September 23, 2025 at 03:13 AM"
1970325501257330907,https://x.com/Pete997911/status/1970325501257330907,"Lamar Jackson is fucking ASS.
He’s not even in the same convo as Josh Allen.
#nfl",1850359610370146304,Pete997911,True,336,🇺🇸 USA 🇺🇸 ,0,76,"September 23, 2025 at 03:13 AM"
1970325499613454590,https://x.com/poe_h/status/1970325499613454590,@NFL_sts La verdad es que en tu análisis recomendabas Detroit +7.5 y el over. Ambos se dieron caminando,109023045,poe_h,False,113,Baja California,1,66,"September 23, 2025 at 03:13 AM"
1970325498715615720,https://x.com/TheForman__/status/1970325498715615720,Its hard to watch an NFL game now when everyone seems aware of the spreads on each game.,1188630624455872513,TheForman__,False,189,Wi,0,4,"September 23, 2025 at 03:13 AM"
1970325496614539331,https://x.com/GulfOfAmer1ca/status/1970325496614539331,Roger Goodell has destroyed the NFL. This is nothing but an arcade league. No defense allowed. is this actually fun for people to watch? Flag football? #DETvsBAL,1752531900449648640,GulfOfAmer1ca,False,162,States Of America,0,94,"September 23, 2025 at 03:12 AM"
1970325496035447250,https://x.com/LifeOfBeamerboi/status/1970325496035447250,Josh Allen is better then Lamar go argue with your father 😂 #NFL,1855557687720767488,LifeOfBeamerboi,False,6,"Buffalo, NY",0,43,"September 23, 2025 at 03:12 AM"
1970325495771255265,https://x.com/Barbsoutgolfing/status/1970325495771255265,@NFL_DovKleiman NFL.,1775981767746367488,Barbsoutgolfing,False,614,,0,0,"September 23, 2025 at 03:12 AM"
1970325495657996712,https://x.com/lexyarnold/status/1970325495657996712,This tantrum is still funnier. #NFL https://t.co/MO9Gb5yqCl,1523252767,lexyarnold,True,4338,,0,34,"September 23, 2025 at 03:12 AM"
1970325492973871476,https://x.com/MoneyLeagueFB/status/1970325492973871476,"With how many peanut punches there are in the NFL these days, you'd think Charles Tillman invented the fumble. HOF worthy impact",1682428008056131584,MoneyLeagueFB,False,129,,0,8,"September 23, 2025 at 03:12 AM"
1970325492428423222,https://x.com/Zepp1978/status/1970325492428423222,Watching these two teams play on MNF and I’m just so jealous. I bet their fandoms take competent NFL offense for granted. As fans of well run organizations should do. #MNF,1394337360868003847,Zepp1978,False,6636,Texas,3,51,"September 23, 2025 at 03:12 AM"
1970325491266801919,https://x.com/SoyLuisOso/status/1970325491266801919,"@NFL_sts Valió pito
Ni pedo 😭",477103075,SoyLuisOso,False,330,,1,37,"September 23, 2025 at 03:12 AM"
1970325485864509923,https://x.com/Andy_Stats/status/1970325485864509923,@playdoitmexico @NFL Los lunes pasan cositas y se cobra de la mano de Lions ✅💸,1882647545215897600,Andy_Stats,False,67,Casino,0,13,"September 23, 2025 at 03:12 AM"
1970325480927830308,https://x.com/PaulAllan5/status/1970325480927830308,"The appeal of the CFL is its uniqueness. The Grey Cup, the size of the field, the rouge, three downs, motion before the snap, the 55-yard line, 12 players. Not sure that a few rule changes will mean more spectators. I’m curious, though. Wondering if the NFL was consulted.",360098209,PaulAllan5,False,2401,"Eagle Lake, Minn.",0,31,"September 23, 2025 at 03:12 AM"
1970325472300216403,https://x.com/MrJoelGarcia9/status/1970325472300216403,Lamar Jackson is the Philip Rivers of this generation. #NFL #MNF,21982746,MrJoelGarcia9,False,600,"San Diego, CA",0,60,"September 23, 2025 at 03:12 AM"
1970325467799617879,https://x.com/FanDuelPicks/status/1970325467799617879,@NFL @NFLPlus Iced the game 🥶,15270132,FanDuelPicks,True,53256,,0,278,"September 23, 2025 at 03:12 AM"
1970325461616992475,https://x.com/MikerophoneNFL/status/1970325461616992475,"And now David Montgomery caps off a Lions 200+ yard rushing day with a TD 🔥

The Lions put the Ravens D on notice tonight. 

 https://t.co/hq5XdQi6Mt",1442545244763934728,MikerophoneNFL,True,19169,"Los Angeles, California",2,176,"September 23, 2025 at 03:12 AM"
1970325461130441102,https://x.com/WHOOOOOOOOOOA/status/1970325461130441102,@woodwardsports @Lions @Ravens @NFL @AlabamaFTBL played a great second half,1618380084968148993,WHOOOOOOOOOOA,False,14,,0,85,"September 23, 2025 at 03:12 AM"
1970325460870692923,https://x.com/sal_es004/status/1970325460870692923,@NFL_Memes 🤣🤣🤣,1943307048034381824,sal_es004,False,5,United States,0,22,"September 23, 2025 at 03:12 AM"
1970325460702855351,https://x.com/theDYNAMICS/status/1970325460702855351,Over.,23736901,theDYNAMICS,False,13536,"Toronto, Canada",0,143,"September 23, 2025 at 03:12 AM"
1970325458786140523,https://x.com/WolverineRoar/status/1970325458786140523,"J ared Goff is a TOP 5 QB in the NFL
#OnePride https://t.co/q7FamIrhcb",1275145256833433600,WolverineRoar,True,508,"Huntington Beach, CA",0,14,"September 23, 2025 at 03:12 AM"
1970325456609255881,https://x.com/adluca98/status/1970325456609255881,@NFL @NFLPlus O que esse homem correu não tá escrito,730926343798542336,adluca98,False,229,"Brasília, Brasil",0,8,"September 23, 2025 at 03:12 AM"
1970325455581454445,https://x.com/simoneseze2/status/1970325455581454445,@jack_sperry @jerm_PGH Is your job really an NFL analyst? Someone pays you to comment on professional football and you actually wrote that firing Mike Tomlin is a possibility?,1590564523144085505,simoneseze2,False,8,,0,6,"September 23, 2025 at 03:12 AM"
1970325448308785309,https://x.com/JaxterFett/status/1970325448308785309,"The New York giants couldn’t handle the Kansas City Chiefs, and are getting officially sent back to the XFL 😱😞

#NFL #JaxterfettNFL #Jaxterfett #NFLMemes #nfl2025 #Memes #Footballmemes #NFLFans #NFLGameDay #FootballSeason #SundayFootball https://t.co/PLZb0ovZJn",1792685110107811840,JaxterFett,False,200,,0,12,"September 23, 2025 at 03:12 AM"
1970325445494153396,https://x.com/srenner22/status/1970325445494153396,@dishingtherock @NFL_DovKleiman You know ball,340717216,srenner22,False,383,"Hightstown, NJ",0,7,"September 23, 2025 at 03:12 AM"
1970325445326565473,https://x.com/FarabaughFB/status/1970325445326565473,An aside to this — Reggie White’s first NFL season coming when he was 24 and him getting 108 sacks before he turned 30 is nuts lol,736782056571731968,FarabaughFB,False,36270,"Pittsburgh, PA",11,1265,"September 23, 2025 at 03:12 AM"
1970325443170705765,https://x.com/clonesjer/status/1970325443170705765,"One more! That David Montgomery's 54th career NFL rushing touchdown. 
He's now tied for 74th all-time with some BIG names: Matt Forte, Arian Foster, Antowain Smith and Jonathan Taylor 👀!!!",191834892,clonesjer,False,1721,,5,113,"September 23, 2025 at 03:12 AM"
1970325441795043667,https://x.com/yannpez/status/1970325441795043667,o melhor scrambler da nfl foi engolido pelos leões,17665703,yannpez,False,332,curbita,0,2,"September 23, 2025 at 03:12 AM"
1970325440092066097,https://x.com/Brothersdear/status/1970325440092066097,"@NFL @Lions @NFLPlus Wow, Derrick Barnes is on fire! That sack on 3rd down was huge for the Lions! Love seeing the defense step up like that. Let’s keep this momentum going!",1776804609459109888,Brothersdear,False,161,,0,41,"September 23, 2025 at 03:12 AM"
1970325438879629444,https://x.com/Vikesfan2777/status/1970325438879629444,@JoeA_NFL Yes like 40% of them but the ones I have seen he has played well,918109724318617601,Vikesfan2777,False,1100,"Minnesota, USA",0,13,"September 23, 2025 at 03:12 AM"
1970325438083088783,https://x.com/DeadLock_21/status/1970325438083088783,@mspears96 U and NFL crew should have NEVER doubted the Detroit Lions 🦁 https://t.co/6i9n99Bj9O,1429158525981184003,DeadLock_21,False,133,,0,52,"September 23, 2025 at 03:12 AM"
1970325433959723028,https://x.com/M1K3EvansTD/status/1970325433959723028,@Bucmike17 @td_nash The GSOT Rams were incredible led by him coming absolutely out of nowhere—it would like if UFL passing leader Luis Perez led the Texans to their first Super Bowl and won NFL and Super Bowl MVP.,1395424113997631491,M1K3EvansTD,False,2100,,0,9,"September 23, 2025 at 03:12 AM"
1970325432831541685,https://x.com/wachtober/status/1970325432831541685,Lamar Jackson has been sacked an NFL record 37 times tonight,1765079710139375616,wachtober,False,218,"Kansas City, MO",0,59,"September 23, 2025 at 03:12 AM"
1970325432626225227,https://x.com/danielfigueroa5/status/1970325432626225227,"Lamar Jackson lleva 7 años en la NFL.
Le han traído a uno de los mejores corredor de los últimos 20 años, defensa de primer nivel y no ha llegado ni al Súper Bowl.

Cada juego importante lo pierde, pero dicen los expertos que es elite y espectacular….

#NFL   #MNf",87217784,danielfigueroa5,False,987,,0,83,"September 23, 2025 at 03:12 AM"
1970325431166578850,https://x.com/gofthecooltable/status/1970325431166578850,Judging by my nfl updates my uncle about to be pissed lol,1212209350992773120,gofthecooltable,False,738,"San Antonio, TX",0,3,"September 23, 2025 at 03:12 AM"
1970325429363102095,https://x.com/FlowersJuanma/status/1970325429363102095,"@NFL_sts No pasa nada, una semana más. A mí Henry me fallo por 17 yardas (y un fumble horrible cuando todavía tenían un respiro)",1818754881777197056,FlowersJuanma,False,24,"Puebla, México",1,91,"September 23, 2025 at 03:12 AM"
1970325428675191284,https://x.com/AiBetsDaily/status/1970325428675191284,"Fuck the nfl.

7/7 get CLV.

6 lose.

That’s a tough sport to beat.",1479715354930597890,AiBetsDaily,False,453,"North Pole, AK",0,6,"September 23, 2025 at 03:12 AM"
1970325427840258417,https://x.com/FrankLoncz/status/1970325427840258417,@NFL_Memes Do you have a meme for Harbaugh’s tiny lil nuts?,289498596,FrankLoncz,False,736,"Davidson, NC",0,95,"September 23, 2025 at 03:12 AM"
1970325424673530018,https://x.com/PlayerPropX/status/1970325424673530018,@espn @NFL He's such a difference maker. BHe stands out on the field.  It's been a while since i've seen lamar jackson rattled and sacked so much in 1 game,1715732882050764801,PlayerPropX,True,5,,0,119,"September 23, 2025 at 03:12 AM"
1970325422354358427,https://x.com/Lamp0053/status/1970325422354358427,One thing I noticed in this #lions and #baltimore game is the skilled offensive players more with other players than the o line it’s not just them see it all over the nfl why is that? #mondaynightfootball,1566689620808581120,Lamp0053,False,128,,0,48,"September 23, 2025 at 03:12 AM"
1970325421246796201,https://x.com/codybtapp/status/1970325421246796201,Ravens have given up the most points in the NFL this season but I fear the Chiefs are not in a position to take advantage of that at the moment being this short handed,937203962,codybtapp,False,31570,Kansas City,15,428,"September 23, 2025 at 03:12 AM"
1970325419225391211,https://x.com/Lakers_310/status/1970325419225391211,"Lions showed out tonight on primetime.

Best run game in the NFL that looks Superbowl worthy.

Ravens seemed destined for yet another late playoff exit.",54412090,Lakers_310,False,2110,"Los Angeles, CA via Inglewood",1,104,"September 23, 2025 at 03:12 AM"
1970325416822047176,https://x.com/kenpomp/status/1970325416822047176,@NFL @NFLPlus #Ravens were punked tonight on both lines of scrimmage,557249871,kenpomp,False,1125,Not quite a mile high,0,52,"September 23, 2025 at 03:12 AM"
1970325415454810422,https://x.com/Noschgotfee__/status/1970325415454810422,I hate nfl and these sorry ass players I’m tired of donating to hardrock,1754222247449858048,Noschgotfee__,False,371,,0,5,"September 23, 2025 at 03:12 AM"
1970325415379062959,https://x.com/Alex_Chatman/status/1970325415379062959,Considering the state its O-Line and Defense is in. I'm writing off the Baltimore Ravens this season. Pure Trash and maybe they have hope for 2026 I'd they Fire John Harbaugh and the rest of the coaching staff. #NFL,35035252,Alex_Chatman,False,2010,"Chicago,IL. he/him",0,94,"September 23, 2025 at 03:12 AM"
1970325415186309583,https://x.com/HiramLeiva/status/1970325415186309583,"Wow.
Esos Lions son serios, pero serios contendientes al Super Bowl.
#NFL 🏈",58616194,HiramLeiva,False,405,Guatemala,0,28,"September 23, 2025 at 03:12 AM"
1970325410735866091,https://x.com/akamaxpower/status/1970325410735866091,"@NFL_Memes Eh, just another game for that guy",131920651,akamaxpower,False,836,"MIlwaukee, WI",0,54,"September 23, 2025 at 03:12 AM"
1970325410404532602,https://x.com/IiVaccarie77402/status/1970325410404532602,@NFL_Memes Is that @tomsegura 👀,1719809385122185217,IiVaccarie77402,False,4154,"Reynoldsburg, OH",1,8,"September 23, 2025 at 03:12 AM"
1970325410287358176,https://x.com/jguchi_/status/1970325410287358176,https://t.co/vkwahLczOt,709172158858022912,jguchi_,False,225,"Oahu, HI - Las Vegas, NV",0,27,"September 23, 2025 at 03:12 AM"
1970325409087803521,https://x.com/NoahAdamany/status/1970325409087803521,"I don’t want to be negative on Victory Monday, but the Bears let David Montgomery walk in 2023. 

He’s exactly the running back they need right now.",467892566,NoahAdamany,False,875,"Milwaukee, WI",1,58,"September 23, 2025 at 03:12 AM"
1970325404893454490,https://x.com/DaveKerner/status/1970325404893454490,The Ravens continue their disappointment tour when push comes to shove..#NFL,323539083,DaveKerner,True,2902,Grayslake IL,0,65,"September 23, 2025 at 03:12 AM"
1970325404289515748,https://x.com/J19_Gaming89/status/1970325404289515748,"Another sack by the Lions defense again!! HOLY SHIT!! 7 sacks on the night!! 😲🔥🔥🔥🔥 
#OnePride #NFL #MNF",1888868779339264001,J19_Gaming89,False,524,,0,57,"September 23, 2025 at 03:12 AM"
1970325401374167086,https://x.com/Girthcarlo/status/1970325401374167086,@MichaelBoccher @NFL How the fuck do you watch this game and think any of it is on Lamar😂😂😂,1154083338296135681,Girthcarlo,False,76,,3,36,"September 23, 2025 at 03:12 AM"
1970325401043116153,https://x.com/EvanderSmartBTC/status/1970325401043116153,"@NFL_DovKleiman Really a bent over one-arm row, but he's using so many muscles.  A true compound exercise...",1588129424586719232,EvanderSmartBTC,True,2376,Brooklyn,0,2,"September 23, 2025 at 03:12 AM"
1970325399780401299,https://x.com/D_lowww/status/1970325399780401299,@NFL @NFLPlus Ravens aren’t winning the SB with this defense that’s for sure,364583912,D_lowww,False,216,,0,63,"September 23, 2025 at 03:12 AM"
1970325398727881169,https://x.com/DominicMistone/status/1970325398727881169,"Lamar Jackson is a great Fantasy football player but only an average NFL quarterback, let me know when he wins a big game.",1278118916049367040,DominicMistone,False,46,,0,126,"September 23, 2025 at 03:12 AM"
1970325395628237262,https://x.com/Strongirly/status/1970325395628237262,"Los tipsters cuando ganan, no dejan de hacer tweets con el ego bien alto, casi quieren q les besen los pies y se llaman así mismo con adjetivos ""soy único"" ""estoy imparable"" pero pierden y desaparecen, no dicen ni pio, la nfl los expone,  porque no analizan ni verga, malos todos",1918131705950683138,Strongirly,False,23,,0,2,"September 23, 2025 at 03:12 AM"
1970325395586326756,https://x.com/GuncleGarBear/status/1970325395586326756,Seems that there’s been a sea change in the #NFL in terms of going for it on 4th downs. no longer seems like an automatic FG opportunity.,248962134,GuncleGarBear,False,259,USA,0,1,"September 23, 2025 at 03:12 AM"
1970325394198012131,https://x.com/NotATro84459817/status/1970325394198012131,@Chicago_NFL No buddy.,1611248752219627521,NotATro84459817,False,49,,0,5,"September 23, 2025 at 03:12 AM"
1970325391467540808,https://x.com/StanyeEast/status/1970325391467540808,"@NFL_DovKleiman Deuces, baseball...you sucked while you were here and we'll always remember how much you sucked when you're gone...that's what you get for claiming you have a bunch of lame ass rules, some of which aren't even rules, losers",28484721,StanyeEast,False,145,"NC, USA, by way of the Garden",0,0,"September 23, 2025 at 03:12 AM"
1970325391446565172,https://x.com/zhengleo747/status/1970325391446565172,@NFL @NFLPlus The fumble king and fake MVP be like: https://t.co/3KvX9CLtof,1567236334661640192,zhengleo747,False,11,Ur a scammer ,0,16,"September 23, 2025 at 03:12 AM"
1970325391287214202,https://x.com/danielmcmasters/status/1970325391287214202,@NFL_DovKleiman The giants with Saquan Barkley and daniel jones?,47373735,danielmcmasters,False,244,,1,150,"September 23, 2025 at 03:12 AM"
1970325389760438431,https://x.com/yxzJCi4nM5SgWTN/status/1970325389760438431,こんなチームに優勝して欲しいって思ってしまった。ライオンズは芯がブレなくて本当に力強い。,1576208994267725825,yxzJCi4nM5SgWTN,False,32,,0,20,"September 23, 2025 at 03:12 AM"
1970325389177430385,https://x.com/BuffaloMuse/status/1970325389177430385,@NFL_DovKleiman Malik Nabers,1009926587431735296,BuffaloMuse,True,53,"Buffalo, NY",0,81,"September 23, 2025 at 03:12 AM"
1970325387805675790,https://x.com/alexis_avi23627/status/1970325387805675790,@dante_dread No papi nos jodio horrible la NFL,1898955139844554752,alexis_avi23627,False,11,,0,10,"September 23, 2025 at 03:12 AM"
1970325385868124171,https://x.com/KnightOw7/status/1970325385868124171,"@NFL @NFLPlus Fast and strong, David Montgomery.",2717661798,KnightOw7,True,1794,Bets = 1 unit,0,46,"September 23, 2025 at 03:12 AM"
1970325382672130151,https://x.com/MarioRamPe/status/1970325382672130151,TD!!! #NFL,180430571,MarioRamPe,True,417,"Tlajomulco de Zúñiga, Jalisco",0,14,"September 23, 2025 at 03:12 AM"
1970325377278185781,https://x.com/TomBradyEgo/status/1970325377278185781,@NFL @NFLPlus Ball game!,2640348769,TomBradyEgo,True,153135,IN THE BOOTH,1,155,"September 23, 2025 at 03:12 AM"
1970325377248829639,https://x.com/FDSportsbook/status/1970325377248829639,"David Montgomery &amp; Jahmyr Gibbs tonight: 

🔵 40 touches
🔵 263 scrimmage yards 
🔵 4 TDs 

Best duo in the NFL. https://t.co/PFhfJekrga",2160790669,FDSportsbook,True,431122,,54,3189,"September 23, 2025 at 03:12 AM"
1970325376799838209,https://x.com/matthmathis/status/1970325376799838209,@NFL @NFLPlus Wasn't even touched until about the 10.,1358567317618229249,matthmathis,False,258,"Big Rapids, MI",0,21,"September 23, 2025 at 03:12 AM"
1970325374698692860,https://x.com/davidbernier94/status/1970325374698692860,The Lions won the last NFL game before the rapture 🙏🏻😂,449354391,davidbernier94,False,101,,0,35,"September 23, 2025 at 03:12 AM"
1970325374317011266,https://x.com/dillmanphilman/status/1970325374317011266,@espn @NFL 3 fo 3 weeks in a row,1262800527009579013,dillmanphilman,False,36,"Philadelphia, PA",0,2,"September 23, 2025 at 03:12 AM"
1970325374098874732,https://x.com/maurknowsball/status/1970325374098874732,People told me the ravens were the best team in the nfl btw,1729420309726380032,maurknowsball,False,1356,bad idea right???,0,37,"September 23, 2025 at 03:12 AM"
1970325371976560875,https://x.com/vnxsilva/status/1970325371976560875,@NFL @NFLPlus 🔥,1432189199004971009,vnxsilva,False,717,"São Joaquim da Barra, Brasil",0,1,"September 23, 2025 at 03:12 AM"
1970325370378314090,https://x.com/isaacesparza131/status/1970325370378314090,"Que Hermosa la NFL 🔥🔥🔥🔥🔥

Mañana mucho Fútbol 

Ganamos TODO 

4,000mx 
Todo incluido https://t.co/4Da651tEqq",1232403586979520515,isaacesparza131,True,22851,México,3,76,"September 23, 2025 at 03:12 AM"
1970325368935456806,https://x.com/DJROTN/status/1970325368935456806,@shadybiev NFL Memes must be a far left pro-Pally account,39598491,DJROTN,False,2041,"Cop City, ATL 90210",0,4,"September 23, 2025 at 03:12 AM"
1970325368486998456,https://x.com/playdoitmexico/status/1970325368486998456,"GAME OVER 🤫

Los Lions recuperaron la memoria y vuelven a la pelea pir la NFC North

Lions ML (+185) ⌛️

Via: @NFL https://t.co/v4CkAX56En",759456209590116352,playdoitmexico,True,98847,,8,309,"September 23, 2025 at 03:12 AM"
1970325364510699981,https://x.com/GloGang_Mac/status/1970325364510699981,"Seven sacks tonight
@lions @nfl",2456643217,GloGang_Mac,False,1415,,0,19,"September 23, 2025 at 03:12 AM"
1970325363218882685,https://x.com/rodneytherat69/status/1970325363218882685,@NFL_Talk_Sports Bills!! Fav player is Josh :),1588264229240713216,rodneytherat69,False,18,,0,2,"September 23, 2025 at 03:12 AM"
1970325360807157814,https://x.com/Vitorurbanoo/status/1970325360807157814,maestro junior está em casa orgulhoso pelo giro da faca desse Lions,1214963148857446400,Vitorurbanoo,False,119,"Olinda, Brasil",0,43,"September 23, 2025 at 03:12 AM"
1970325359167205865,https://x.com/LiquidFox101/status/1970325359167205865,@NFL @NFLPlus https://t.co/GSf0Hb9dK3,1511190486119497728,LiquidFox101,True,1847,,0,13,"September 23, 2025 at 03:12 AM"
1970325355182391548,https://x.com/arcasgotman/status/1970325355182391548,"Gran partido de los Lions y superan 38 - 24 a los Ravens, a falta de 1:42 en Baltimore. Detroit va a volver a dar la pelea en la #NFL #MNF",104585238,arcasgotman,False,2003,Bogotá,0,114,"September 23, 2025 at 03:12 AM"
1970325354855440560,https://x.com/Chris_Chous/status/1970325354855440560,"WHEN MONTY SINGLEHANDEDLY CARRIES YOU TO FANTASY DUBS!

#NFL #FantasyFootball #OnePride #RavensFlock https://t.co/22D7fECtSh",895772465812578304,Chris_Chous,False,3259,,1,51,"September 23, 2025 at 03:12 AM"
1970325352078610747,https://x.com/PaulZeise/status/1970325352078610747,The Lions are boat racing the Ravens. The Packers lost to the Browns yesterday. The Packers beat the Lions. The NFL is crazy,312198098,PaulZeise,True,54648,"Pittsburgh, Pennsylvania",8,295,"September 23, 2025 at 03:12 AM"
1970325348999889177,https://x.com/tdjohnson/status/1970325348999889177,@woodwardsports @DraftKings @Lions @Ravens @NFL Lions of course,20492043,tdjohnson,False,1617,"Detroit, MI",0,51,"September 23, 2025 at 03:12 AM"
1970325348001992988,https://x.com/Seahawk_NFL/status/1970325348001992988,It was always Dan Campbell.  Ben Johnson was just an accessory,1522002224955543553,Seahawk_NFL,False,1170,"Seattle, WA",0,53,"September 23, 2025 at 03:12 AM"
1970325347066433894,https://x.com/MaxByron446226/status/1970325347066433894,@Ian289971810097 @NFL @Lions @ESPNFantasy So clutch,1772451809048600577,MaxByron446226,False,5,,0,19,"September 23, 2025 at 03:12 AM"
1970325346844283016,https://x.com/SpencerWheelock/status/1970325346844283016,https://t.co/aLofFWJWYU,65193861,SpencerWheelock,False,1306,"Grand Rapids, MI",0,28,"September 23, 2025 at 03:12 AM"
1970325346173010378,https://x.com/TipsyTim2814/status/1970325346173010378,This game was incredible @NFL,388604166,TipsyTim2814,False,273,Not St. Louis,0,1,"September 23, 2025 at 03:12 AM"
1970325344583561224,https://x.com/ws7__/status/1970325344583561224,مونتمغري رجل المباراة ⚡💙🔥🔥,794843649158811648,ws7__,False,113,,0,13,"September 23, 2025 at 03:12 AM"
1970325341919969603,https://x.com/malikboynton2/status/1970325341919969603,"@SamVidlak7 is a GREAT leader and certified baller!

Since arriving to SFA Vidlak has:
- Been named to Walter Payton Award Watchlist 
- Pre-Season All-American 
- Thrown for 2,607 yards in 11 games
- 25 TDs/5 INTs 

Montana missed out on a 💎 ‼️

NFL Stock 📈📈📈",58519413,malikboynton2,False,8308,"Arlington, TX",0,5,"September 23, 2025 at 03:12 AM"
1970325340913578478,https://x.com/NickFerguson_25/status/1970325340913578478,"Dan Campbell at it again. We should just call every 4th down attempt “We’re going for the Dan Campbell!” 
#DETvsBAL",428043230,NickFerguson_25,True,11858,"Denver, CO",1,427,"September 23, 2025 at 03:12 AM"
1970325337394299235,https://x.com/ny_m1k3/status/1970325337394299235,@BostonConnr The NFL wants to racks up these fines!!!!,1862556915529555968,ny_m1k3,True,46,,0,12,"September 23, 2025 at 03:12 AM"
1970325336941564411,https://x.com/NinerTribe004/status/1970325336941564411,"So the Ravens… with the best roster in the NFL

Are about to be 1-2? 

😂😂😂😂😂",1012129244,NinerTribe004,False,1617,,0,29,"September 23, 2025 at 03:12 AM"
1970325336484446636,https://x.com/MassMan44/status/1970325336484446636,Dan Campbell is my FAVOURITE coach in @NFL   @Lions are solid! Hope the injury bug stays away from them this year. #SuperBowl here they come!!! #GameDay #NFL https://t.co/2a6omVAVNs,276347998,MassMan44,False,3350,"Metro Vancouver, BC",0,45,"September 23, 2025 at 03:12 AM"
1970325333397111273,https://x.com/SKProFootball/status/1970325333397111273,"David Montgomery puts the final nail in the coffin!

Touchdown Lions!

#NFL #Lions #Ravens #DETvsBAL

https://t.co/9HzY8IRUr0",517963352,SKProFootball,False,57399,United States,0,741,"September 23, 2025 at 03:12 AM"
1970325332415971807,https://x.com/ProlineBC/status/1970325332415971807,"DAVID MONTGOMERY 💥💥

The payoff from another Dan Campbell 4th down gamble 😤

19+

 https://t.co/nAF71WN9TN",1746973475267592192,ProlineBC,True,79,British Columbia,1,71,"September 23, 2025 at 03:12 AM"
1970325332264919503,https://x.com/UtterLocks/status/1970325332264919503,"Monday Night Football🔮

✅DETROIT LIONS +4.5🦁

A-Grade NFL spreads move to 57-26🔥

Will post CFB &amp; NFL sheet for next weekend’s slate sometime midweek 

#SportsBettingX | #SportCoin",1224971943994175488,UtterLocks,True,453,United States,3,156,"September 23, 2025 at 03:12 AM"
1970325331815846044,https://x.com/texasoccer5/status/1970325331815846044,What a win by Detroit,574777274,texasoccer5,False,1189,,0,21,"September 23, 2025 at 03:12 AM"
1970325331166032280,https://x.com/MikeKennedyNFL/status/1970325331166032280,"Nnamdi Madubuike might just be the most valuable player in the NFL.

All respect due to the man, but David Montgomery should never look like prime Adrian Peterson against your defense, especially in the year 2025.",1491621145,MikeKennedyNFL,False,1398,,0,46,"September 23, 2025 at 03:12 AM"
1970325330910159350,https://x.com/walrusinencino/status/1970325330910159350,https://t.co/zOU0nGZN97,1671255438451691520,walrusinencino,False,125,Earth One,0,19,"September 23, 2025 at 03:12 AM"
1970325327617409236,https://x.com/DeLuca_NFL/status/1970325327617409236,That’s a respectable road win for the Detroit Lions. Safe to say the offense hasn’t changed. #DETvsBAL,4716570201,DeLuca_NFL,False,385,"Chicago, IL. Houston, TX. ",0,116,"September 23, 2025 at 03:12 AM"
1970325327596368082,https://x.com/bobbyr75/status/1970325327596368082,Pack's LaFleur wasn't happy with undefeated talk https://t.co/a6USPhUwpW https://t.co/PbnhuYoiJv,1402769452463276033,bobbyr75,True,38166,Virginia,0,25,"September 23, 2025 at 03:12 AM"
1970325324027056228,https://x.com/destoomuch/status/1970325324027056228,Throw the whole NFL away 🚮,1747423680,destoomuch,False,929,"Baltimore, MD",0,17,"September 23, 2025 at 03:12 AM"
1970325322563494206,https://x.com/BDifronzo/status/1970325322563494206,@NFL_Memes @RugRhines lol,159485763,BDifronzo,False,168,Minnesota,1,61,"September 23, 2025 at 03:12 AM"
1970325320495702122,https://x.com/DropsicusCaesar/status/1970325320495702122,"🤔
I shoulda took the over😸🤷🏾‍♂️",212764633,DropsicusCaesar,False,1667,"Toronto On Canada, 🌍",0,19,"September 23, 2025 at 03:12 AM"
1970325320411783623,https://x.com/GiantnTexas/status/1970325320411783623,"@mspears96 Jared Goff making everyone @espn, @ESPNNFL, @FirstTake, look like fools. Y’all talk all that shid about LJ, y’all forgot about JG. And your boy @danorlovsky7 looked like a clown too … #MondayNightFootball #ESPN #NFL",1300445577164005376,GiantnTexas,True,779,"Texas, USA",1,56,"September 23, 2025 at 03:12 AM"
1970325320210206896,https://x.com/TheMattWise/status/1970325320210206896,"If they're not getting Madubuike back soon, Eric DeCosta needs to take a serious look at adding help on the defensive line.

The Lions have a big offensive line &amp; the best RB duo in the NFL, but getting gashed like this multiple times is just way too much.",2178995913,TheMattWise,False,6209,"Maryland, USA",4,621,"September 23, 2025 at 03:12 AM"
1970325319992172898,https://x.com/ThatBoyBanks/status/1970325319992172898,@NFL_DovKleiman Treveyon Henderson on the Pats,197459414,ThatBoyBanks,False,2142,"Maryland, USA",0,123,"September 23, 2025 at 03:12 AM"
1970325319585538145,https://x.com/thejohnnyohio/status/1970325319585538145,Why is it always NFL teams from California where these things are happening? Rams. Raiders. Niners. Chargers. Seems like there is a video like this every week from this stadiums,17898148,thejohnnyohio,False,1386,The Great State of Ohio,0,10,"September 23, 2025 at 03:12 AM"
1970325317090005229,https://x.com/SleeperNFL/status/1970325317090005229,David Montgomery ices the game! 🥶https://t.co/GGW6BJFIVl,1636458552796520449,SleeperNFL,True,120377,sleepernfl,21,1529,"September 23, 2025 at 03:12 AM"
1970325314128748597,https://x.com/Ferd_Turgeson/status/1970325314128748597,"Art
https://t.co/cUZkTAodey",731212674176978944,Ferd_Turgeson,False,4899,I'm on the internet ,3,188,"September 23, 2025 at 03:12 AM"
1970325308671766895,https://x.com/Mateoantonio202/status/1970325308671766895,@NFL_sts No siempre se da papi! En esto se gana y se pierde! Animoooooo cabron!,1131049433796419584,Mateoantonio202,False,693,,1,62,"September 23, 2025 at 03:12 AM"
1970325307568631863,https://x.com/R00349/status/1970325307568631863,"We fucking did it

We beat the most talented team in the NFL in their own house

Lions are super bowl contenders, don't forget that!",1484427961,R00349,False,1128,Canada,1,37,"September 23, 2025 at 03:12 AM"
1970325305752498245,https://x.com/MrsKinder/status/1970325305752498245,"@davehelman_ They literally have technology where you can build an invisible fence for your pet. It’s existed for at least 20 years.

NFL needs to evolve, because with the prevalence of sport betting it is getting pretty sketchy.",17752208,MrsKinder,True,1486,Texas,0,4,"September 23, 2025 at 03:12 AM"
1970325303261065243,https://x.com/ClutchPoints/status/1970325303261065243,"DAVID MONTGOMERY TURNS ON THE JETS FOR HIS SECOND TD OF THE GAME 🔥

https://t.co/q9vs4wMMBy",3312776298,ClutchPoints,True,338180,"Los Angeles, CA",12,1100,"September 23, 2025 at 03:12 AM"
1970325301696528880,https://x.com/baltibirds20/status/1970325301696528880,@overtime @NFL This team is lost. Aint no other way to put it.,1928425414818418688,baltibirds20,False,34,,0,19,"September 23, 2025 at 03:12 AM"
1970325299981070772,https://x.com/lionsfanreport/status/1970325299981070772,DAVID MONTGOMERY SECOND OF THE NIGHT🤯 https://t.co/U0OSoUwaPB,793151176116174850,lionsfanreport,True,28291,,36,835,"September 23, 2025 at 03:12 AM"
1970325299393909066,https://x.com/CoolbetCanada/status/1970325299393909066,"MONTY TO THE MOON 🚀

✅ Most Rushing Yards (+850)

https://t.co/m8b1onNV2Q",1196989552600195074,CoolbetCanada,True,4019,Canada,0,59,"September 23, 2025 at 03:12 AM"
1970325298689556861,https://x.com/RotoWire/status/1970325298689556861,"David Montgomery just won so many fantasy matchups with this run 
 https://t.co/Fl0SNjncbe",31614413,RotoWire,True,62934,,4,509,"September 23, 2025 at 03:12 AM"
1970325298144293278,https://x.com/_PapasFritas97/status/1970325298144293278,@NFL_DovKleiman Lamar on the Ravens,3392211574,_PapasFritas97,False,724,,0,105,"September 23, 2025 at 03:12 AM"
1970325295870738643,https://x.com/kasperdasniper/status/1970325295870738643,@2KBarkley @Lazerus Bc he graduated there we love him more in Norman and T town ever could. We would never bench him for a glorified nfl backup qb like Tua,1910112251136131072,kasperdasniper,False,22,"Oklahoma City, OK",0,4,"September 23, 2025 at 03:12 AM"
1970325292721094708,https://x.com/Barttaylor81749/status/1970325292721094708,"@impactfbdata His problem is he’s not that fast. Shouldn’t have been so hyped, but he’s an nfl starting wideout",1896984767037366272,Barttaylor81749,False,55,,0,6,"September 23, 2025 at 03:12 AM"
1970325291991212139,https://x.com/FanaticsBook/status/1970325291991212139,@NFL Dan Campbell: https://t.co/Fcxl0vCOAp,1021173547358597120,FanaticsBook,True,181598,,0,421,"September 23, 2025 at 03:12 AM"
1970325291391426844,https://x.com/Doctor6866/status/1970325291391426844,@NFL_DovKleiman I'll get rid of 2. Nba and mlb. Nba is so soft nowadays and unwatchable and mlb has always been shit,1191075444554108929,Doctor6866,False,146,"Buffalo, NY",0,3,"September 23, 2025 at 03:12 AM"
1970325291194024411,https://x.com/lytw8t/status/1970325291194024411,@NFL @NFLPlus That’s a great pass. I must admit. Play call perfect https://t.co/hzpbHSu6Io,31362046,lytw8t,False,800,Where sun always shines ,0,6,"September 23, 2025 at 03:12 AM"
1970325289608577513,https://x.com/flowjoe87/status/1970325289608577513,@NFL_DovKleiman Mac Crosby on the Raiders,437200421,flowjoe87,False,191,"3rd District, MoCo",0,129,"September 23, 2025 at 03:12 AM"
1970325289587871762,https://x.com/fiveplustools/status/1970325289587871762,Dan Campbell is the only NFL Head Coach who would have gone for it on 4th down just now.  Tremendous!,276649704,fiveplustools,False,287,"Rolling Hills, CA",0,34,"September 23, 2025 at 03:12 AM"
1970325289155867078,https://x.com/DocPeteMD/status/1970325289155867078,@NFL_DovKleiman Bengals &amp; Chase. No other answer,1628600636173328385,DocPeteMD,False,426,,0,39,"September 23, 2025 at 03:12 AM"
1970325288807735507,https://x.com/RamsSteve/status/1970325288807735507,@mrmikewinch @soulreaper313 @seattlerams_nfl https://t.co/fq4favXXwi,3238398434,RamsSteve,False,406,"Los Angeles, CA",1,5,"September 23, 2025 at 03:12 AM"
1970325288350531892,https://x.com/KyleSoppePFN/status/1970325288350531892,"More reaching yards through 69 career games than Calvin Johnson. 

Different era, whatever. This dude is special. 

Nice.",280797889,KyleSoppePFN,False,15718,"West Hartford, CT",2,360,"September 23, 2025 at 03:12 AM"
1970325284801892550,https://x.com/Pro_Fan_/status/1970325284801892550,"THE LIONS ARE STILL THE LIONS

Monty takes it to the crib 🥶

#Lions #Ravens 
 https://t.co/yHD64uEkQH",1471161738624217093,Pro_Fan_,True,940,,0,205,"September 23, 2025 at 03:12 AM"
1970325280309838133,https://x.com/truckstopfungus/status/1970325280309838133,@NFL_Memes @PlayProphetX Because it’s rigged,1704669180287451136,truckstopfungus,False,1280,Retired ,1,40,"September 23, 2025 at 03:12 AM"
1970325274249331068,https://x.com/SSN_NFL/status/1970325274249331068,What a game from David Montgomery! https://t.co/ouVJHfhjt9,1382876997798539264,SSN_NFL,False,932,United States,0,27,"September 23, 2025 at 03:12 AM"
1970325269777952839,https://x.com/KaySA99/status/1970325269777952839,"@NFL @newheightshow @JasonKelce It's the CHIN strap on the NOSE for me!
ha ha ha ha ha",500377109,KaySA99,False,438,"Ohio, USA",0,6,"September 23, 2025 at 03:12 AM"
1970325267722756128,https://x.com/JasonPe27807905/status/1970325267722756128,"@Lions QB Jared Goff?

😒 🤔 😒 🤔 😒 🤔 

I only been HYPING him since 2018.

I was telling Den/LV fans since 2019 ,""Go get QB Goff!""

THE MOST underrated Quarterback in NFL",1203510163342266368,JasonPe27807905,False,1242,Kansas City,0,185,"September 23, 2025 at 03:12 AM"
1970325265382617412,https://x.com/AggieJay_412/status/1970325265382617412,@NFL @NFLPlus They are cooked 🔥🔥🔥,73498238,AggieJay_412,False,1670,Worldwide 🌐 ,0,24,"September 23, 2025 at 03:12 AM"
1970325264631742483,https://x.com/BayoAdebogun/status/1970325264631742483,Is Dan Campbell the best coach in @NFL?,16439149,BayoAdebogun,False,582,In A Galaxy Far Far Away 🔭,1,33,"September 23, 2025 at 03:12 AM"
1970325262769480138,https://x.com/BM_R_2/status/1970325262769480138,@woodwardsports @Lions @Ravens @NFL @AlabamaFTBL Battler!!,1679192313422020613,BM_R_2,False,50,,0,68,"September 23, 2025 at 03:12 AM"
1970325260265496920,https://x.com/calebbeltz/status/1970325260265496920,https://t.co/1mumkHNdbP,3268916978,calebbeltz,False,249,,0,33,"September 23, 2025 at 03:12 AM"
1970325252690555074,https://x.com/DocHHolliday/status/1970325252690555074,NFL such a garbage product,1439253660064571399,DocHHolliday,False,100,"Florida, USA",0,6,"September 23, 2025 at 03:12 AM"
1970325250744197341,https://x.com/Markkern111/status/1970325250744197341,@NFL @NFLPlus That RB combination is special.,378690664,Markkern111,True,1658,"Kansas City, KS",0,75,"September 23, 2025 at 03:12 AM"
1970325248898896148,https://x.com/of_buchsbaum/status/1970325248898896148,"@r_melnikoff @airplanemxdude @JordanRaanan So draft a guy 3 overall, immediately change his position, justify it w an asinine rationalization, and get upset someone points it out??

Then you wonder why everyone with a shred of objectivity knows NYG are the worst run franchise in the NFL and one of the worst in pro sports. https://t.co/7vA69b3FZY",1253889134671740928,of_buchsbaum,False,957,"Seattle, WA",1,5,"September 23, 2025 at 03:12 AM"
1970325248248565987,https://x.com/detroitjackspo/status/1970325248248565987,"The Detroit Lions are healthy, and the best team in the NFL.",1962185459523624960,detroitjackspo,False,45,"Birmingham, MI",0,50,"September 23, 2025 at 03:12 AM"
1970325246650523650,https://x.com/Section344Lions/status/1970325246650523650,"Everyone second-guessing Aidan Hutchinson after 2 games, where analytically he was objectively good … 

You have egg on your face tonight. 

Best DL in the NFL. I’ll go down with the ship in that. Hutch is a 1st ballot Hall of Famer. https://t.co/tjF5sWKyEY",1743040123367809024,Section344Lions,True,2400,"Detroit, Michigan",6,244,"September 23, 2025 at 03:12 AM"
1970325244289392710,https://x.com/BuiltDifferentP/status/1970325244289392710,"The Detroit Lions are forreal, and they have a chip on their shoulder. This is gonna be a cinema NFL season.",1709121373438664704,BuiltDifferentP,True,2143,,5,72,"September 23, 2025 at 03:11 AM"
1970325243819631035,https://x.com/XizynaHunzuna/status/1970325243819631035,@NFL @NFLPlus Him and Gibbs proving they better then Derrick Henry,1084986061321834496,XizynaHunzuna,True,3721,"Houston, TX",0,265,"September 23, 2025 at 03:11 AM"
1970325243488043116,https://x.com/mimnaugh_alex/status/1970325243488043116,@PhilMackey NFC North is still the best division in the NFL,1113464336,mimnaugh_alex,False,66,,0,48,"September 23, 2025 at 03:11 AM"
1970325241902637234,https://x.com/ChrisCooper_NFL/status/1970325241902637234,https://t.co/qpA2MX4bMV,145437275,ChrisCooper_NFL,True,3611,"Baltimore, MD",1,214,"September 23, 2025 at 03:11 AM"
1970325241739256000,https://x.com/DonnyDogwater/status/1970325241739256000,@PardonMyTake Lamar Jackson is the Allen Iverson of the NFL.,1826759798991261696,DonnyDogwater,False,25,United States,0,179,"September 23, 2025 at 03:11 AM"
1970325239801487673,https://x.com/LouLouBrowneyes/status/1970325239801487673,My guy 🔥,1326850869934034944,LouLouBrowneyes,False,325,,0,10,"September 23, 2025 at 03:11 AM"
1970325239193342045,https://x.com/miguelvhl/status/1970325239193342045,Que ofensiva más hpta que tiene Goff... Y contra Lamar Jackson y los Ravens!!! Van ganando 38-24... Los Lions van con todo por adueñarse de la conferencia nacional... #MNF #NFL,197621935,miguelvhl,False,599,Quito,0,158,"September 23, 2025 at 03:11 AM"
1970325236886446564,https://x.com/SportsStooge10/status/1970325236886446564,"@randy38367 @AdamSchefter @DanielOyefusi The “confidence” you speak of got him drafted in the 5th round, relegated to a third string QB and no 1st team reps when he is clearly better than that

Like it or not, NFL teams have their own way of running things, they will turn you into a nobody if you don’t walk the line",1750529238216962048,SportsStooge10,False,229,Anywhere work takes me,0,0,"September 23, 2025 at 03:11 AM"
1970325236349575341,https://x.com/csm1976/status/1970325236349575341,@carrielynnxox I want them to lose every game until the front office frauds get fired and the NFL forces ABM to sell the team,115790201,csm1976,False,636,,0,2,"September 23, 2025 at 03:11 AM"
1970325234676097214,https://x.com/Tony_Kudo/status/1970325234676097214,he wanna play NFL street instead of throwing it FUCK EM,1540185708874326019,Tony_Kudo,False,908,"Georgia, USA",0,157,"September 23, 2025 at 03:11 AM"
1970325231278444851,https://x.com/thejr71/status/1970325231278444851,@here2potato @minakimes Not paying him how? You think he was going to pass up the opportunity to become an NFL head coach?,56553182,thejr71,False,9,,1,16,"September 23, 2025 at 03:11 AM"
1970325230766719227,https://x.com/Swishmeta/status/1970325230766719227,@NFL @NFLPlus He made a break for it!,1914874385305100290,Swishmeta,True,3277,,1,65,"September 23, 2025 at 03:11 AM"
1970325229844000988,https://x.com/13isLucky13/status/1970325229844000988,"Then David Montgomery for the TD. Hold me I’m about to faint 😂🤔💙

#DetroitLions #OnePride  #lions

 https://t.co/pKmeUkNooG",1599879585881022495,13isLucky13,True,23689,,3,174,"September 23, 2025 at 03:11 AM"
1970325229718135238,https://x.com/caro_compean/status/1970325229718135238,"Esta semana mi quiniela y mi survivor, están más que perdidos 🫠 Baltimore era mi esperanza… 
La luz al final del túnel: 3-0-0 en mi Fantasy 

#NFL #NFLWeek3",128262311,caro_compean,False,120,México,0,7,"September 23, 2025 at 03:11 AM"
1970325228686324100,https://x.com/hiver231/status/1970325228686324100,@obiegee4lyfe @NFL @NFLPlus Beautiful to see,1770763323203547138,hiver231,True,585,,1,5,"September 23, 2025 at 03:11 AM"
1970325226417180845,https://x.com/Lemoon_33/status/1970325226417180845,Hacer esto en 4th down con el partido en el hilo es una locura,901206565537054721,Lemoon_33,False,148,🇨🇱 | 🏎️ - ⚽ - 🏈 - 🏒,0,14,"September 23, 2025 at 03:11 AM"
1970325225767407778,https://x.com/iPichojos/status/1970325225767407778,Touchdown Lions https://t.co/hnMoPNyHff,110804769,iPichojos,False,725,,0,28,"September 23, 2025 at 03:11 AM"
1970325225444458782,https://x.com/Khammy_SB/status/1970325225444458782,@NFL_DovKleiman daniel jones/saquon on the giants,1737659544657080320,Khammy_SB,False,9,United States,0,190,"September 23, 2025 at 03:11 AM"
1970325224060264850,https://x.com/EddieVentu26963/status/1970325224060264850,@NFL @NFLPlus https://t.co/R2BH0VHNYU,1687685319091449857,EddieVentu26963,True,346,Michigan,4,312,"September 23, 2025 at 03:11 AM"
1970325223489900880,https://x.com/mccaffreyformvp/status/1970325223489900880,@NFL_DovKleiman lamar on the ravens,1666878553873588224,mccaffreyformvp,False,1639,"Santa Clara, CA",8,100,"September 23, 2025 at 03:11 AM"
1970325223229538486,https://x.com/DetxLA31/status/1970325223229538486,@NFL I love my coach,1453725703178842113,DetxLA31,False,649,"Detroit, MI",0,14,"September 23, 2025 at 03:11 AM"
1970325222625812705,https://x.com/doug321/status/1970325222625812705,Sean Payton should take notes. PLAY TO WIN THE GAME,51101823,doug321,False,246,,1,22,"September 23, 2025 at 03:11 AM"
1970325222285804012,https://x.com/nfl_bigode/status/1970325222285804012,Belíssimo jogo! Que saudade que eu estava de uma segunda assim...,888847255872131074,nfl_bigode,True,12286,Rio de Janeiro,3,71,"September 23, 2025 at 03:11 AM"
1970325222198063168,https://x.com/bingbongbills/status/1970325222198063168,@onionweigher did you take over the NFL Monday night football commentary?,1711517943480057856,bingbongbills,False,573,Buffalo/NYC,0,25,"September 23, 2025 at 03:11 AM"
1970325221128446269,https://x.com/realapp_/status/1970325221128446269,@NFL @NFLPlus OMG https://t.co/wR3gdOaiJn,1282088738542292993,realapp_,True,110357,,15,744,"September 23, 2025 at 03:11 AM"
1970325217017840082,https://x.com/TheOnlyZay1k/status/1970325217017840082,@TheOnlyNique1 @Lions who my nfl team ? 🤣🤣🤣 LIONS,1478233188581494785,TheOnlyZay1k,False,489,,0,27,"September 23, 2025 at 03:11 AM"
1970325216690684400,https://x.com/sluggahjells/status/1970325216690684400,@NFL @NFLPlus Nnamdi Madubuike not playing is the key reason why the Lions were able to do everything tonight running.,17893690,sluggahjells,False,8244,"Bed-Stuy, New York #TeamHoly3 ",0,362,"September 23, 2025 at 03:11 AM"
1970325214782529800,https://x.com/WillysWinners/status/1970325214782529800,"BOOOOOOOOOOOM 

CASH THE NFL PLAY OF THE DAY

THE WINNERS OWN THE GRID IRON 🏈🔥

1U 

Baltimore Ravens Vs 
Detroit Lions Over 54 ( -110) 💰✅ https://t.co/n8JXjSYRRx",1817924566112460800,WillysWinners,True,3054,Michigan/Las Vegas ,4,321,"September 23, 2025 at 03:11 AM"
1970325213666517487,https://x.com/jaydenjones1001/status/1970325213666517487,U see that harbaugh. That’s how u believe in ur qb 1. Same thing u should’ve done against josh Allen #ravenslions #NFL,1771446941945040896,jaydenjones1001,False,8,,0,25,"September 23, 2025 at 03:11 AM"
1970325213171921363,https://x.com/neonTorpor/status/1970325213171921363,Every single announcer ruled us out for tonight. And what do we do? Show that we’re one of the best teams in the NFL. Go @Lions! #OnePride https://t.co/VcEWFXfEhQ,877844443898007552,neonTorpor,False,126,"Traverse City, Michigan ",0,23,"September 23, 2025 at 03:11 AM"
1970325210537615738,https://x.com/enthusiastichap/status/1970325210537615738,"@NFL @NFLPlus He has been incredible tonight, 150+ rush yards and 2 TDs",1170171716460523520,enthusiastichap,False,77,,0,53,"September 23, 2025 at 03:11 AM"
1970325209925275911,https://x.com/PropSwap/status/1970325209925275911,LIONS PUT THE NAIL IN THE COFFIN https://t.co/i5uiYTT05J,2862104585,PropSwap,True,26417,"Las Vegas, NV",0,344,"September 23, 2025 at 03:11 AM"
1970325208931193179,https://x.com/Utopien669/status/1970325208931193179,"@Alton_A91 @zimwhodey Gn pussc 
https://t.co/hIDWqcpXQZ",947162741005012994,Utopien669,False,363,fuck tha hoe cau she a nat nat,0,11,"September 23, 2025 at 03:11 AM"
1970325207605813662,https://x.com/Hooping_Dream42/status/1970325207605813662,Man the ravens are the suns of the NFL .. jeresys look great talk about how great they will be and they can’t beat no one,530866421,Hooping_Dream42,False,743,Round Lake,0,31,"September 23, 2025 at 03:11 AM"
1970325206293196882,https://x.com/BoongV2/status/1970325206293196882,https://t.co/BaCZpUFnPa,1892880153610747904,BoongV2,False,365,,1,89,"September 23, 2025 at 03:11 AM"
1970325205747896338,https://x.com/pseudocrazy/status/1970325205747896338,"The Detroit Lions just sent a message—taking down the Ravens and showing the whole NFL they’re contenders. With Green Bay stumbling vs. the Browns and the Vikings’ QB mess, are the Lions now the NFC North favorite?

#OnePride #Lions #NFL #NFCNorth #Ravens #vikings #Packers",32732107,pseudocrazy,True,561,,0,176,"September 23, 2025 at 03:11 AM"
1970325204518748457,https://x.com/catorano/status/1970325204518748457,@NFL_Memes @TheRealCoach_JB called this years ago.,59373572,catorano,True,4074,,0,9,"September 23, 2025 at 03:11 AM"
1970325204179300622,https://x.com/WxAndMovies/status/1970325204179300622,LFG Monty!!! 38-24 #Lions!! #DETvsBAL,1146495374858883076,WxAndMovies,False,3361,"Norwalk, CT/Lyndonville, VT",0,213,"September 23, 2025 at 03:11 AM"
1970325203571151203,https://x.com/TrendzyVideos/status/1970325203571151203,"Nothing like #MondayNightFootball — the tradition, the drama, the plays that define the season. Who are you rooting for tonight? 🏟️ #NFL",1908975266858463232,TrendzyVideos,False,716,"Palo Alto, CA",0,14,"September 23, 2025 at 03:11 AM"
1970325203134603741,https://x.com/SeanSemps/status/1970325203134603741,@NFL_DovKleiman Cam Ward,40540962,SeanSemps,False,427,"Somewhere in Queens, New York",0,49,"September 23, 2025 at 03:11 AM"
1970325202275049605,https://x.com/c2_nfl/status/1970325202275049605,オハニョー( 👁‿👁 ),1909853107930251266,c2_nfl,False,168,やっぱりりりのレスください🎀,1,9,"September 23, 2025 at 03:11 AM"
1970325201876390074,https://x.com/GiantsRealist/status/1970325201876390074,@NFL_DovKleiman A lambo parked outside MetLife stadium,1105940355596382214,GiantsRealist,False,1531,"New York, USA",0,96,"September 23, 2025 at 03:11 AM"
1970325201809199278,https://x.com/DKSportsbook/status/1970325201809199278,"REDEMPTION ‼️

31-yards to the house for David Montgomery 😤
https://t.co/sASRcpuEnw",953665490936885248,DKSportsbook,True,350221,,17,5954,"September 23, 2025 at 03:11 AM"
1970325201289372111,https://x.com/adc0704/status/1970325201289372111,@mspears96 @Lions They Lions are another edge and corner away from being the team to beat in the NFL,506719127,adc0704,False,329,,0,46,"September 23, 2025 at 03:11 AM"
1970325199213007077,https://x.com/TitanUpSqueaky/status/1970325199213007077,"@MikeHerndonSk1 Bill Callahan would've been too busy talking about his sleds and leg techniques to actually get him up the NFL speed, we would've ruined him",1551454775694196737,TitanUpSqueaky,False,711,"Nashville, TN",1,45,"September 23, 2025 at 03:11 AM"
1970325198273700309,https://x.com/HolyRollerNFL/status/1970325198273700309,"¡¡GAME OVER EN BALTIMORE Y DAVID MONTGOMERY LOGRA EL TOUCHDOWN DE LA VICTORIA!!💥🤩

#OnePride | #NFL 
 https://t.co/OmKrJqjMB7",1220016492735016960,HolyRollerNFL,True,28246,México,7,181,"September 23, 2025 at 03:11 AM"
1970325195895242882,https://x.com/nflpress_digest/status/1970325195895242882,"https://t.co/xQlpSC59qU #nfl # #Seahawks

Two teams released their first injury reports of a short week ahead of Thursday night, with no practice conducted by either side. The estimates hinge on what would have happened in practice, and more updates are coming Tuesday ...",1734234213547720705,nflpress_digest,False,386,,0,20,"September 23, 2025 at 03:11 AM"
1970325194863714652,https://x.com/ZonaVermelhaBR/status/1970325194863714652,"ELE DE NOVO

David Montgomery corre para o abraço e deixa a vitória praticamente no colo dos Lions! 

https://t.co/YSVllGWHgX",1064536508152074240,ZonaVermelhaBR,False,2787,,1,66,"September 23, 2025 at 03:11 AM"
1970325194167497056,https://x.com/GameChangerNick/status/1970325194167497056,"Ravens choke up for the 2nd time in a row, that defense is not a Superbowl kind of defense #MNF #NFL",33798534,GameChangerNick,True,4777,,0,60,"September 23, 2025 at 03:11 AM"
1970325191248216299,https://x.com/DJxAngel/status/1970325191248216299,"Worst. NFL. Weekend. Ever.

Bears won.
Vikings won.
Lions won.

Packers lost.

I hate this weekend. Smfh. 🤦🏻‍♂️

There is something very clearly wrong in the world. 
This shit shouldn’t be happening. 
What the hell is going on?!",38016733,DJxAngel,False,470,The TARDIS,0,29,"September 23, 2025 at 03:11 AM"
1970325191055335466,https://x.com/AidenNEilwx/status/1970325191055335466,Why did the Bears ever get rid of Monty bro. He was my fav RB and now I gotta watch him tear it up in Detroit💔,1669226535834853376,AidenNEilwx,False,193,Will County Slabber,0,36,"September 23, 2025 at 03:11 AM"
1970325190191022578,https://x.com/brenbbcc/status/1970325190191022578,A foto mais legal que eu fiz no jogo da nfl em sp foi essa https://t.co/3UYHePCzYS,1309290102,brenbbcc,False,1574,,0,4,"September 23, 2025 at 03:11 AM"
1970325187007783029,https://x.com/MMAMeez/status/1970325187007783029,"Went from 4 catches at the half to a last drive sweat 😅

Jahmyr Gibbs brings home another winning NFL week🔪 https://t.co/Vtk2130o9l",1763967414918582272,MMAMeez,True,582,,0,88,"September 23, 2025 at 03:11 AM"
1970325185644400815,https://x.com/jakharicarroll_/status/1970325185644400815,HIMOTHY MONTGOMERY,4440228555,jakharicarroll_,False,10764,"Grand Rapids, MI",0,49,"September 23, 2025 at 03:11 AM"
1970325182318551538,https://x.com/phillydrew9/status/1970325182318551538,The NFL is better when The Detroit lions are good,1806410454161362945,phillydrew9,False,390,Philly,1,58,"September 23, 2025 at 03:11 AM"
1970325182175903744,https://x.com/bchells22/status/1970325182175903744,https://t.co/95BUQ4i5J0,623968130,bchells22,False,1907,BUFF - A - LO - !!!,0,37,"September 23, 2025 at 03:11 AM"
1970325181555146984,https://x.com/sScottieDrippen/status/1970325181555146984,Haven’t been on the receiving end of belt to ass but this is the first blowout in like years,1218858572366270467,sScottieDrippen,False,528,,0,34,"September 23, 2025 at 03:11 AM"
1970325179021553866,https://x.com/OmgItsJason1984/status/1970325179021553866,@NFL @NFLPlus Goodnight Ravens https://t.co/85Z5Fyxid3,1492956546493411328,OmgItsJason1984,True,249,"Lebanon, IN",0,480,"September 23, 2025 at 03:11 AM"
1970325177532928151,https://x.com/TimHouk2/status/1970325177532928151,@NFL @NFLPlus That makes the Raven’s 1-Henry,1597345542,TimHouk2,False,22,,0,32,"September 23, 2025 at 03:11 AM"
1970325175653802264,https://x.com/potulnysburner/status/1970325175653802264,And he got held. Best wide receiver in the NFL no doubt,1362834445607305219,potulnysburner,False,146,"Houghton, MI",2,5,"September 23, 2025 at 03:11 AM"
1970325175569944610,https://x.com/Detroit4lyfe/status/1970325175569944610,https://t.co/tPB1jaTH5t,19457997,Detroit4lyfe,False,4192,,0,114,"September 23, 2025 at 03:11 AM"
1970325174110011636,https://x.com/OffTheGridNYC/status/1970325174110011636,"OKAY OKAY IMA JUST LEAVE THIS HERE…TIRED OF LAMAR JACKSON TALK HIM BEING THE FACE OF THE NFL…RAVENS NOT BUILT FOR NOTHIN …BUMS TONIGHT …

Bad beats tonight…. 

HENRY OVERRATED. https://t.co/Ejp5AtTrXl",1895594984671248384,OffTheGridNYC,False,140,,1,141,"September 23, 2025 at 03:11 AM"
1970325173338284400,https://x.com/nflnohuddle/status/1970325173338284400,"Y AHORA DAVID MONTGOMERY LE PONE PUNTO FINAL A ESTO 🔥🙌

Abróchense los cinturones con este Detroit.
https://t.co/sIqrquY71s",1.20194E+18,nflnohuddle,True,8491,Argentina,0,90,"September 23, 2025 at 03:11 AM"
1970325172533014729,https://x.com/DefPenSports/status/1970325172533014729,"David Montgomery runs in the dagger score against Baltimore 🦁💥 

https://t.co/YlKZDe8mXw",1523707892,DefPenSports,False,4190,"Brooklyn, NY",0,73,"September 23, 2025 at 03:11 AM"
1970325168443523099,https://x.com/SBD/status/1970325168443523099,"DAVID MONTGOMERY EXTENDS THE LIONS LEAD 🤯

Monty was +750 to score 2+ touchdowns tonight 🔥
 https://t.co/6nWsqjP0Tp",6263502,SBD,True,9924,,4,126,"September 23, 2025 at 03:11 AM"
1970325165243240562,https://x.com/KyLo179/status/1970325165243240562,🦬🤝🦁 #NFL #BuffaloBills #BillsMafia,211240109,KyLo179,False,56,"Elyria, OH",1,13,"September 23, 2025 at 03:11 AM"
1970325163637121335,https://x.com/ShueMuny/status/1970325163637121335,Joe Buck just called that man Honeybuns... #LionsvsRavens #NFL https://t.co/wIKBOR6geR,1124862674347667456,ShueMuny,False,52,,0,16,"September 23, 2025 at 03:11 AM"
1970325163213496568,https://x.com/avsbuffsfan/status/1970325163213496568,@NFL What can’t Bo Nix do for $200 Alex,1882987125445935104,avsbuffsfan,False,100,Colorado,0,53,"September 23, 2025 at 03:11 AM"
1970325162924118476,https://x.com/goiowastate/status/1970325162924118476,How good is this guy? Keep grinding.,67715265,goiowastate,False,4451,"Iowa, USA",0,55,"September 23, 2025 at 03:11 AM"
1970325162232029411,https://x.com/stephonk83/status/1970325162232029411,"This was a great QB battle between the MVP and Lamar Jackson 

Henry really gotta hang it up though",29150830,stephonk83,False,889,"Moscow, Russia",0,156,"September 23, 2025 at 03:11 AM"
1970325161250336920,https://x.com/Tobirsama/status/1970325161250336920,@NFL @NFLPlus Nice catch right there,1895148552679985152,Tobirsama,True,1126,小心我 ,0,4,"September 23, 2025 at 03:11 AM"
1970325160981893246,https://x.com/14blackjaguar/status/1970325160981893246,@NFL_Memes 😭,1844069446392086528,14blackjaguar,False,1121,,0,24,"September 23, 2025 at 03:11 AM"
1970325158196846756,https://x.com/rimagev/status/1970325158196846756,@ProPelsTalk It sucks to watch games the Saints aren't involved in. The level of play is so much better with every other NFL team.,1411163296317775873,rimagev,False,404,"Louisiana, USA",0,6,"September 23, 2025 at 03:11 AM"
1970325155542110478,https://x.com/23_pts/status/1970325155542110478,NFL might have the best product in all of sports.,1583688638071816192,23_pts,False,209,"Durban, South Africa",0,1,"September 23, 2025 at 03:11 AM"
1970325155449577667,https://x.com/RafMetaX/status/1970325155449577667,@NFL @NFLPlus BELT TO ASS https://t.co/jhYzq7BnHD,1528005302657892353,RafMetaX,True,2855,,1,51,"September 23, 2025 at 03:11 AM"
1970325155361743027,https://x.com/Oriorori/status/1970325155361743027,מהלך גאוני. הם הריצו את המהלך ריצה הזה כל הערב - דואו עם אינסרט של סנט בראון. אז מה עושים? https://t.co/v3iqNLp4sx https://t.co/8kzjaD0rLm,979110016228757504,Oriorori,False,1867,Israel,0,10,"September 23, 2025 at 03:11 AM"
1970325155261120582,https://x.com/Nate_Tice/status/1970325155261120582,and on the 4th &amp; ballgame play. Lions of course sell Duo on the play action. Great execution.  https://t.co/GLdEvWVP8N,294910913,Nate_Tice,False,91302,"Las Vegas, NV",39,3366,"September 23, 2025 at 03:11 AM"
1970325154963292251,https://x.com/MrFuzionn/status/1970325154963292251,#NFL Week 4 Power Rankings by me https://t.co/HfBEmSEyTg,748182229025685504,MrFuzionn,False,278,"North Carolina, USA",0,15,"September 23, 2025 at 03:11 AM"
1970325152853610593,https://x.com/sibirdie/status/1970325152853610593,@NFL @NFLPlus What happened to Ravens defense? Isn't this defense supposed to be top 10?,237854959,sibirdie,False,92,LA,1,83,"September 23, 2025 at 03:11 AM"
1970325152589328715,https://x.com/mathiastrades/status/1970325152589328715,"Lamar will never win a Super Bowl

#NFL",49724791,mathiastrades,False,121,"Old Head, Ireland",0,20,"September 23, 2025 at 03:11 AM"
1970325152257773776,https://x.com/ABHTX/status/1970325152257773776,@NFL_DovKleiman Stroud,762561770,ABHTX,False,625,,0,47,"September 23, 2025 at 03:11 AM"
1970325151943102900,https://x.com/ShadowCamo82/status/1970325151943102900,"One word to describe the Ravens ‘defense’:  WORTHLESS.

And I hope they see my comment.  Zach Orr is garbage and the D has no fight, heart, or IQ.  #RavensFlock #NFL",1838192433365909504,ShadowCamo82,False,5,,0,99,"September 23, 2025 at 03:11 AM"
1970325149124829680,https://x.com/stephenngalim/status/1970325149124829680,@NFL_Memes Y’all can never be serious on the app man 😂😂😂😂😂😂😭😭😭😭😭,821745923520872448,stephenngalim,False,211,"College Park, MD",0,46,"September 23, 2025 at 03:11 AM"
1970325149028360506,https://x.com/BodogCA/status/1970325149028360506,"DAVID MONTGOMERY RUNS IT IN FOR HIS 2ND TD (+440) TO SEAL IT FOR THE LIONS 😤

#OnePride 

 https://t.co/6Mr5D100km",70720914,BodogCA,True,27769,,0,158,"September 23, 2025 at 03:11 AM"
1970325148633793017,https://x.com/damanofyadreamz/status/1970325148633793017,@_hotboyjhay u cant argue with deshawn he is a former nfl coach who won a heisman he knows everything abt football. He invented football,2758828270,damanofyadreamz,False,2520,"Atlanta, GA",0,34,"September 23, 2025 at 03:11 AM"
1970325148105376172,https://x.com/Ihoods18/status/1970325148105376172,"Está más fría la Antártida o el pecho de los Ravens en juegos importantes? 
#OnePride #mnfxespn #NFL",1650894057453899776,Ihoods18,False,69,,0,51,"September 23, 2025 at 03:11 AM"
1970325147593630130,https://x.com/NewtonAndrewPoe/status/1970325147593630130,@NFL @NFLPlus goddamn yes that man had somewhere to be!,1957876794323087360,NewtonAndrewPoe,False,59,Staying Alive In America,0,46,"September 23, 2025 at 03:11 AM"
1970325146939597053,https://x.com/CoachSWach/status/1970325146939597053,"Way to Early NFL Top 5:
1. Philadelphia Eagles 
2. Buffalo Bills
3. Los Angeles Chargers 
4. Detroit Lions
5. Indianapolis Colts",726626412,CoachSWach,True,16283,"Fallston, MD",0,115,"September 23, 2025 at 03:11 AM"
1970325146016841821,https://x.com/mekky_ayo/status/1970325146016841821,@NFL_Memes Omg,1539995945798082561,mekky_ayo,True,11209,Nigeria,0,6,"September 23, 2025 at 03:11 AM"
1970325145521995897,https://x.com/CoachBrown89/status/1970325145521995897,I’m going to need these sports talk show folks like @stephenasmith and others to stop picking the ravens as the “best team” in the NFL.  2 big games now they’ve just dropped and their defense has looked like SHITTTT.  You too @danorlovsky7,896563773875638272,CoachBrown89,False,261,"Carlisle, PA",0,52,"September 23, 2025 at 03:11 AM"
1970325145471316303,https://x.com/sethgun1800/status/1970325145471316303,@kenefbg Patience paid off I see. My first NFL jersey that guy in 2021,1750203139100114944,sethgun1800,False,445,,0,5,"September 23, 2025 at 03:11 AM"
1970325143575818343,https://x.com/john_sccp_/status/1970325143575818343,Detroit Lionsssss,807336175392407553,john_sccp_,False,1055,"Santo André, Brasil",0,21,"September 23, 2025 at 03:11 AM"
1970325138232299813,https://x.com/nfl_trades/status/1970325138232299813,Ravens defense chasing Montgomery and Gibbs https://t.co/WvWCqQGvPt,707266913,nfl_trades,True,1629,"Myrtle Beach, SC",0,89,"September 23, 2025 at 03:11 AM"
1970325137351418019,https://x.com/uSTADIUM/status/1970325137351418019,DAVID MONTGOMERY SAID “SEE YA” https://t.co/xNKiWgLz2Q,588507819,uSTADIUM,True,61739,"New York, USA",8,674,"September 23, 2025 at 03:11 AM"
1970325136659075467,https://x.com/BradGalli/status/1970325136659075467,"David Montgomery and Detroit’s offense called game. 

Montgomery: 151 rushing yards. Lions: 225 rushing yards  https://t.co/8B3lrWoqdQ",24965613,BradGalli,True,60587,Pure Michigan,47,1908,"September 23, 2025 at 03:11 AM"
1970325136185401611,https://x.com/Brent1Matthews/status/1970325136185401611,@NFL_DovKleiman The giants,608361536,Brent1Matthews,False,387,,0,94,"September 23, 2025 at 03:11 AM"
1970325135891857900,https://x.com/pejuste/status/1970325135891857900,https://t.co/ZN5FVC8FVj,2803878776,pejuste,False,330,"Montréal (Québec),Canada",0,14,"September 23, 2025 at 03:11 AM"
1970325134624834003,https://x.com/albertojrr01/status/1970325134624834003,@NFL_DovKleiman Burrow on the bengals,1183209958898311168,albertojrr01,False,52,,0,73,"September 23, 2025 at 03:11 AM"
1970325133916340495,https://x.com/NewsSportGlobe/status/1970325133916340495,"#NFL WATCH: Derrick Henry crashes out on sidelines, almost starts crying after costly fumble in 4th quarter during Ravens-Lions MNF https://t.co/Uz0UgMaxgU",479709882,NewsSportGlobe,False,195818,,0,272,"September 23, 2025 at 03:11 AM"
1970325133870125547,https://x.com/TweetsOfSportUK/status/1970325133870125547,"#NFL WATCH: Derrick Henry crashes out on sidelines, almost starts crying after costly fumble in 4th quarter during Ravens-Lions MNF https://t.co/cI4etiVPKC",1024686330356359169,TweetsOfSportUK,False,12024,United Kingdom,2,160,"September 23, 2025 at 03:11 AM"
1970325133811425517,https://x.com/Bojack__Dogman/status/1970325133811425517,@ESPNBET @NFL Like if you just won fantasy on that https://t.co/o1PqdbEBV0,540446538,Bojack__Dogman,False,519,,0,13,"September 23, 2025 at 03:11 AM"
1970325132817084682,https://x.com/RMitch41/status/1970325132817084682,Detriot proven that they're still the best team in the NFC North.,1364584205074788352,RMitch41,False,49,,0,42,"September 23, 2025 at 03:11 AM"
1970325132343189873,https://x.com/SportsOnly62/status/1970325132343189873,"@bdubsports_ NFL officiating getting more ASS by the year! Well done, Roger, well done!",1330692768386183170,SportsOnly62,False,257,"Florida, USA",0,20,"September 23, 2025 at 03:11 AM"
1970325131932413979,https://x.com/towman23/status/1970325131932413979,@elisemaxo @Lions @NFL @amonra_stbrown 38-24 1:32 left on the 4th,53581283,towman23,True,468,traverse city Michigan,0,12,"September 23, 2025 at 03:11 AM"
1970325131248705690,https://x.com/djusmarshall/status/1970325131248705690,"I can’t wait to hear all the NFL analysts eat crow tomorrow after writing the Detroit Lions off after week 1. Suck it Dan Orlovsky……Jordan Love who? The MVP has a name and his name is Jared Goff. 

What a game.",132022879,djusmarshall,False,238,"Saskatoon, SK, Canada",0,95,"September 23, 2025 at 03:11 AM"
1970325129902399498,https://x.com/ssk_ssk/status/1970325129902399498,ギャンブルでよくこのプレーコールしたね。繊細なタッチが必要なパスやのに。,157515538,ssk_ssk,False,1776,大阪 あるいは 東京,2,23,"September 23, 2025 at 03:11 AM"
1970325129608749175,https://x.com/frofrank2198/status/1970325129608749175,Josh Simmons being elite was so obvious I’m so annoyed I can’t be an NFL GM,764922312,frofrank2198,False,459,,0,4,"September 23, 2025 at 03:11 AM"
1970325129382318107,https://x.com/TonyXv_/status/1970325129382318107,e o chiefs com PACHECO e HUNT de running backs kkkkkkkkkkkkkkkkkkkkkkkkkkkkkk que piada,2626920459,TonyXv_,False,175,Brazil,0,19,"September 23, 2025 at 03:11 AM"
1970325127788159445,https://x.com/kd_Glo/status/1970325127788159445,"Look at Monty man, so inspirational",2658019369,kd_Glo,False,1483,773,0,37,"September 23, 2025 at 03:11 AM"
1970325127456817600,https://x.com/sterling4hunnid/status/1970325127456817600,4th down with 2 yards? Not only do you go for it but you throw it about 10 yards to your receiver? Dan Campbell might have the biggest balls I’ve ever seen in the NFL. #MNF,1035972887918899200,sterling4hunnid,False,660,,0,64,"September 23, 2025 at 03:11 AM"
1970325126601433208,https://x.com/JxrdAth/status/1970325126601433208,@SleeperHQ @NFL @NFLPlus Dan Campbell the best NFL coach of all time. Debate me,1876734382159089664,JxrdAth,True,715,,0,63,"September 23, 2025 at 03:11 AM"
1970325126211383732,https://x.com/BovadaOfficial/status/1970325126211383732,"MONTGOMERY IS AN RB1 😤🫡

 https://t.co/rOwNLXiVaQ",827245945884643333,BovadaOfficial,True,91995,,3,624,"September 23, 2025 at 03:11 AM"
1970325123082166422,https://x.com/BradyH_216/status/1970325123082166422,"For some odd reason, no one wanted to give the high power Lions a chance tonight…
#OnePride  https://t.co/66kJ31Zfvh",1684773856706224128,BradyH_216,True,9454,"Cleveland, OH",3,142,"September 23, 2025 at 03:11 AM"
1970325121941622903,https://x.com/xxCompz/status/1970325121941622903,@NFL @NFLPlus LFGGGG,1361053565922459648,xxCompz,False,1416,,0,30,"September 23, 2025 at 03:11 AM"
1970325121463111864,https://x.com/shivraj327/status/1970325121463111864,@NFL @NFLPlus DETvsBAL on ESPN/ABC,851269520605892608,shivraj327,True,10118,Delhi ,0,46,"September 23, 2025 at 03:11 AM"
1970325120691642554,https://x.com/d2wuzup/status/1970325120691642554,@NFL @NFLPlus The Lions running game is incredible! 😱🔥😱,1494501155128369156,d2wuzup,True,4889,"Illinois, USA",0,124,"September 23, 2025 at 03:11 AM"
1970325118812659802,https://x.com/EdmontonRaider/status/1970325118812659802,@NFL_DovKleiman Jeanty vs his Oline,35502137,EdmontonRaider,False,1268,San Junipero,0,127,"September 23, 2025 at 03:11 AM"
1970325117814153285,https://x.com/bubba8951/status/1970325117814153285,@NFL Marlon chasing st.brown😂 https://t.co/e6OALRLN18,1320547752938491907,bubba8951,False,2,,1,88,"September 23, 2025 at 03:11 AM"
1970325117558215141,https://x.com/mrwallace918/status/1970325117558215141,BMF came into Baltimore tonight and took Avon and Marlo’s corners!! #NFL,43542817,mrwallace918,False,688,"Durham, NC",0,11,"September 23, 2025 at 03:11 AM"
1970325116933509471,https://x.com/JudyKish152159/status/1970325116933509471,"So BUD LIGHT is the official sponsor of the NFL.  The same company that partnered with transgender influencer Dylan Mulvaney for a promotional campaign. The company hasn't changed their sick views, so why are we buying their beer? Support your local home brewed beers.",1700871372065439744,JudyKish152159,False,71,Wisconsin,0,5,"September 23, 2025 at 03:11 AM"
1970325115456913657,https://x.com/picks4dayzzz/status/1970325115456913657,"Ravens -4-120 3U❌
Lions/Ravens U53.5 -110 2U❌

563-485 (+159.5U) 2025

NFL may take a back seat soon.

11-3 CFB Run continues Friday 🤝",1234932766946549760,picks4dayzzz,True,60148,🚨Get All my Plays Here 👉,17,542,"September 23, 2025 at 03:11 AM"
1970325113447776663,https://x.com/TheBamaNFL/status/1970325113447776663,What a downfield block by JaMo https://t.co/kjcDWV0tAh,1423335848783884297,TheBamaNFL,False,2953,32 cities across the US,5,70,"September 23, 2025 at 03:11 AM"
1970325113028649181,https://x.com/DetroitPodcast/status/1970325113028649181,"John — Lions 
Emmett — Ravens 
Vito —Ravens 
Christian —Ravens 
Fun #NFL",1722881942,DetroitPodcast,True,46228,"Detroit,MI",10,580,"September 23, 2025 at 03:11 AM"
1970325112592441835,https://x.com/GreatStoryCorey/status/1970325112592441835,@NFL @NFLPlus Ravens just can't beat the good teams so far this year,746378342,GreatStoryCorey,True,879,"Virginia, USA",0,143,"September 23, 2025 at 03:11 AM"
1970325112009171068,https://x.com/CalypsoMach/status/1970325112009171068,Jarad Goff  is the best QB in the NFL.,1677694204422639616,CalypsoMach,False,207,"Birmingham, MI",0,17,"September 23, 2025 at 03:11 AM"
1970325111656849572,https://x.com/NewLeaf_News/status/1970325111656849572,David Montgomery with the exclamation point! https://t.co/m5P6mpbMlY,1898709448379731969,NewLeaf_News,True,73,,1,31,"September 23, 2025 at 03:11 AM"
1970325105772503357,https://x.com/Jmother6969/status/1970325105772503357,@NFL_DovKleiman Explains a lot,1825726538198761472,Jmother6969,False,51,"Washington, DC",0,0,"September 23, 2025 at 03:11 AM"
1970325105508303155,https://x.com/WholeNewLions/status/1970325105508303155,"WE JUST BEAT THE FUCK OUT OF THE RAVENS IN BALTIMORE!!!!
#OnePride 
 https://t.co/WkFJxKR1iq",2490736639,WholeNewLions,False,143,"Michigan, USA",0,54,"September 23, 2025 at 03:11 AM"
1970325105218842866,https://x.com/refereeinsider/status/1970325105218842866,"BANG! We are HEATING up✅

NFL 2025: 7-3

DROP A ❤️ IF YOU TAILED!",1851727461546917888,refereeinsider,True,3263,,2,195,"September 23, 2025 at 03:11 AM"
1970325104744869985,https://x.com/xAsToldByKayx/status/1970325104744869985,"my fantasy team and i thank you, knuckles 🙏🏽",174536496,xAsToldByKayx,False,416,probably @ disney world ,1,20,"September 23, 2025 at 03:11 AM"
1970325103935397909,https://x.com/lexzarate/status/1970325103935397909,Seguirán nuestros “expertos” pensando que los ravens son el mejor equipo de la NFL?,269192494,lexzarate,False,340,"Jalisco, MX",0,19,"September 23, 2025 at 03:11 AM"
1970325103142674660,https://x.com/JK99928789839/status/1970325103142674660,@McClain_on_NFL Both the Packers picks for Montez Sweat,1503833419364458496,JK99928789839,False,109,,0,11,"September 23, 2025 at 03:11 AM"
1970325099392741557,https://x.com/BerkleyBets/status/1970325099392741557,"Is there a team that shits down their leg more than #RavensFlock? This team will never win a big game.

#NFL #MNF #MondayNightFootball",1912236466505449472,BerkleyBets,False,9,,0,27,"September 23, 2025 at 03:11 AM"
1970325098616717709,https://x.com/Moore33Gaming/status/1970325098616717709,@NFL @NFLPlus Lmao https://t.co/CXj5QNHrhw,1303779091959746568,Moore33Gaming,True,13775,"North Carolina, USA",10,306,"September 23, 2025 at 03:11 AM"
1970325097819893872,https://x.com/a_mantreyutd/status/1970325097819893872,@NFL @NFLPlus Ravens Run defense https://t.co/lSdEfKOPpa,1614068284185350144,a_mantreyutd,False,60,"Amsterdam, The Netherlands",2,207,"September 23, 2025 at 03:11 AM"
1970325097455174042,https://x.com/YahooSports/status/1970325097455174042,"MONTGOMERY WITH THE POTENTIAL DAGGER TUDDY WITH UNDER TWO TO PLAY 🥶

(via @NFL)

https://t.co/OUzD0IxFc3",7302282,YahooSports,True,577501,,8,1661,"September 23, 2025 at 03:11 AM"
1970325094422794579,https://x.com/Stulord1/status/1970325094422794579,"The Packers beat the Lions… Who beat the Ravens… who beat the Browns… who beat the Packers

You never know what you’re getting every week in the NFL and I love it",739502431189405697,Stulord1,False,574,"Dallas, TX",0,89,"September 23, 2025 at 03:11 AM"
1970325094305288246,https://x.com/DanielBerri6/status/1970325094305288246,NFL🔥🔥 https://t.co/hNcdhGboWV,1561157673130725376,DanielBerri6,True,794,,1,0,"September 23, 2025 at 03:11 AM"
1970325093911011511,https://x.com/sabrinaisgoated/status/1970325093911011511,@NFL_DovKleiman Malik Nabers on the Giants,1823140052668760064,sabrinaisgoated,False,823,He/Him | 20,0,210,"September 23, 2025 at 03:11 AM"
1970325092245614995,https://x.com/AdamRhoads22/status/1970325092245614995,"@slimeptp @impactfbdata And he can’t get open anymore, he did good against the worst secondary in the nfl and then was ass the other two games",1564308955647680517,AdamRhoads22,False,87,,0,1,"September 23, 2025 at 03:11 AM"
1970325090245169619,https://x.com/AT_PDX_OR/status/1970325090245169619,@NFL_Memes Ballsy! https://t.co/g0EDtIoGfu,1493696223324237826,AT_PDX_OR,True,1256,"Portland, OR",0,188,"September 23, 2025 at 03:11 AM"
1970325087715995887,https://x.com/TheBadAgent/status/1970325087715995887,"Does any NFL team fall apart more fantastically, or more thoroughly, than the @Ravens? They are so overrated...",2886017709,TheBadAgent,False,577,,0,25,"September 23, 2025 at 03:11 AM"
1970325087409537211,https://x.com/Marv33Mav/status/1970325087409537211,"I am shocked. I expected The Lions to come in to Baltimore and lose. But The Lions have sent a message to the league that they can beat anyone in The NFL. On the other hand, The Ravens will be fine. I think they are still the team to beat in The AFC. However, defense needs work!",1186225321630228481,Marv33Mav,False,45,"New York, NY",0,93,"September 23, 2025 at 03:11 AM"
1970325086877233343,https://x.com/Nhiem1525598/status/1970325086877233343,@NFL @NFLPlus Chilll,1830597479974547456,Nhiem1525598,True,6064,"Hồ Chí Minh, Việt Nam",0,25,"September 23, 2025 at 03:11 AM"
1970325083744018825,https://x.com/NikeBoyWill_/status/1970325083744018825,@NFL_DovKleiman Judkins on the Browns,1710504862046191616,NikeBoyWill_,False,590,"Virginia, USA",0,136,"September 23, 2025 at 03:11 AM"
1970325083542749520,https://x.com/SunnyComb000/status/1970325083542749520,"@MichaelBoccher @NFL What do you want from him, Oline can't block, Henry fumbles again and the defence is crap",1385898310444077059,SunnyComb000,False,149,,1,34,"September 23, 2025 at 03:11 AM"
1970325083261472968,https://x.com/ShooterKillerYT/status/1970325083261472968,@NFL @NFLPlus RHE GOAT,950796501441220609,ShooterKillerYT,True,739,"Detroit, MI",0,149,"September 23, 2025 at 03:11 AM"
1970325080594145700,https://x.com/br_betting/status/1970325080594145700,"DAVID MONTGOMERY SLAMS THE DOOR FOR LIONS BETTORS 🤑 

(Via @NFL) 

https://t.co/jPiBmYPhPv",1006968353359925248,br_betting,True,455933,,37,4701,"September 23, 2025 at 03:11 AM"
1970325080434499897,https://x.com/intrinsicvalyou/status/1970325080434499897,💥 BOOM: @Lions Super Bowl window is OPEN https://t.co/pS7lWQ385m,1323869257407614977,intrinsicvalyou,True,3905,,1,81,"September 23, 2025 at 03:11 AM"
1970325079692321280,https://x.com/Julio_oGee/status/1970325079692321280,Lamar can have all his MVPs my QB wins these type of games! Ravens beat  up on sorry teams and pumpkin when they play any good team #MNF #NFL #Eagles #FlyEaglesFly,219122621,Julio_oGee,False,164,,0,49,"September 23, 2025 at 03:11 AM"
1970325078551441844,https://x.com/postpunkXwave/status/1970325078551441844,"The Game of Football has passed John Harbaugh by.

It can’t continue if the organization wants real success. 

We’ll be lucky to win 9-10 games this year.

#RavensFlock #NFL #Coach #Baltimore #Ravens",1932108771129458688,postpunkXwave,False,127,,0,75,"September 23, 2025 at 03:11 AM"
1970325077070881205,https://x.com/bcb169/status/1970325077070881205,@NFL Didn't matter holding.... 1st down. But that's the difference between a good coach and a shitty coach. Campbell plays to win JH plays not to lose. (kicked to Buffalo on 4th and 2),75852317,bcb169,False,180,,0,28,"September 23, 2025 at 03:11 AM"
1970325077053821078,https://x.com/CourtneeHendrix/status/1970325077053821078,Nfl windows really be so small for a championship lol,361967583,CourtneeHendrix,False,6056,Big Bessma,1,252,"September 23, 2025 at 03:11 AM"
1970325076051669310,https://x.com/double_deck3/status/1970325076051669310,Ravens don’t look anywhere close to being a SB contender this yr,757385709678268416,double_deck3,False,218,,0,80,"September 23, 2025 at 03:11 AM"
1970325074860482911,https://x.com/MSSmith76/status/1970325074860482911,"NFC North is the best division in the NFL. 
And they also have the Bears",60764501,MSSmith76,False,88,Over There,0,23,"September 23, 2025 at 03:11 AM"
1970325071878340947,https://x.com/NigelH923/status/1970325071878340947,@NFL @NFLPlus yikessss,2856137904,NigelH923,False,728,,0,47,"September 23, 2025 at 03:11 AM"
1970325071735726371,https://x.com/Oilersfan231/status/1970325071735726371,@SandblasterSzn switch NFL and NHL then 10/10 list,1899217897635069952,Oilersfan231,False,32,,0,4,"September 23, 2025 at 03:11 AM"
1970325071399985280,https://x.com/Paulrotifa/status/1970325071399985280,@NFL @NFLPlus ravens not winning anything,1073397296539279361,Paulrotifa,False,157,"Dallas, TX",1,62,"September 23, 2025 at 03:11 AM"
1970325070758433155,https://x.com/blkngreeen/status/1970325070758433155,NFL so week to week man. The best team in the NFC North is currently unknown.,1160722722386849792,blkngreeen,False,493,Megapolis,0,28,"September 23, 2025 at 03:11 AM"
1970325070078751092,https://x.com/TheJackNorman/status/1970325070078751092,"Lions walked in the Ravens crib and put their feet on the couch 
#nfl @Lions #Detroit https://t.co/wuOTycU97e",383263557,TheJackNorman,False,2235,Arkansas & Louisiana ,4,148,"September 23, 2025 at 03:11 AM"
1970325069692850686,https://x.com/SeanSoundPsych/status/1970325069692850686,2025-2026 NFL script is fire. 😏,1071077455203590145,SeanSoundPsych,True,3910,United States,0,25,"September 23, 2025 at 03:11 AM"
1970325067663057192,https://x.com/Renaissance567/status/1970325067663057192,🇺🇸 @NFL “MONDAY NIGHT FOOTBALL 🏈” YOU 👀! NO PROBLEM JUST RUN THE 🏈 FOR 225 YARDS AND WIN @Lions 🎉. Plane ride gonna be sweet going home tonight! That @Ravens defense can’t stop a “Noise” bleed😓,314877626,Renaissance567,True,140,"New York, NY",0,82,"September 23, 2025 at 03:11 AM"
1970325065456812474,https://x.com/Richee_C/status/1970325065456812474,"@Willpa11 He also has the best OL in the game. They run the ball exceptionally well and he barely gets touched. Not throwing shade, Goff is very good, but a lot of QBs in the NFL would ball out given those circumstances.",91373418,Richee_C,False,99,NYC/NJ/Other Places,1,26,"September 23, 2025 at 03:11 AM"
1970325064802287981,https://x.com/heyimkesler/status/1970325064802287981,@RyB_311 Mfs were writing them off just cuz they went up against probably one of the best defenses in the NFL,1219478796035940352,heyimkesler,False,229,,4,464,"September 23, 2025 at 03:11 AM"
1970325064697450517,https://x.com/Prophet_Gambino/status/1970325064697450517,@Patthebat3434 @CormaniMcClain2 I got you. What cormani doing is saving himself before the nfl give him that shadur treatment 👀 let that sink in 😂,1316247830,Prophet_Gambino,False,384,Securing the bag,1,5,"September 23, 2025 at 03:11 AM"
1970325064429261137,https://x.com/tbruff412/status/1970325064429261137,Knuckles 👊,1951839467922489344,tbruff412,False,8,"Waterford, MI",0,16,"September 23, 2025 at 03:11 AM"
1970325062336098576,https://x.com/PostquisLIVE/status/1970325062336098576,@NFL @NFLPlus Montgomery rolling down the boulevard for SIX,973977259320266752,PostquisLIVE,True,3420,U.S.A.,1,712,"September 23, 2025 at 03:11 AM"
1970325061161849338,https://x.com/Keepthefood69/status/1970325061161849338,@woodwardsports @CaesarsSports @Lions @Ravens @NFL @Nitro_Quantum @Nitro_Quantum 😃. Boy I love this team. Really Elite on both sides of the trenches,3335574671,Keepthefood69,False,52,"Atl, Ga",0,58,"September 23, 2025 at 03:11 AM"
1970325061098946712,https://x.com/_nickvarela/status/1970325061098946712,@NFL_DovKleiman Cam Ward,3313890224,_nickvarela,False,107,,1,120,"September 23, 2025 at 03:11 AM"
1970325059454562775,https://x.com/Issa_CharlieB/status/1970325059454562775,They gotta be the stupidest team in the NFL.,243315259,Issa_CharlieB,False,1256,At the end of the bar,0,20,"September 23, 2025 at 03:11 AM"
1970325058972520699,https://x.com/ratbirdchirps/status/1970325058972520699,Maybe the biggest group of pussies of a 53 man nfl roster I’ve ever seen,1934456209903644672,ratbirdchirps,False,56,6’4” 220,0,3,"September 23, 2025 at 03:11 AM"
1970325058280399201,https://x.com/liamjb23/status/1970325058280399201,@NFL @NFLPlus https://t.co/gyMQ6WjegG,3766414697,liamjb23,False,250,,0,62,"September 23, 2025 at 03:11 AM"
1970325056367849666,https://x.com/TheFFBWizard/status/1970325056367849666,@NFL @NFLPlus this run just lost me my week after thinking I had an easy win 🫠,1942681274079932416,TheFFBWizard,False,41,"New Jersey, USA",3,167,"September 23, 2025 at 03:11 AM"
1970325054350127606,https://x.com/LovesteinCCCI/status/1970325054350127606,@NFL @NFLPlus https://t.co/lYnCi09Hwk,1147880535533993984,LovesteinCCCI,False,69,,0,19,"September 23, 2025 at 03:11 AM"
1970325052953661805,https://x.com/0xGonna/status/1970325052953661805,@NFL @NFLPlus Ravens defense is so bad!,1577774136306253824,0xGonna,True,917,,0,273,"September 23, 2025 at 03:11 AM"
1970325052034805809,https://x.com/CueFast/status/1970325052034805809,@NFL_DovKleiman Lamar with the poverty ravens,1141564051195142144,CueFast,False,103,"Brooklyn, NY",8,225,"September 23, 2025 at 03:11 AM"
1970325051917336993,https://x.com/pmidnight16/status/1970325051917336993,They doing this without ben johnson too,66854683,pmidnight16,False,2624,"Queens, NY",1,52,"September 23, 2025 at 03:11 AM"
1970325051913449745,https://x.com/BettingPros/status/1970325051913449745,"Make it 2 for Monty (+850)

The Lions (+200) are going hand the Ravens a 1-2 record to start the season 👀 https://t.co/Z3v9LpatoO",1014387404315258880,BettingPros,True,21261,"Las Vegas, NV",0,288,"September 23, 2025 at 03:11 AM"
1970325050935873621,https://x.com/stoolgambling/status/1970325050935873621,DAVID MONTGOMERY DAGGER https://t.co/W1DQHAIc1s,926324367054786562,stoolgambling,True,610847,,43,7702,"September 23, 2025 at 03:11 AM"
1970325049870876828,https://x.com/theScore/status/1970325049870876828,"DAVID MONTGOMERY DAGGER. 🗡️

(🎥: @NFL)
https://t.co/eCJ2ZeSbhr",15256225,theScore,True,608071,,9,1800,"September 23, 2025 at 03:11 AM"
1970325048796860687,https://x.com/TyFromTheSky/status/1970325048796860687,It’s a mentality thing for an NFL head coach. You set the tone. And Zac Taylor tone has always been soft. If you as a coach tell your offensive linemen you wanted them because they’re better at pass blocking…like why even put that out there?,443112519,TyFromTheSky,False,311,,0,7,"September 23, 2025 at 03:11 AM"
1970325048692240500,https://x.com/Meriwest/status/1970325048692240500,@NFL @NFLPlus Lions putting the NFC on notice 👀,45005852,Meriwest,True,1631,"San Jose, CA",0,185,"September 23, 2025 at 03:11 AM"
1970325048419590236,https://x.com/fashion_nfl/status/1970325048419590236,Not too shabby. https://t.co/gWaA3eR19E,1247894345866346504,fashion_nfl,True,80771,,77,2172,"September 23, 2025 at 03:11 AM"
1970325046750233072,https://x.com/NFLFantasy/status/1970325046750233072,"Who just won (or lost) their fantasy matchup on this run by David Montgomery??

29.4 fantasy points for the Lions RB 😤 

https://t.co/zFN6pikcnq",157157264,NFLFantasy,True,1215186,,75,6877,"September 23, 2025 at 03:11 AM"
1970325046011781199,https://x.com/CTEYinzer/status/1970325046011781199,@NFL @NFLPlus Ravens suck,1459159442134470664,CTEYinzer,True,459,"Pittsburgh, PA",0,124,"September 23, 2025 at 03:11 AM"
1970325045659775456,https://x.com/jacobykenjbury/status/1970325045659775456,@NFL_DovKleiman NBA,1622399293242884096,jacobykenjbury,False,69,Panama,0,2,"September 23, 2025 at 03:11 AM"
1970325041930707124,https://x.com/zgsportsmedia/status/1970325041930707124,DAVID MONTGOMERY SEALS IT FOR THE LIONS!! https://t.co/7oFy8Bhaw6,1757582428409884674,zgsportsmedia,False,221,,1,76,"September 23, 2025 at 03:11 AM"
1970325041884643758,https://x.com/DboyLani/status/1970325041884643758,"Best Team in NFL ‼️‼️‼️‼️ 
🦁",519158396,DboyLani,False,472,"Detroit,MI - Austin,TX",0,6,"September 23, 2025 at 03:11 AM"
1970325040441831920,https://x.com/LeShowgirl/status/1970325040441831920,Acho que o Derrick Henry não tem psicológico pra jogar na nfl https://t.co/H0xgInTr8A,1277378883852124161,LeShowgirl,False,309,taybrina,0,106,"September 23, 2025 at 03:11 AM"
1970325039557026095,https://x.com/TooMuchMortons_/status/1970325039557026095,This run just won me a matchup thank you Monty https://t.co/vaqRCQ4IZX,1118204636760924160,TooMuchMortons_,True,21673,,4,1298,"September 23, 2025 at 03:11 AM"
1970325039250874737,https://x.com/CapsColts/status/1970325039250874737,@NFL_DovKleiman Dov fucking sucks,381254857,CapsColts,False,202,,1,118,"September 23, 2025 at 03:11 AM"
1970325037690560714,https://x.com/TheDouble6/status/1970325037690560714,"@NFL @NFLPlus turbo boost activated

sorry baltimore, this ones a wrap",894773124264108032,TheDouble6,True,2056,on a dusty boxcar wall ,0,686,"September 23, 2025 at 03:11 AM"
1970325037216637023,https://x.com/KnicksCityKing/status/1970325037216637023,Detroit what!  Yo they got a good team over there! Solid players! Great coach! @NFL @espn #NFL,1405893270203420675,KnicksCityKing,False,52,"Queens, NY",0,12,"September 23, 2025 at 03:11 AM"
1970325036486500359,https://x.com/Ashiq_017/status/1970325036486500359,What A Win. #Lions #NFL,1814281807816523776,Ashiq_017,False,17,,0,38,"September 23, 2025 at 03:11 AM"
1970325034511261939,https://x.com/MrLongnutt/status/1970325034511261939,Its Week 3 and both my NFL team and my Fantasy Team are already fucking toast! https://t.co/t9v3xUObhg,1462572308095279104,MrLongnutt,False,322,"Athens, GA",1,3,"September 23, 2025 at 03:11 AM"
1970325033944822007,https://x.com/LuksikJared/status/1970325033944822007,@NFL @NFLPlus He saved my fantasy team,1493021374796996613,LuksikJared,False,6,Antioch Illinois ,0,63,"September 23, 2025 at 03:11 AM"
1970325029834682403,https://x.com/Mario_Taktica/status/1970325029834682403,"Escrito en Semana #1, Baltimore es solo un buen animador de la #NFL no alcanzará tampoco este año para más que eso...",324995932,Mario_Taktica,False,2058,,0,24,"September 23, 2025 at 03:11 AM"
1970325028001522130,https://x.com/JLuis656/status/1970325028001522130,@DavoAguilar Dime que no sabes de NFL sin decirme que no sabes ….. se nota que acabas de perder tus últimos 100 pesos muerto de hambre jajaja,1731796450344906752,JLuis656,False,30,,0,12,"September 23, 2025 at 03:11 AM"
1970325027955581270,https://x.com/UnderCo56515875/status/1970325027955581270,"Montgomery went off‼️

Gibbs &amp; Montgomery the best RB duo in the NFL

#OnePride",1326721368134709251,UnderCo56515875,False,478,"Detroit, MI",0,43,"September 23, 2025 at 03:11 AM"
1970325027200635367,https://x.com/K2EFFS/status/1970325027200635367,henry sold big time.,1015052615892205568,K2EFFS,False,10643,,0,34,"September 23, 2025 at 03:11 AM"
1970325026273665481,https://x.com/MC_Khale/status/1970325026273665481,BTA,601244106,MC_Khale,False,304,Suburbs,0,15,"September 23, 2025 at 03:11 AM"
1970325026009231707,https://x.com/_Nablo_/status/1970325026009231707,Fantasy JUMPING!,1095911908660703232,_Nablo_,False,124,PA.,0,18,"September 23, 2025 at 03:11 AM"
1970325025699098803,https://x.com/datDamn_ARIN/status/1970325025699098803,So the 1-win Ravens and 1-win Chiefs will still be the storyline of the @nfl this week. #BookIt #DETvsBAL,497303510,datDamn_ARIN,False,196,Texas,1,135,"September 23, 2025 at 03:11 AM"
1970325024340123801,https://x.com/fyeahGH/status/1970325024340123801,!!!!!!!!!!!!,288060573,fyeahGH,False,3835,USofA,0,18,"September 23, 2025 at 03:11 AM"
1970325022414905860,https://x.com/westcoastbills/status/1970325022414905860,@HuskiesJack Bad NFL quarterbacks also!,1383806502738173953,westcoastbills,False,1,,0,3,"September 23, 2025 at 03:11 AM"
1970325022221680937,https://x.com/LionsOnTap/status/1970325022221680937,"Knuckles seals it for the Detroit Lions!

#OnePride

 https://t.co/bbQUnQbPaD",1248450165620576256,LionsOnTap,False,5675,"Detroit, MI",4,219,"September 23, 2025 at 03:11 AM"
1970325022196777159,https://x.com/KBProps/status/1970325022196777159,"Lamar Jackson UD Free Square 2x Slip ✅

Free square + free pair = FREE CASH. Hope y’all tailed this one as well

Drop a ❤️ if you tailed this slip!

📊 @propsdotcash 

#Gambling #GamblingTwitter #NFL
 #UnderdogFantasy #PlayerPropBets https://t.co/GIhi2nER3l",1141003551944130560,KBProps,True,5338,At the bank 🏦,0,145,"September 23, 2025 at 03:11 AM"
1970325020959482018,https://x.com/FromRagsToGP/status/1970325020959482018,@NFL_Memes is this an obese problem or something? wtf intern,1104934245645107201,FromRagsToGP,False,690,,1,36,"September 23, 2025 at 03:11 AM"
1970325018379952490,https://x.com/YahooFantasy/status/1970325018379952490,"WHO WON THEIR FANTASY MATCHUP BECAUSE DAVID MONTGOMERY DIDN'T GO DOWN AT THE ONE
https://t.co/sFSBiBNdvz",59578815,YahooFantasy,False,399905,,13,3095,"September 23, 2025 at 03:11 AM"
1970325017708683765,https://x.com/JSp3rry/status/1970325017708683765,This play is almost making me physically ill,409043816,JSp3rry,False,389,Mountain Man,0,8,"September 23, 2025 at 03:11 AM"
1970325016500695281,https://x.com/idlxwxrship/status/1970325016500695281,the lions might actually be better than last year 😭,761705619204153344,idlxwxrship,False,4327,uruguay/méxico/liverpool/NE,0,46,"September 23, 2025 at 03:11 AM"
1970325015888552217,https://x.com/Sanjay__Tweets/status/1970325015888552217,@NFL @NFLPlus Amazing touch down 🔥💪,1578779753213231105,Sanjay__Tweets,True,415,,0,142,"September 23, 2025 at 03:11 AM"
1970325015318143017,https://x.com/Endzone_Brasil/status/1970325015318143017,"MONTGOMERY COM MAIS UM TOUCHDOWN PARA OS LIONSSSSS

 https://t.co/fER0Y9u3RV",80865001,Endzone_Brasil,True,99853,Brasil,22,678,"September 23, 2025 at 03:11 AM"
1970325014059880882,https://x.com/AeSR27/status/1970325014059880882,"امون را بمساحة ضيقة وقدر يجيبها

ومابجحد قوف الرمية خيالية حطها فحضنه https://t.co/kXGkQgO9Du",1341972787,AeSR27,False,411,🌉,0,10,"September 23, 2025 at 03:11 AM"
1970325013653004367,https://x.com/ezioluvr/status/1970325013653004367,Fairs Goff good throw boss,1318383450148139011,ezioluvr,False,430,Sunset beach,0,38,"September 23, 2025 at 03:11 AM"
1970325011031564359,https://x.com/JomboyMediaFB/status/1970325011031564359,David Montgomery may have just ran the Lions into the win column https://t.co/866E0R4Psx,1006552365787467776,JomboyMediaFB,True,11118,,4,310,"September 23, 2025 at 03:11 AM"
1970325009731330507,https://x.com/Rabid_Razorback/status/1970325009731330507,👏Got to love Dan Campbell,2283497768,Rabid_Razorback,False,3135,,0,81,"September 23, 2025 at 03:11 AM"
1970325009223545313,https://x.com/ChiefInSD/status/1970325009223545313,It feels like every team in the NFL has AT LEAST two running backs better than Pacheco,845754638771146754,ChiefInSD,False,1581,,8,121,"September 23, 2025 at 03:11 AM"
1970325009202585896,https://x.com/kenefbg/status/1970325009202585896,NIGHT NIGHT,1183063107322728448,kenefbg,False,2909,Phil 4:13,1,28,"September 23, 2025 at 03:11 AM"
1970325008325980244,https://x.com/fourdtough/status/1970325008325980244,@NFL @NFLPlus TOTIN THAT THANG!,33839778,fourdtough,True,11331,"Nashville, TN",0,443,"September 23, 2025 at 03:11 AM"
1970325007890030955,https://x.com/MISportsMedia/status/1970325007890030955,"What a fuckin beaut
 https://t.co/rH6Tmf1FK0",1859620222178615296,MISportsMedia,True,282,"Michigan, USA",1,10,"September 23, 2025 at 03:11 AM"
1970325007432851848,https://x.com/jwoody4924/status/1970325007432851848,Dan Campbell to the NFL https://t.co/A4LWZVS44o,1742716033851346944,jwoody4924,False,92,"Winston-Salem, NC",1,29,"September 23, 2025 at 03:11 AM"
1970325007411879990,https://x.com/itson2sweetz/status/1970325007411879990,@NFL @NFLPlus https://t.co/2evjBuNJTD,1374747516386820104,itson2sweetz,False,77,ADEXECUTIVEZSWEETZ™️,0,20,"September 23, 2025 at 03:11 AM"
1970325007009226843,https://x.com/solohour/status/1970325007009226843,Bye Ravens.,1549184826,solohour,False,7770,"San Diego, CA",0,43,"September 23, 2025 at 03:11 AM"
1970325005666779448,https://x.com/woodwardsports/status/1970325005666779448,the detroit lions are so so so so back :) https://t.co/8yIn6qjPrt,1289220776240058368,woodwardsports,True,118768,"Michigan, USA",54,2050,"September 23, 2025 at 03:11 AM"
1970325004836577461,https://x.com/ESPNBET/status/1970325004836577461,"DAVID MONTGOMERY GETS LOOSE FOR HIS SECOND TOUCHDOWN OF THE NIGHT TO ICE THE GAME FOR THE LIONS (+195)! 🤯

✅ To Score 2+ TDs (+800)

(via @NFL)
https://t.co/Ug2yMLc3Mk",21254264,ESPNBET,True,5351570,,18,4950,"September 23, 2025 at 03:11 AM"
1970325004823720418,https://x.com/N8META/status/1970325004823720418,@NFL @NFLPlus Bro just won me the week while the guy I played against had 3 players play today,1861268292389703680,N8META,True,857,,4,717,"September 23, 2025 at 03:11 AM"
1970325004337250691,https://x.com/JxWalker5/status/1970325004337250691,@NFL @NFLPlus Have a game then Monty😤,1574529114270322700,JxWalker5,False,104,,0,65,"September 23, 2025 at 03:11 AM"
1970325004165525763,https://x.com/itsatrap2025/status/1970325004165525763,@NFL @NFLPlus https://t.co/sE1j8VRAbl,744955212662661121,itsatrap2025,True,3177,,14,693,"September 23, 2025 at 03:11 AM"
1970325003360182777,https://x.com/WCBallGames/status/1970325003360182777,"Has the Baltimore Ravens’ domination over the NFL NFC ended tonight?

Baltimore Ravens 
Detroit Lions https://t.co/posfWEIN8S",1594172432499494914,WCBallGames,True,1370,USA,0,100,"September 23, 2025 at 03:11 AM"
1970325000898130208,https://x.com/JasonGregor/status/1970325000898130208,"@TangenKeven @roeraby NFL became more like CFL when they passed more. Four downs is never coming. Field will stay wide, 12 men, waggle, no fair catch. The size of field changes very little, but actually with 15 yard endzone the full length of field is still bigger than NFL. Enjoy your day.",29306435,JasonGregor,True,97934,"Edmonton, AB",0,13,"September 23, 2025 at 03:11 AM"
1970325000390598884,https://x.com/H3Cryptocrypto/status/1970325000390598884,Omgggggggggg montgomery rushing ladder 50’60 70 80 90 uds montgomery 2 td alt over 61.5 hit #Nfl @Lions,1591863714244091906,H3Cryptocrypto,False,593,,0,45,"September 23, 2025 at 03:11 AM"
1970324999572726196,https://x.com/laraiyeo/status/1970324999572726196,@NFL @NFLPlus David Montgomery with yet another massive play to get the touchdown 🏈 https://t.co/YwjYEREwrY,1949109407704354817,laraiyeo,True,37,,0,162,"September 23, 2025 at 03:11 AM"
1970324999262347689,https://x.com/MGsebastian19/status/1970324999262347689,@NFL_Memes 😂😂,749282079469400064,MGsebastian19,False,17,Peru,0,152,"September 23, 2025 at 03:11 AM"
1970324999249821735,https://x.com/lv_news_in_jp/status/1970324999249821735,"2024年の大統領選挙ではアメフトNFLラスベガス・レイダーズのホームであるアレジアントスタジアムに投票所が設置され、4200人以上がここで投票。州内で最も人気の投票所だった。https://t.co/3ZEeMBdEvd

初めて投票した人は35%で、他の投票所の平均である20%より高かった。また平均年齢も10歳下がった。

チアリーダーやゆるきゃらが投票を促し、セルフィー撮影所が設けられるなど、楽しい雰囲気を演出。投票者に配られる「投票しました」ステッカーはスタジアム限定デザインだった。",108391824,lv_news_in_jp,True,7259,"Las Vegas, NV (米国)",0,54,"September 23, 2025 at 03:11 AM"
1970324999241417110,https://x.com/KalshiFB/status/1970324999241417110,The Goff / St. Brown connection can’t be stopped https://t.co/pjAkl6LgwU,3084795454,KalshiFB,True,62987,Available in all 50 states🇺🇸,0,667,"September 23, 2025 at 03:11 AM"
1970324998947741944,https://x.com/wagerkingz_/status/1970324998947741944,David Montgomery put on a show tonight😤 https://t.co/5mYnRxTELc,1843860413882286080,wagerkingz_,True,1979,Free Discord 👉,0,43,"September 23, 2025 at 03:11 AM"
1970324996200301014,https://x.com/DuckzSzn/status/1970324996200301014,@NFL @NFLPlus Ravens run defense: https://t.co/Bh2tWyNmye,882566263612084227,DuckzSzn,False,792,Watching sports,7,389,"September 23, 2025 at 03:11 AM"
1970324995290341583,https://x.com/Kd7_Szn/status/1970324995290341583,@NFL @bianchixtm @NFLPlus Always comes up big,880581464672186368,Kd7_Szn,True,3212,,1,59,"September 23, 2025 at 03:11 AM"
1970324994564726884,https://x.com/ShruGawade/status/1970324994564726884,@NFL @NFLPlus Montgomery is unstoppable tonight🏈🔥,1445018147614953475,ShruGawade,True,2316,,0,193,"September 23, 2025 at 03:11 AM"
1970324994497380484,https://x.com/NFL_DovKleiman/status/1970324994497380484,Explain in NFL terms: https://t.co/8wbiLl2Gd7,93910940,NFL_DovKleiman,True,359552,,30,5764,"September 23, 2025 at 03:11 AM"
1970324990907294121,https://x.com/dideluca_/status/1970324990907294121,🍿🍿,1837160816,dideluca_,False,489,Rio de Janeiro,0,25,"September 23, 2025 at 03:10 AM"
1970324990164947446,https://x.com/CostaWuemerson/status/1970324990164947446,@NFL @NFLPlus Omg,1085721336922681344,CostaWuemerson,True,1369,🏐,0,51,"September 23, 2025 at 03:10 AM"
1970324988419883136,https://x.com/Guille_x77/status/1970324988419883136,"Que manera de dominar al QB más versátil de la NFL. Lamar no pudo hacer nada! Tremendo trabajo de los Lions, sin fisuras! #MNF",105849428,Guille_x77,False,553,,0,47,"September 23, 2025 at 03:10 AM"
1970324987341852956,https://x.com/LeviIjahaman2/status/1970324987341852956,Lions 🦁 🔥 🔥 🔥,1254503751324520450,LeviIjahaman2,False,2377,Canada,0,49,"September 23, 2025 at 03:10 AM"
1970324986981425554,https://x.com/King29Beat/status/1970324986981425554,@NFL @NFLPlus That’s game 💯 🏈,992587045871681536,King29Beat,True,2181,"Lexington, MO",0,293,"September 23, 2025 at 03:10 AM"
1970324984838136237,https://x.com/gdp1467/status/1970324984838136237,One of the Ravens or Chiefs will be 1-3 after next week's meeting. #NFL,1710560983,gdp1467,False,160,"Toronto, Ontario",0,44,"September 23, 2025 at 03:10 AM"
1970324984795931126,https://x.com/blondiestakes/status/1970324984795931126,Goff to St. Brown for the 🗡🗡🗡 https://t.co/wiJFh6bbA0,1759439270279032832,blondiestakes,True,122,,0,15,"September 23, 2025 at 03:10 AM"
1970324984586477950,https://x.com/MortimerGoBlue/status/1970324984586477950,@Bigmac161616 @Lions @NFL_MNF He saw your post 😆,1649844133157036037,MortimerGoBlue,True,2233,,1,35,"September 23, 2025 at 03:10 AM"
1970324982543659412,https://x.com/EdwardTI32/status/1970324982543659412,"It for sure was not, but we still pulled off the win.  Refs and @NFL need to be held accountable on that one.",1082666529240555521,EdwardTI32,False,84,Detroit,0,3,"September 23, 2025 at 03:10 AM"
1970324980228350444,https://x.com/ProfitVIPs/status/1970324980228350444,"Over 27 2H x2 💰💰💰

Over 53.5 💰💰💰

We continue to dominate NFL primetime 🔥

Congrats to the discord and PB community https://t.co/mY9wBbLF2u",2914924348,ProfitVIPs,True,48677,,12,1398,"September 23, 2025 at 03:10 AM"
1970324973391941801,https://x.com/sizeemupsports/status/1970324973391941801,Not a single person would’ve predicted a Week 4 matchup between the 1-2 Chiefs and 1-2 Ravens. Gotta love the NFL. #MondayNightFootball #RavensFlock,1413364399474151424,sizeemupsports,True,181,,0,96,"September 23, 2025 at 03:10 AM"
1970324972662071313,https://x.com/FamousForsythe/status/1970324972662071313,Lamar wasn’t Superman tonight and now THE WHOLE NFL WORLD KNOWS how many holes there is on the O line and how shit Zach Orr is,2889990501,FamousForsythe,True,208,"Knoxville, TN",0,54,"September 23, 2025 at 03:10 AM"
1970324972536009153,https://x.com/adm_locks/status/1970324972536009153,"🚨NFL PLAYER PROP #4🏈

Let’s go we cash another play tonight as Amon Ra St Brown gets 60+ Rec Yards vs The Ravens

We move to 3-0 on the day🔥

Derrick Henry 80+ Rush Yards⏳

❤️if you tailed this play 

Follow For More🔒🔒 https://t.co/O34z2B31VN",1854218729141219329,adm_locks,True,1381,,0,606,"September 23, 2025 at 03:10 AM"
1970324971118358915,https://x.com/NFLFrascella/status/1970324971118358915,"DAVID MONTGOMERY PUTS THE NAIL IN THE RAVENS COFFIN
 https://t.co/Ah4hLmmznT",49756068,NFLFrascella,True,95131,"Northeast, U.S.",11,571,"September 23, 2025 at 03:10 AM"
1970324970711720378,https://x.com/SleeperHQ/status/1970324970711720378,@NFL @NFLPlus Dan Campbell https://t.co/yv1YzQxmwj,27098695,SleeperHQ,True,264382,"San Francisco, CA",65,2292,"September 23, 2025 at 03:10 AM"
1970324968237080619,https://x.com/rabdyrobib/status/1970324968237080619,Who needs Ben Johnson? Lmfao the lions devoured this frauds.  #lionsvsravens #nfl,1281781470940430338,rabdyrobib,False,79,,1,44,"September 23, 2025 at 03:10 AM"
1970324967079268511,https://x.com/BeastyOnX/status/1970324967079268511,@NFL @NFLPlus Dagger,1872369811390439424,BeastyOnX,False,42,IDK,0,72,"September 23, 2025 at 03:10 AM"
1970324966051840184,https://x.com/Vdawg63/status/1970324966051840184,@NFL @NFLPlus I needed that to be Gibbs,2426240983,Vdawg63,False,276,"Kennesaw, GA",0,120,"September 23, 2025 at 03:10 AM"
1970324963807895779,https://x.com/BubTheGr8/status/1970324963807895779,@NFL_DovKleiman You know she smelled good.,838628418,BubTheGr8,False,46,"Camden, NJ",0,4,"September 23, 2025 at 03:10 AM"
1970324963711447243,https://x.com/Man47G/status/1970324963711447243,@NFL The lions really are doing their thing without Ben Johnson They're still a good team,1401952804588212239,Man47G,False,230,,0,73,"September 23, 2025 at 03:10 AM"
1970324962931286403,https://x.com/koper06/status/1970324962931286403,@NFL @NFLPlus Shoulda went down n sealed it,1291516029743620098,koper06,False,53,"New York, USA",3,186,"September 23, 2025 at 03:10 AM"
1970324962927129019,https://x.com/LamarsGood/status/1970324962927129019,@jasrifootball Ravens D line the worst in the NFL have fun,780123481031610368,LamarsGood,False,443,,4,216,"September 23, 2025 at 03:10 AM"
1970324962238988511,https://x.com/BroItsFootball/status/1970324962238988511,"David Montgomery breaks loose for a 31-yard TOUCHDOWN run and that looks like the dagger!

It's 38-24 Ravens with 1:42 remaining.

#NFL #MondayNightFootball #Lions #Ravens #BroItsFootball",1628833603600715776,BroItsFootball,False,2489,,0,170,"September 23, 2025 at 03:10 AM"
1970324960519561687,https://x.com/jumpmandla/status/1970324960519561687,And that’s game!,3435367570,jumpmandla,False,702,,0,7,"September 23, 2025 at 03:10 AM"
1970324959328428385,https://x.com/Michael47758465/status/1970324959328428385,@Daniusd22 @NFL_DovKleiman So good,902932910617092099,Michael47758465,False,303,,0,1,"September 23, 2025 at 03:10 AM"
1970324959189967284,https://x.com/SasquatchTrails/status/1970324959189967284,@NFL @NFLPlus Go!,1871686700159926272,SasquatchTrails,True,2911,𝕿𝖍𝖊 𝕿𝖗𝖊𝖓𝖈𝖍𝖊𝖘,0,37,"September 23, 2025 at 03:10 AM"
1970324957553942581,https://x.com/86xdad/status/1970324957553942581,@Sa6orii @XizynaHunzuna @NFL @NFLPlus To be fair those defenders are also just really fast,1899177559704629248,86xdad,False,16,,1,9,"September 23, 2025 at 03:10 AM"
1970324957285810417,https://x.com/gamechalksports/status/1970324957285810417,MONTY CALLS GAME https://t.co/L91Ua6TBiJ,1950927930265370624,gamechalksports,True,1744,,0,33,"September 23, 2025 at 03:10 AM"
1970324956199166282,https://x.com/CryptoLowski/status/1970324956199166282,@NFL @NFLPlus Detroit crushing,1856336312598704133,CryptoLowski,True,9031,"Toronto, Ontario",2,427,"September 23, 2025 at 03:10 AM"
1970324954773180523,https://x.com/chilldude74/status/1970324954773180523,LIONS ARE A TOP 3 TEAM IN THE NFL   https://t.co/1rnMURXh4z,1756166756186398720,chilldude74,True,10190,HMB FC ,12,99,"September 23, 2025 at 03:10 AM"
1970324953791861132,https://x.com/MNutria_/status/1970324953791861132,Impactada con los resultados de la NFL este fin de semana.,100304774,MNutria_,False,489,,0,2,"September 23, 2025 at 03:10 AM"
1970324953447776303,https://x.com/MikeKarls/status/1970324953447776303,@HarrisFootball St. Brown is the best receiver in the NFL,58115055,MikeKarls,False,240,,0,11,"September 23, 2025 at 03:10 AM"
1970324951220838549,https://x.com/Trenz_4vz/status/1970324951220838549,@Scarboildotcom @NFL_DovKleiman Bro got people defending men wearing perfume on here,1940452881515401216,Trenz_4vz,False,161,,0,49,"September 23, 2025 at 03:10 AM"
1970324948645486718,https://x.com/AldenMorris4/status/1970324948645486718,@theonlydyl_ @LucaFury @NFL_DovKleiman She’s not 200 pounds. Probably like 175. Still impressive.,1471901584787324928,AldenMorris4,False,5,"Los Angeles, CA",0,1,"September 23, 2025 at 03:10 AM"
1970324948045668651,https://x.com/SBRadio/status/1970324948045668651,Best performance of any team this season by the @Lions tonight in Baltimore. Better mention them in the @SuperBowl short list conversation. Terrific on both sides of the ball. #NFL,21823306,SBRadio,False,14848,"Portland, OR",2,123,"September 23, 2025 at 03:10 AM"
1970324945575055795,https://x.com/Carlosmonroy971/status/1970324945575055795,@Primeroydiez @NFL https://t.co/ENCaxnMkAw,1323813829,Carlosmonroy971,False,267,"Boca del Río, Veracruz de Ignacio de la Llave",0,1,"September 23, 2025 at 03:10 AM"
1970324944988094467,https://x.com/0xMogera/status/1970324944988094467,@NFL @NFLPlus roadrunner,1695881944930643968,0xMogera,True,2434,,0,450,"September 23, 2025 at 03:10 AM"
1970324944669286568,https://x.com/YTr3jo/status/1970324944669286568,"Y asi termino la semana 3 #NFL
#Lions vs #Ravens ❌️ 👎🏼😒
Pinches pajarracos 🙄",1952590217053077504,YTr3jo,True,23,"Knoxville, IA",0,106,"September 23, 2025 at 03:10 AM"
1970324942395941235,https://x.com/salty_bills_fan/status/1970324942395941235,@NFL_Memes Ravens beat themselves !!!!,1884994856545882112,salty_bills_fan,False,51,Red sea ,0,47,"September 23, 2025 at 03:10 AM"
1970324942337216821,https://x.com/jbchoknows/status/1970324942337216821,THANK YOU DAVID MONTGOMERY! Just gave me the W in a couple leagues AND set me up for a win in a couple others where I need some points from Lamar Jackson!! https://t.co/L1lvjX8wQ3,392492008,jbchoknows,True,34380,,4,685,"September 23, 2025 at 03:10 AM"
1970324939463868505,https://x.com/crypto_boy26/status/1970324939463868505,Ofc a dumbass RB doesn’t have any type of football IQ. You go down there #Lions #Montgomery #NFL #GamblingTwitter,2432899729,crypto_boy26,False,96,,0,110,"September 23, 2025 at 03:10 AM"
1970324938826592717,https://x.com/MyBookie/status/1970324938826592717,"Dan Campbell lost his two coordinators but not his two beach ball size nuts 
https://t.co/OggNu3oj1r",538611136,MyBookie,True,58084,Live Dealer Blackjack,6,643,"September 23, 2025 at 03:10 AM"
1970324938709180562,https://x.com/alrightnahh18/status/1970324938709180562,@SlapsandSlams @NFL_DovKleiman same reason women “like to wear” men’s cologne 🤫,404484318,alrightnahh18,False,223,Everywhere,0,10,"September 23, 2025 at 03:10 AM"
1970324938478268917,https://x.com/SheilaBabiii/status/1970324938478268917,@NFL @NFLPlus Montgomery my fantasy needed that TD!!,26082398,SheilaBabiii,True,2010,H-Town ,1,413,"September 23, 2025 at 03:10 AM"
1970324937924845948,https://x.com/itsjustTaj_/status/1970324937924845948,@NFL @NFLPlus brah this ball placement? whew,241760239,itsjustTaj_,False,1232,,0,37,"September 23, 2025 at 03:10 AM"
1970324937794637944,https://x.com/hownidoteth/status/1970324937794637944,"called it 

#NFL",700233427,hownidoteth,False,1618,,0,15,"September 23, 2025 at 03:10 AM"
1970324936318459966,https://x.com/TheAmericanGK/status/1970324936318459966,Detroit is the second best team in the NFL,1606394518286344200,TheAmericanGK,False,2015,"Ann Arbor, MI/Durham, NC, USA",0,17,"September 23, 2025 at 03:10 AM"
1970324936041390557,https://x.com/EarlJakes/status/1970324936041390557,EITH THE OENALTY,49506547,EarlJakes,False,1428,Working,0,53,"September 23, 2025 at 03:10 AM"
1970324935143719160,https://x.com/AJoyForever83/status/1970324935143719160,Oh yeah the Lions were shit in week one but they are actually still an excellent team lol 🔥🦁 #MNF #NFL,172986088,AJoyForever83,False,1665,Ireland,0,28,"September 23, 2025 at 03:10 AM"
1970324935097856092,https://x.com/vivo_NFL/status/1970324935097856092,"Quién tiene a David Montgomery en su fantasy?, esta dando 29 puntotes",3321763729,vivo_NFL,False,11183,"Monterrey, Nuevo León",0,75,"September 23, 2025 at 03:10 AM"
1970324934917599495,https://x.com/BofaBets/status/1970324934917599495,"UN FUCKING BELIEVABLE.

HOW DOES THE NFL CONTINUE TO FUCK ME IN EVERY WAY POSSIBLE.

RAMS +3.5 beat

Broncos back to back last second Ls

That 4th down pass to Amon Ra makes me lose my fantasy matchup.

I CANNNOT FUCKING BELIEVE THIS SHIT https://t.co/iUR6au820s",1378934730637275138,BofaBets,False,1301,"Bofa, California",0,66,"September 23, 2025 at 03:10 AM"
1970324934724637070,https://x.com/BSMotorCity/status/1970324934724637070,"MONTYYYYY

THERE HE GOES. DAGGER. 
 https://t.co/KRH6VuW7yG",1336265447474405377,BSMotorCity,False,85716,"Detroit, MI",108,2599,"September 23, 2025 at 03:10 AM"
1970324933210447882,https://x.com/MBFantasyLife/status/1970324933210447882,"MONTGOMERY CALLED GAME! 📞
https://t.co/i8viAnEs88",836744026774769667,MBFantasyLife,True,63997,United States,1,1407,"September 23, 2025 at 03:10 AM"
1970324933126332699,https://x.com/Davimp04/status/1970324933126332699,"Os Chiefs vão ganhar dos Ravens, deixar os caras 1-3, tudo isso para proporcionar aquele jogo anual em que os Steleers podem ganhar a divisão se vencerem contra Baltimore.

NFL é previsível demais",1125084164217344000,Davimp04,False,2579,"Petrolina, Brasil",0,68,"September 23, 2025 at 03:10 AM"
1970324932199367154,https://x.com/Jeremie_Loyalty/status/1970324932199367154,Beautiful 🤩,1167301404626571264,Jeremie_Loyalty,True,868,"Detroit, MI",0,12,"September 23, 2025 at 03:10 AM"
1970324929833836771,https://x.com/Mackewich/status/1970324929833836771,@NFL @NFLPlus Lions are back,23756352,Mackewich,True,15612,OH | MI | IL | NY | NJ ,1,492,"September 23, 2025 at 03:10 AM"
1970324926927077745,https://x.com/mabber23/status/1970324926927077745,John Harbaugh is the most overrated coach in the NFL and it's not close.,62692693,mabber23,True,1867,"Chattahoochee, FL",0,73,"September 23, 2025 at 03:10 AM"
1970324925979529655,https://x.com/nathansGworld/status/1970324925979529655,@NFL @NFLPlus Dawg,1345167748200947714,nathansGworld,True,571,"Minnesota, USA",0,548,"September 23, 2025 at 03:10 AM"
1970324925484249251,https://x.com/CurtisBrandyn/status/1970324925484249251,@NFL But but the ravens are soo goood. Lamars the best qb ever 🤣🤣🤣 take another L,1175144563482275840,CurtisBrandyn,False,87,,0,83,"September 23, 2025 at 03:10 AM"
1970324925056725038,https://x.com/ieshaax3/status/1970324925056725038,@woodwardsports @Lions @Ravens @NFL @AlabamaFTBL https://t.co/4CGYPwS3fS,48072203,ieshaax3,False,1245,Jubilife City,0,52,"September 23, 2025 at 03:10 AM"
1970324922401780015,https://x.com/JustJack33/status/1970324922401780015,@StanfordSteve82 @notthefakeSVP Detroit Lions are the best watch in the NFL once again. Let the people know,322667859,JustJack33,False,230,,1,63,"September 23, 2025 at 03:10 AM"
1970324920765948212,https://x.com/nfl_hof/status/1970324920765948212,Dan Campbell is freaking awesome #GoLions,36824748,nfl_hof,False,354,La Jolla,0,28,"September 23, 2025 at 03:10 AM"
1970324918371000410,https://x.com/musclebearttv/status/1970324918371000410,NFL Twitter is something else lmao,1059792700549939200,musclebearttv,False,1031,Christ ✝️,0,10,"September 23, 2025 at 03:10 AM"
1970324918169719023,https://x.com/JoshDubowAP/status/1970324918169719023,"Lions have NFL high 96 4th down conversions since Dan Campbell became coach in 2021 (playoffs included). They have converted 57.8% of them, including all 3 tonight",38617573,JoshDubowAP,True,27870,"Alameda, CA",33,6953,"September 23, 2025 at 03:10 AM"
1970324915963470069,https://x.com/godinhonotf0und/status/1970324915963470069,https://t.co/MlZi1wifCT,817709991083831296,godinhonotf0und,False,412,1904,0,19,"September 23, 2025 at 03:10 AM"
1970324913337799020,https://x.com/thegr8vini0n/status/1970324913337799020,olha esse lixo do 44,227831468,thegr8vini0n,False,472,h-town,0,11,"September 23, 2025 at 03:10 AM"
1970324910510612962,https://x.com/WagerTalkPicks/status/1970324910510612962,🏈 Free #NFL Pick loaded from Carmine Bianco: (101) Seattle Seahawks at (102) Arizona Cardinals! @wagertalk https://t.co/cGzL3c0Oyb,1281786082179395584,WagerTalkPicks,False,3023,Las Vegas,0,46,"September 23, 2025 at 03:10 AM"
1970324910170874170,https://x.com/rudyjuly2/status/1970324910170874170,Many NFL coaches so conservative. Normal game situations defences only have to stop you 3 times. Going to do or die and 4 downs makes offences much harder to stop in the final two minutes,19748546,rudyjuly2,False,761,"Kingsville, ON",0,16,"September 23, 2025 at 03:10 AM"
1970324907897626832,https://x.com/Thick_Sparkle/status/1970324907897626832,"Ravens are really getting flogged tonight mehn😂😂😂

#NFL",1180515927852490759,Thick_Sparkle,False,472,"Lagos, Nigeria",0,20,"September 23, 2025 at 03:10 AM"
1970324905301549069,https://x.com/zulfi_sheikh/status/1970324905301549069,"Somehow, the Falcons and Ravens have identical records after three weeks. The NFL is just something else",636556126,zulfi_sheikh,False,984,,2,43,"September 23, 2025 at 03:10 AM"
1970324905292927414,https://x.com/JerryDaponte/status/1970324905292927414,Maybe now the NFL media can stop trying to glaze the Ravens as the best team in the AFC. We’ve seen plenty of times when the game is big they don’t get it done.,88060327,JerryDaponte,False,335,"Brampton,Ontario",0,25,"September 23, 2025 at 03:10 AM"
1970324903594467452,https://x.com/QuaresmaLeo99/status/1970324903594467452,"Sou muita fã do Dan Campbell, top 3 coaches da NFL. Corajoso, inteligente, um gênio!",2172999967,QuaresmaLeo99,False,825,C Superior ,0,26,"September 23, 2025 at 03:10 AM"
1970324902524919943,https://x.com/healthyfiend206/status/1970324902524919943,Derrick Henry caught FUMBLELITICE AKA  what Adrian Peterson went thur #mondaynightfootball #nfl #ravenslion,1444864383255932936,healthyfiend206,False,26,,0,80,"September 23, 2025 at 03:10 AM"
1970324901065302242,https://x.com/EaglesUniGuy/status/1970324901065302242,@fashion_nfl The uniform gods need to step up smh,1788048383027953668,EaglesUniGuy,False,176,,0,31,"September 23, 2025 at 03:10 AM"
1970324898729074810,https://x.com/freakaleak1209/status/1970324898729074810,"Ravens got outcoached and outplayed,  deserved to lose this game #NFL",216212990,freakaleak1209,True,656,,1,40,"September 23, 2025 at 03:10 AM"
1970324897848074437,https://x.com/SC_Locks/status/1970324897848074437,"Insane beat… +6.5u, 14-5 on nfl on the week.. onto the next !",1500677278963056641,SC_Locks,False,83,,0,1,"September 23, 2025 at 03:10 AM"
1970324896745226320,https://x.com/OkayMeanwhile/status/1970324896745226320,Ravens have the highest paid linebacker and highest paid safety; right??? #NFL,923921195527000064,OkayMeanwhile,False,33,,0,34,"September 23, 2025 at 03:10 AM"
1970324892869660834,https://x.com/ReportBulldawg/status/1970324892869660834,Tate Ratledge sure does look good as an NFL guard. https://t.co/u7IbDbGNip,1329540157985480704,ReportBulldawg,True,6200,,0,102,"September 23, 2025 at 03:10 AM"
1970324890952630768,https://x.com/Cindtrillella/status/1970324890952630768,SEXY.,305979117,Cindtrillella,True,9437,"Detroit, MI",0,430,"September 23, 2025 at 03:10 AM"
1970324890785063009,https://x.com/OG1Wolf420/status/1970324890785063009,"WOW FN WOW!! that seals it,that lions offense is scary! #nfl",1709081421032091648,OG1Wolf420,True,1270,The Wolf Den,1,45,"September 23, 2025 at 03:10 AM"
1970324887047901190,https://x.com/msteinvoice/status/1970324887047901190,"@NicoleAuerbach Since my #Texans are mathematically out of the playoffs, the Detroit Lions just became my team in 2025

#mnf #NFL",431957170,msteinvoice,False,217,Houston Texas,3,98,"September 23, 2025 at 03:10 AM"
1970324886691422324,https://x.com/jpreis_30/status/1970324886691422324,Mais um baita jogo de prime time. Nfl é bom dms 🙏🙏,736378614804008961,jpreis_30,False,168,"Rio de Janeiro, Brasil",0,6,"September 23, 2025 at 03:10 AM"
1970324885839769768,https://x.com/Z_Barnes93/status/1970324885839769768,I lost this lay by 1 Jameson Williams catch. I needed this too. Never chase your damn losses 😭 #MNF #NFL $ZTB1993 if you feel bad for me and won tonight 😭 would change my whole week https://t.co/wfscKQtCle,419397293,Z_Barnes93,False,585,,2,135,"September 23, 2025 at 03:10 AM"
1970324884917301264,https://x.com/2TonTX/status/1970324884917301264,A NFL 2K5 type game in the big 2026 would feed families,1716663124839813120,2TonTX,False,85,,0,1,"September 23, 2025 at 03:10 AM"
1970324883247653109,https://x.com/Touchdown_line/status/1970324883247653109,"🦁🦁🦁🦁🦁🦁

Detroit LIONS يعطي درسا لن ينساه جمهور #Ravens 

جميع فرق الـ NFL تتابع وترقب مبارياتها امام #Lions @DetroitLionsAR !!!!",1495220462539976711,Touchdown_line,True,2207,Kingdom of Saudi Arabia,0,174,"September 23, 2025 at 03:10 AM"
1970324880752246821,https://x.com/tommyboy02/status/1970324880752246821,Dan Campbell biggest stones in the NFL. Goff is a dog. St Brown dog. Montgomery dog.,380649074,tommyboy02,False,162,,0,94,"September 23, 2025 at 03:10 AM"
1970324880026673436,https://x.com/NFL/status/1970324880026673436,"DAVID. MONTGOMERY.

DETvsBAL on ESPN/ABC
Stream on @NFLPlus and ESPN App https://t.co/qK7GVHfst2",19426551,NFL,True,37901755,,945,51134,"September 23, 2025 at 03:10 AM"
1970324880013836387,https://x.com/_MLFootball/status/1970324880013836387,"BAKER MAYFIELD LOOKING LIKE MICHAEL VICK 😳😳

Top 5 QB in football.
https://t.co/wHORmCNJKo",1494072723001286658,_MLFootball,False,371162,,24,2694,"September 23, 2025 at 03:10 AM"
1970324879774748806,https://x.com/_Rosales2210/status/1970324879774748806,"La NFC north sigue mandando en la NFL 
Imbeciles",3587196914,_Rosales2210,False,222,"Kenosha, WI",0,19,"September 23, 2025 at 03:10 AM"
1970324879053664467,https://x.com/SaleemRazaNoori/status/1970324879053664467,@NFL That throw and catch? Pure “physics forgot its homework” energy 😲🎯,932787992883748865,SaleemRazaNoori,True,9407,"Faridpur, India",0,155,"September 23, 2025 at 03:10 AM"
1970324878311203254,https://x.com/RespectTheZoe/status/1970324878311203254,Amazing,54349023,RespectTheZoe,False,2132,NY ✈️ ATL,0,21,"September 23, 2025 at 03:10 AM"
1970324878281843030,https://x.com/nfl_glazer/status/1970324878281843030,@jasrifootball B2A,1821728019339194369,nfl_glazer,False,24,,0,94,"September 23, 2025 at 03:10 AM"
1970324874943201327,https://x.com/M202019705763/status/1970324874943201327,@WFAN660 @tommylugauer Lugauer is primarily a yeller and doesn’t understand the Giants strategy of not destroying your number 1 draft pick by inserting him into the toughest part of an NFL schedule,1608812916127432704,M202019705763,False,79,"Philadelphia, PA",0,26,"September 23, 2025 at 03:10 AM"
1970324874251080063,https://x.com/stone_2x/status/1970324874251080063,"The Ravens have the worst defense in the NFL. 

Good thing we have 5 1sts in our secondary tho!!!!",831012822687576064,stone_2x,True,3559,"Ohio, USA",25,367,"September 23, 2025 at 03:10 AM"
1970324873437422008,https://x.com/DuncanSmithNBA/status/1970324873437422008,Might be the best team in the NFL after all,39196787,DuncanSmithNBA,False,21170,"Michigan, USA",14,653,"September 23, 2025 at 03:10 AM"
1970324873172959328,https://x.com/bridget_stan16/status/1970324873172959328,@NFL DETROIT VS. EVERYBODY LFG haters gunna hate!!! 🔥🔥,176946473,bridget_stan16,False,279,mitten state,0,146,"September 23, 2025 at 03:10 AM"
1970324871658836313,https://x.com/PURDYpurrd/status/1970324871658836313,With a weekend how it was in NFL shame on me for not taking the Lions with some points.,1328419046736408576,PURDYpurrd,False,844,,0,35,"September 23, 2025 at 03:10 AM"
1970324868945322182,https://x.com/ChrisMacX/status/1970324868945322182,This NFL shit too unpredictable for me. Especially these primetime games,2272609411,ChrisMacX,False,748,317,0,9,"September 23, 2025 at 03:10 AM"
1970324866189725932,https://x.com/Ayee_zae/status/1970324866189725932,Ts is annoying brah #NFL,790556862404059136,Ayee_zae,False,353,My world,0,4,"September 23, 2025 at 03:10 AM"
1970324857578565688,https://x.com/MichaelBoccher/status/1970324857578565688,@NFL Yet people will still say Lamar is somehow better than Josh despite it being categorically false,1508111605447409668,MichaelBoccher,False,56,,0,224,"September 23, 2025 at 03:10 AM"
1970324856521502902,https://x.com/Grady10101/status/1970324856521502902,@NFL @NFLPlus Perfect throw,1088523746724450307,Grady10101,False,12619,"Los Angeles, California",0,23,"September 23, 2025 at 03:10 AM"
1970324856328855642,https://x.com/CrashOut4YAH/status/1970324856328855642,"@FearedBuck What’s hilarious is all the things she said about him about cheating, etc.… Then goes to Stefon Diggs. The Future of the NFL. It goes to show you women give men a pass based on status.",1660722600941592587,CrashOut4YAH,False,31,"Toronto, Ontario",0,15,"September 23, 2025 at 03:10 AM"
1970324855573880923,https://x.com/OVOxMAY/status/1970324855573880923,@bradleyjbayer @NFL_DovKleiman 😂😂😂😂,1699923364004126720,OVOxMAY,False,76,,0,9,"September 23, 2025 at 03:10 AM"
1970324851920433414,https://x.com/tacvbo_12/status/1970324851920433414,@NFL_sts Luto nacional :(,98519989,tacvbo_12,False,69,,1,4,"September 23, 2025 at 03:10 AM"
1970324850406252829,https://x.com/jc_playmakerWNY/status/1970324850406252829,"The Baltimore Ravens are the most mentally fragile team in the NFL.

Also, I hope all of the national pundits are asking ""what's wrong with Lamar"" like they have all season with Mahomes.",2177204862,jc_playmakerWNY,False,2626,"Buffalo, NY",0,77,"September 23, 2025 at 03:10 AM"
1970324850372747456,https://x.com/BurtMaclin_FBI/status/1970324850372747456,@NFL_Memes Walks like he carries the ball.,951632036875460609,BurtMaclin_FBI,True,46511,FBI Headquarters,2,164,"September 23, 2025 at 03:10 AM"
1970324849802510386,https://x.com/SteelFarrell/status/1970324849802510386,DAN CAMPBELL IS THE BEST NFL COACH,1747098927847948289,SteelFarrell,False,56,"Pittsburgh, PA",0,26,"September 23, 2025 at 03:10 AM"
1970324846866469204,https://x.com/deptulahasrage/status/1970324846866469204,"Huge win by the Lions, actual best team in the NFL. Not sure it's even that close.",415664857,deptulahasrage,True,20047,"Clemson, SC.",1,118,"September 23, 2025 at 03:10 AM"
1970324845507338740,https://x.com/EMcg44/status/1970324845507338740,@NFL Wow !,1349479454406488064,EMcg44,False,266,,0,15,"September 23, 2025 at 03:10 AM"
1970324845280870798,https://x.com/BaldHomieEbakuu/status/1970324845280870798,Imagine having David Montgomery running behind Caleb #NFL https://t.co/ybpKzfL2tU,116591080,BaldHomieEbakuu,False,1840,Lian-Kanda,0,58,"September 23, 2025 at 03:10 AM"
1970324843934474694,https://x.com/murmiles/status/1970324843934474694,#NFL #Seahawks,454323057,murmiles,False,1672,"Fort Worth, TX",0,25,"September 23, 2025 at 03:10 AM"
1970324843842126307,https://x.com/TheyKnowDeno/status/1970324843842126307,Wow ! @Lions @NFL @Ravens,222965710,TheyKnowDeno,False,700,st.louis,0,82,"September 23, 2025 at 03:10 AM"
1970324843296866414,https://x.com/CarissaV123/status/1970324843296866414,@NFL_Memes I’M SCREAMING OMFG 😭,89983931,CarissaV123,False,231,,0,62,"September 23, 2025 at 03:10 AM"
1970324843263582315,https://x.com/StamXv/status/1970324843263582315,"تتكلم عن ثرو غوف ولا كاتش براون  
لعبة مجنونة بالفورث داون 🔥https://t.co/A7DnUoG63G",2595712334,StamXv,False,4201,Kingdom of Saudi Arabia,0,50,"September 23, 2025 at 03:10 AM"
1970324841594265647,https://x.com/JeffR86/status/1970324841594265647,"Sorpresa en Baltimore, los Lions liquidan a los Ravens #NFL #MNF",227394101,JeffR86,False,456,"Cabimas, Venezuela",0,78,"September 23, 2025 at 03:10 AM"
1970324838507294820,https://x.com/247ibet_ca/status/1970324838507294820,"@NFL execution on point, pure chaos vibes 😂👀",1783748230116950016,247ibet_ca,True,119,Canada,0,5,"September 23, 2025 at 03:10 AM"
1970324835147600156,https://x.com/yungmufff/status/1970324835147600156,NFL trash unless it’s a goblin lmfao,1650617137,yungmufff,False,6178,"Atlanta, GA",1,46,"September 23, 2025 at 03:10 AM"
1970324834992480495,https://x.com/vontae/status/1970324834992480495,@Ravens defense is ass #mondaythoughts #NFL #ravenslions,16992336,vontae,True,403,Texas,0,30,"September 23, 2025 at 03:10 AM"
1970324832110711142,https://x.com/Cards_Wire/status/1970324832110711142,A look at some of what we saw from the offense against the 49ers. https://t.co/Z1epv4lL2t https://t.co/qyDvMQIpnS,738878491068911616,Cards_Wire,False,3472,"Phoenix, AZ",0,51,"September 23, 2025 at 03:10 AM"
1970324831624405252,https://x.com/coach_cron/status/1970324831624405252,The Lions are one of the funnest teams to watch in the NFL!,1492253047,coach_cron,False,565,"Cairo, NE",1,33,"September 23, 2025 at 03:10 AM"
1970324830848524667,https://x.com/FlowsAndolini/status/1970324830848524667,Idk if I've ever seen this avg in an NFL game https://t.co/ckBmlSA6ag,29925696,FlowsAndolini,False,5286,"Southside, Chicago,IL",4,638,"September 23, 2025 at 03:10 AM"
1970324828113785025,https://x.com/Halferpavee/status/1970324828113785025,Idk why everyone’s acting like this game is over lol it isn’t,1838474360878960640,Halferpavee,False,23,,0,18,"September 23, 2025 at 03:10 AM"
1970324827560161593,https://x.com/dndmula/status/1970324827560161593,"any time you put money on NFL they fuck up, it’s like they’re cursed",47759981,dndmula,False,902,919,1,6,"September 23, 2025 at 03:10 AM"
1970324827547517055,https://x.com/alysontheother/status/1970324827547517055,@DavisSanchez Yeah... I don't think these are the TWO best teams in the NFL right now... 👀,273060878,alysontheother,False,15798,Toronto/ Minnesota ,0,2,"September 23, 2025 at 03:10 AM"
1970324826037592167,https://x.com/AnalyticsCapper/status/1970324826037592167,"BANG! Another POTD winner!

✅ Lions +4.5 v. Ravens 

 https://t.co/CQsWRrHBUf",1140606774204149761,AnalyticsCapper,True,72258,DAILY FREE PLAYS! ➡️➡️➡️,8,523,"September 23, 2025 at 03:10 AM"
1970324825487868345,https://x.com/Nitroxmeta/status/1970324825487868345,@espn @NFL simon,1237768884,Nitroxmeta,True,2288,U wanna listen some tunes?,0,6,"September 23, 2025 at 03:10 AM"
1970324824745725972,https://x.com/MauMerinoT/status/1970324824745725972,Creo que nadie esperaba que tanto #ChiefsKingdom como #RavensFlock llegaran a su enfrentamiento de la Semana 4 con récord perdedor. #NFL,103694351,MauMerinoT,False,428,México,1,32,"September 23, 2025 at 03:10 AM"
1970324820920541453,https://x.com/tcg277/status/1970324820920541453,"Ravens nesta temporada tá com OL menos forte/mais fraca e defesa deficiente contra jogo corrido 

AFC sem Chiefs e Ravens na final de conferência. Vc viu primeiro aqui. #nfl #NFLnaESPN
#mnf",51245740,tcg277,False,1193,In the end,0,58,"September 23, 2025 at 03:10 AM"
1970324818626302100,https://x.com/Ndinsanity/status/1970324818626302100,Just a perfect throw,386234520,Ndinsanity,False,417,"Malden, MA",0,27,"September 23, 2025 at 03:10 AM"
1970324818278174809,https://x.com/Banner19otw/status/1970324818278174809,@NFL the ravens have given up LOL,1891750065741737984,Banner19otw,True,1432,DM for follow back,0,132,"September 23, 2025 at 03:10 AM"
1970324816814313834,https://x.com/spicoli_75/status/1970324816814313834,"Ravens Lose.

Lamar Loses.

That's a good night for 31 NFL cities! 

#DETvsBAL 

#OnePride",1736303967070552065,spicoli_75,False,807,,0,182,"September 23, 2025 at 03:10 AM"
1970324816486928835,https://x.com/thedullguy/status/1970324816486928835,And yes I know a DET loss was better for the Bears but damn. Sometimes I feel like the Lions are the UNLV Runnin’ Rebels of the NFL.,231538520,thedullguy,False,1898,"Valparaiso, IN",0,50,"September 23, 2025 at 03:10 AM"
1970324815341862925,https://x.com/icecyclone/status/1970324815341862925,@NFL Damn !,545071685,icecyclone,True,4962,world wide,0,14,"September 23, 2025 at 03:10 AM"
1970324813068550497,https://x.com/DatfeelGood/status/1970324813068550497,@Ravens Defense NO HEART on Montgomery last #TD #WTF #Nfl #MNF https://t.co/d26Lix9D9X,43119449,DatfeelGood,False,881,"Baltimore, Md",0,103,"September 23, 2025 at 03:10 AM"
1970324810870723004,https://x.com/RyanFieldABC/status/1970324810870723004,"That’s how you win a ballgame. 

What a throw. 

What a play call.  https://t.co/KWolDWU9xS",283724636,RyanFieldABC,True,25509,"New York, NY",27,772,"September 23, 2025 at 03:10 AM"
1970324810598359401,https://x.com/larryberry33/status/1970324810598359401,"Ravens not winning shit ever, they’re the Clippers of the NFL",395001648,larryberry33,False,934,MTB,0,33,"September 23, 2025 at 03:10 AM"
1970324809448902749,https://x.com/woleekene1/status/1970324809448902749,John harbaugh is the worst coach in the nfl,3372409293,woleekene1,False,688,"Barcelona, Spain",0,52,"September 23, 2025 at 03:10 AM"
1970324809319096705,https://x.com/BillyBiz_19/status/1970324809319096705,@NFL_Memes The Lions literally all night long https://t.co/HN5NZWNqXv,281785748,BillyBiz_19,False,366,"Dallas, TX",9,470,"September 23, 2025 at 03:10 AM"
1970324808316367101,https://x.com/WBETZ_/status/1970324808316367101,@HarryLockPicks Yah im good of NFL!,1408964914350276616,WBETZ_,False,54,"Toronto, Ontario",0,34,"September 23, 2025 at 03:10 AM"
1970324805925675363,https://x.com/RealFatSlob/status/1970324805925675363,@woodwardsports @Lions @Ravens @NFL @AlabamaFTBL I’m gonna keep saying he’ll be fine,1909475416584470528,RealFatSlob,False,51,The Great Depression,0,65,"September 23, 2025 at 03:10 AM"
1970324803103138249,https://x.com/Fastenouh/status/1970324803103138249,@NFL This defense worst than the cowboys 😂😂,1600737698293202944,Fastenouh,False,3,,0,66,"September 23, 2025 at 03:10 AM"
1970324801873912281,https://x.com/BrewMetaX/status/1970324801873912281,@NFL Right on the 💰,792716707,BrewMetaX,True,7407,,0,68,"September 23, 2025 at 03:10 AM"
1970324800531808543,https://x.com/Bendenfl/status/1970324800531808543,Hurts could never,1634387132151132160,Bendenfl,False,33,Giants,0,15,"September 23, 2025 at 03:10 AM"
1970324800443961367,https://x.com/STERSYY/status/1970324800443961367,@NFL ravens packkkkkkkk,739577184986103808,STERSYY,False,515,🇨🇦 ,0,60,"September 23, 2025 at 03:10 AM"
1970324794600993249,https://x.com/rianneamirah/status/1970324794600993249,I’m convinced we got the worst defense in the nfl aint no way,2164493200,rianneamirah,False,1273,🌈,0,8,"September 23, 2025 at 03:10 AM"
1970324794316083547,https://x.com/15Higgins/status/1970324794316083547,What a gutsy call. And what a throw and catch by Jared Goff and Amon-Ra St. Brown.,2748024781,15Higgins,False,1230,,1,129,"September 23, 2025 at 03:10 AM"
1970324787843960838,https://x.com/EvanSchnaitman/status/1970324787843960838,"Easily. EASILY, the most impressive win of the @NFL season.",1546574551940845569,EvanSchnaitman,False,139,,0,13,"September 23, 2025 at 03:10 AM"
1970324787269718379,https://x.com/skullandscore/status/1970324787269718379,@NFL_Memes It’s more like @Ravens my RB coach #willietaggart is a 🤡.,1343635855639007237,skullandscore,False,180,"Melbourne Beach, FL",0,46,"September 23, 2025 at 03:10 AM"
1970324787160588560,https://x.com/joje_ff/status/1970324787160588560,"EL QUE TENGA MIEDO DE MORIR QUE NO NAZCA

EN ESTE DEPORTE NO GANAN LOS CULOS
https://t.co/RTM7N92EnR",1413261371781763075,joje_ff,True,13609,"Monterrey, Nuevo León",62,1160,"September 23, 2025 at 03:10 AM"
1970324787009646963,https://x.com/kafnewell/status/1970324787009646963,Rationale for the biggest change was to give it an nfl look??  Don’t tell me this commish isn’t trying to Americanize the game.,22380990,kafnewell,False,199,Prince George,0,3,"September 23, 2025 at 03:10 AM"
1970324784832815308,https://x.com/CreamerDaCrop/status/1970324784832815308,"I’m not sure what the Ravens did to the NFL to get At Buffalo, Detroit, and At Kansas City on a short week in their first 4 games.",271668068,CreamerDaCrop,False,424,"Fayetteville, AR",0,27,"September 23, 2025 at 03:10 AM"
1970324784799195550,https://x.com/Josh33423890683/status/1970324784799195550,D Mo Lets Fucking Go. #NFL #OnePride,1879594253434937344,Josh33423890683,False,82,,0,20,"September 23, 2025 at 03:10 AM"
1970324783125635116,https://x.com/sportsnweb3/status/1970324783125635116,@NFL Trevor Lawrence can’t make this throw..,1429131809489448962,sportsnweb3,True,3256,,0,199,"September 23, 2025 at 03:10 AM"
1970324782311948554,https://x.com/VladB004/status/1970324782311948554,@NFL Lamar and the Ravens window on an SB appears to be closing,1283847921654329344,VladB004,False,275,"Los Angeles, CA",0,100,"September 23, 2025 at 03:10 AM"
