Tweet ID,URL,Content,Author ID,Author Username,Author Blue Verified (T/F),Followers,Author Location,Likes,Views,Date
1976271332234154044,https://x.com/rymondIncKenya/status/1976271332234154044,"🛒 Costco shares up +1% in premarket after strong Sept sales! Net sales jumped notably YoY for the 5 weeks ended Oct 5. Big-box giant crushes expectations amid retail resilience.
 #Costco #Earnings #StockMarket https://t.co/zl1iNBzYz1",952145710455156737,rymondIncKenya,False,766,,0,16,"October 9, 2025 at 12:59 PM"
1976089967681208738,https://x.com/raoolgarcia00/status/1976089967681208738,"@FerCevallosF REDUCIR EL NUMERO DE EXTRANJEROS?

y si tambien corremos de mexico a 
WAL MART?
COSTCO?
HEB?
SAMS?

para que asi COMERCIAL  MEXICANA tenga mas posibilidades de exito

igual reducir las empresas de autos PORCHE, KIA, FORD, FERRARI
para que un mexicanito triunfe

asi sin competir",1439391228215365641,raoolgarcia00,False,14,,0,26,"October 9, 2025 at 12:58 AM"
1976089874685219217,https://x.com/49erCarlos/status/1976089874685219217,@_GamerBabeJess How much ketchup are you buying from Costco?,57081916,49erCarlos,False,7248,,0,223,"October 9, 2025 at 12:58 AM"
1976089850903396737,https://x.com/sjaime7777/status/1976089850903396737,And it’s not my Costco card this time,722687564,sjaime7777,False,744,Por ahí,2,32,"October 9, 2025 at 12:58 AM"
1976270899088326759,https://x.com/hita_papa/status/1976270899088326759,"【コストコ】「カークランドシグネチャー 有塩ミックスナッツ 1.13kg」を徹底レビュー！栄養満点でコスパ最強
https://t.co/d1x2NdSvBq
#コストコ",1829085129429659648,hita_papa,True,2714,福岡県,12,182,"October 9, 2025 at 12:57 PM"
1976270738798923910,https://x.com/grok/status/1976270738798923910,"@ClevelandK45109 @BitFinanzas @hout1213 Costco's latest sales report looks solid indeed—net sales hit $26.58B for the 5 weeks to Oct 5, up 8% YoY. Comparable sales rose 5.7%, driven by strong US and international demand. This reinforces their resilience in retail. What aspect are you focusing on?",1720665183188922368,grok,True,6417413,wherever you are,0,5,"October 9, 2025 at 12:57 PM"
1976089655411102034,https://x.com/mikest1r000/status/1976089655411102034,"@EricLDaugh What about the rest of us? Just left Costco with 4 rib eyes, for 110 dollars!!!!",809862725027373056,mikest1r000,False,2187,"Wisconsin, USA",0,7,"October 9, 2025 at 12:57 AM"
1976089501085901010,https://x.com/tantalisers/status/1976089501085901010,"@Coalminecancary @BillSimmons Even the NBA breakdowns are miles better by YouTube casters. They need to fill dead airtime between live events and the leagues probably like the narratives being pushed so it’s like the chicken at Costco, price of doing business so you can win. They don’t care that we don’t care 😂",1516292987747143681,tantalisers,True,325,,0,26,"October 9, 2025 at 12:57 AM"
1976270667126538648,https://x.com/M_N_amagasaki/status/1976270667126538648,@yukihiro_costco FBA,707485297794101248,M_N_amagasaki,False,155,,0,16,"October 9, 2025 at 12:56 PM"
1976089372115206501,https://x.com/TechProDee/status/1976089372115206501,"@StonerDadYYC I tackled Costco yesterday, ended up with 3lbs of salted caramel chocolates, I can't go in there when I'm hungry 😂🤣",882580854735859712,TechProDee,False,2432,"New York, NY",1,18,"October 9, 2025 at 12:56 AM"
1976270169346605156,https://x.com/BitFinanzas/status/1976270169346605156,"🛒 Costco sube tras reporte de sólidas ventas mensuales

Las acciones de Costco $COST avanzaron más de 1 % en el premarket luego de que el minorista reportara un aumento en sus ventas netas de septiembre y comienzos de octubre frente al año anterior.

🗨️ Lo que dijo la empresa:

• Ventas netas por 26.580 millones USD al 5 de octubre.
• Un alza del 8 % respecto a los 24.620 millones del año previo.
• Crecimiento impulsado por fuerte demanda en EE. UU. y Canadá.

📉 Contexto o Perspectiva:

• Costco mantiene su ritmo de expansión pese al consumo moderado.
• El desempeño refuerza su posición entre los minoristas más resilientes.
• La acción consolida su tendencia alcista en 2024.

📌 Lo que está en juego:

El sólido crecimiento de ventas confirma la fortaleza del modelo de membresías de Costco y su capacidad para sostener márgenes en un entorno económico desafiante.

#Costco #COST #Ventas #Retail #Consumo #Mercados #Acciones #EEUU",1293938234402250754,BitFinanzas,True,50727,,4,275,"October 9, 2025 at 12:55 PM"
1976089140405076277,https://x.com/deifosv/status/1976089140405076277,"@santhonydo 😂

I just hope that is a good thing, or I will find you when I go to SF and make you pay.

... for a nice costco hotdog😂",162729401,deifosv,True,2277,"Montreal, Canada",0,21,"October 9, 2025 at 12:55 AM"
1976088980094624003,https://x.com/SensBuzz/status/1976088980094624003,Real fans wish they could get 2 tickets for 200 bucks from Costco,1471497024235130893,SensBuzz,True,3414,,90,5363,"October 9, 2025 at 12:55 AM"
1976088935265910820,https://x.com/JoeM07747825/status/1976088935265910820,@Cutecipiegf Dam. That’ must be one hell if Costco hot dog 🌭 there 🫣🤷🏼‍♂️😱,979790020625145858,JoeM07747825,False,1007,,1,8,"October 9, 2025 at 12:54 AM"
1976269872448565521,https://x.com/hizumura/status/1976269872448565521,"
コストコバラエティマフィン１２個入り Costco Variety Muffin 12 Pieces (チョコ/Chocolate,ブルーベリー/Blueberry) #ad https://t.co/ywSdSEgUx8",1355724527989268483,hizumura,False,2869,,0,5,"October 9, 2025 at 12:53 PM"
1976269786221850971,https://x.com/USCivicsGuide/status/1976269786221850971,"@RepBrandonGill Visit the Costco in Richmond W. Grand Pkwy.
It is another country. Black robed majority - Men, women &amp; children.
How many mosques in Houston area? In Harris County, Richmond, Fort Bend?

👇From TX Master of Edu course on Multiculturalism. https://t.co/j8mI4jd8TO",1431262628857397248,USCivicsGuide,True,602,"Houston, TX",0,9,"October 9, 2025 at 12:53 PM"
1976088498034901208,https://x.com/jeimjar/status/1976088498034901208,Costcoで必ず買いますメモメモ📝,187330492,jeimjar,False,122,DO,0,284,"October 9, 2025 at 12:53 AM"
1976269543267000603,https://x.com/A7T3M1S/status/1976269543267000603,@angelskiss777 @canwereschedule Costco has double packs of audacity marked down this month as a loss leader.,1878111939425144832,A7T3M1S,False,792,Bunnyville,0,150,"October 9, 2025 at 12:52 PM"
1976088419416871161,https://x.com/Christi79494602/status/1976088419416871161,"Saw a woman in a full burka at Costco 👀 
I mean, if you don’t want people to stare at you around here, I’d go another way.",1095535501044473856,Christi79494602,True,3793,Alberta,1,30,"October 9, 2025 at 12:52 AM"
1976088411976122498,https://x.com/HollyBlomberg/status/1976088411976122498,@tamarah67 @Costco Thanks I missed that,258871381,HollyBlomberg,False,8865,Cascadia Subduction Zone,0,5,"October 9, 2025 at 12:52 AM"
1976088285941465159,https://x.com/longoption/status/1976088285941465159,"@realroseceline @andycyau That’s a great idea actually 

@Costco @RootInsurance",1577787296408928257,longoption,True,12133,,4,272,"October 9, 2025 at 12:52 AM"
1976088161270091950,https://x.com/_scrambled_megs/status/1976088161270091950,Left hand is steering the other is gripping a costco rotisserie chicken,1774916733612003328,_scrambled_megs,False,5,"Lafayette, LA",0,9,"October 9, 2025 at 12:51 AM"
1976088142357860700,https://x.com/katyya_888/status/1976088142357860700,"ya para qué ir al Costco, cuando vas nunca hay nada. ya todo se lo llevan los revendedores &gt;:(",921816754346655745,katyya_888,False,64,,1,14,"October 9, 2025 at 12:51 AM"
1976088004809961731,https://x.com/evangelicalshog/status/1976088004809961731,@nagito_butt_sex i like Costco pizza,1821519896536326144,evangelicalshog,False,81,,1,50,"October 9, 2025 at 12:51 AM"
1976087976691269706,https://x.com/_GamerBabeJess/status/1976087976691269706,"no, it’s Costco. 

you voted for it though so thanks for the inflation.",1066135576078774272,_GamerBabeJess,False,2585,Oracle Park,17,2682,"October 9, 2025 at 12:51 AM"
1976087732356321688,https://x.com/tjkretz1/status/1976087732356321688,"1. classic NY

2. Detroit 
3. Tavern
4. Sicilian 

5. Neapolitan
6. Costco Frozen 
7. Totinos

8. Chicago",1703181922224984065,tjkretz1,False,128,,0,44,"October 9, 2025 at 12:50 AM"
1976087668330316101,https://x.com/blasiancreole/status/1976087668330316101,I just love snacking on saltines. I need to head on to Costco &amp; get em in bulk,1319335395121795072,blasiancreole,False,1068,,0,29,"October 9, 2025 at 12:49 AM"
1976268225060167862,https://x.com/Agent8913/status/1976268225060167862,"@HeidiHo16488025 I got chased down by five people in a Costco… they said I had to wear a mask, I told them that I carry a firearm and it’s against the law to wear a mask in your store! They threw me out! Came inches away from a fist fight in Smith’s with the general manager.

I would rather die.",1230218499961868288,Agent8913,False,141,Chaos USA,0,12,"October 9, 2025 at 12:47 PM"
1976087181073711276,https://x.com/BrodeusGrande/status/1976087181073711276,"Feel like I can only ever marry a foid that passes the onion ring test first. If I don't end up with a knife in my jugular for anointing her fingie with a BWW onion ring, then she is fully deserving of the costco 20 karat gold .8k diamond band. https://t.co/YqCZ7kHGF4",1755591640117317632,BrodeusGrande,False,311,,1,54,"October 9, 2025 at 12:47 AM"
1976087076610408504,https://x.com/smellyfatdick/status/1976087076610408504,The lion doesn’t concern himself with the fact that his card declined a couple times trying to order a Costco hotdog,3389941354,smellyfatdick,False,284,,0,12,"October 9, 2025 at 12:47 AM"
1976268148639776938,https://x.com/Joan_Halibouty/status/1976268148639776938,"$SPY Carvana stock surging after Jefferies upgrade, reflecting strong investor interest in unique car vending machines. Separately, Costco's earnings call highlights membership growth and store expansion as key drivers of performance.",1840869041306480641,Joan_Halibouty,True,1389,"Sydney, New South Wales",0,63,"October 9, 2025 at 12:46 PM"
1976086853146296467,https://x.com/DragonDice20/status/1976086853146296467,"I have a Costco chicken pot pie in the oven and it's literally the only thing that can pull me off X.

PeaceOut for 45 minutes, fools...",1799580982758248448,DragonDice20,False,290,USA,0,7,"October 9, 2025 at 12:46 AM"
1976086811874365549,https://x.com/eyeofbass/status/1976086811874365549,"@ZacksJerryRig @Rivian Bro, just get a good battery from any of the auto parts places, or Walmart, or Costco. Choose your category (like premium, if desired). 

Seriously, it’s just a 12v auto battery. It’ll be fine, and you won’t be robbed. 

Let us know how it works out.",2906083852,eyeofbass,True,4094,"Langley, VA",1,464,"October 9, 2025 at 12:46 AM"
1976267496081531072,https://x.com/MarieSteph49381/status/1976267496081531072,"$SPY Carvana shares surge after Jefferies upgrade. In related news, Costco's Q3 earnings met expectations, but stock dips, highlighting importance of membership growth and new store openings for company performance.",1854830903312146432,MarieSteph49381,False,272,Germany,1,43,"October 9, 2025 at 12:44 PM"
1976086413600051315,https://x.com/SturrJimmy/status/1976086413600051315,"@_nigglesworth_ @heywildrich The thing is, I severely doubt they pay more into the tax than whites do. Nearly every single tiger mart owner has a relative on food stamps, and they raid the local Costco of milk, use SNAP to buy it, and resell it in their stores.",1932991091248181248,SturrJimmy,True,494,New England,9,49,"October 9, 2025 at 12:44 AM"
1976267246616903767,https://x.com/Smokytrail_B1/status/1976267246616903767,@KeithMalinak Costco in north OKC. https://t.co/n4h0G1Ik1S,1478806967254761472,Smokytrail_B1,False,220,Flyover Country,2,10,"October 9, 2025 at 12:43 PM"
1976086128320278776,https://x.com/perseverare1776/status/1976086128320278776,@gotrice2024 @projectmagahp That cake one looks promising. You know how I like my Costco chocolate cake🤣,1268072649168732162,perseverare1776,True,14045,"Minnesota, USA",0,15,"October 9, 2025 at 12:43 AM"
1976267101280317726,https://x.com/OptionsLabApp/status/1976267101280317726,@grok Compare Costco's sales sentiment on X to broader retail sector trends—any correlations with Fed rate cut expectations?,1923172457839509504,OptionsLabApp,True,50,United States,0,29,"October 9, 2025 at 12:42 PM"
1976267085555610093,https://x.com/cloudiemcdoom/status/1976267085555610093,"I've been in New Jersey since yesterday morning and here's my assessment:

- Kinda cold compared to Alabama

- I was the only black person in Costco

- The pizza I ate was AMAZING

- Jersey people are bold and will spark a conversation with you on sight 😂 https://t.co/J5cvXsJyyf",1027881601953345538,cloudiemcdoom,True,21603,"Birmingham, Alabama",25,769,"October 9, 2025 at 12:42 PM"
1976085729634611679,https://x.com/torquenewsauto/status/1976085729634611679,"My first trip in the 2025 Land Rover Defender 130 V8 took an unexpected turn when a simple Costco pizza run for our church festival turned into one of the most revealing tests of what this British SUV is truly capable of. But I'd call the Land Rover's 2025 Defender 130 the British equivalent of America's Chevy Suburban. Here is why.  https://t.co/DNwxLkmbR0 Would you choose the Defender 130 V8 over a traditional American SUV like the Chevy Suburban or GMC Yukon? Or would you rather go for a plug-in hybrid like the Jeep Wrangler 4xe for better efficiency? Share your thoughts and tell us what matters most to you, capability, comfort, or economy, in the comments below.",215109001,torquenewsauto,True,6724,"Fort Mill, SC",1,196,"October 9, 2025 at 12:42 AM"
1976266872669733335,https://x.com/kyupi20092010/status/1976266872669733335,@yukihiro_costco FBA,1550607727,kyupi20092010,False,222,,0,19,"October 9, 2025 at 12:41 PM"
1976266424189583724,https://x.com/hiro_tedoriup/status/1976266424189583724,@yukihiro_costco FBA,1933030838419210240,hiro_tedoriup,False,17,日本,0,14,"October 9, 2025 at 12:40 PM"
1976085428701888587,https://x.com/GoldTelegraph_/status/1976085428701888587,"Remember when people thought Costco shoppers were crazy for buying gold bars with their rotisserie chickens?

They were ahead of the curve. 

You love to see it.",837048318865862666,GoldTelegraph_,True,402083,Global ,1045,32672,"October 9, 2025 at 12:40 AM"
1976266187735531843,https://x.com/bdinvestingg/status/1976266187735531843,"$NVO how much more undervalued can this one get ? 

Novo announced that Costco will sell Ozempic and Wegovy for $499 a month.

• P/E down from 20s → 8.7x
• P/FCF at 12.3x
• EV/EBITDA just 16.2x

Generational opportunity https://t.co/FaxaeKBgUT",383900617,bdinvestingg,True,5563,"Toronto, Ontario",20,1588,"October 9, 2025 at 12:39 PM"
1976085186489221286,https://x.com/friendfagg0t/status/1976085186489221286,@denn159 costco cookie,1584403564092350466,friendfagg0t,False,164,i am 20 ,1,37,"October 9, 2025 at 12:39 AM"
1976085108957618638,https://x.com/daviddashcoby/status/1976085108957618638,Going to Costco tipsy is NOT a good idea I’m about to buy a king mattress,2339356922,daviddashcoby,False,935,"New Orleans, LA",10,288,"October 9, 2025 at 12:39 AM"
1976266109893677334,https://x.com/BubbasTruth/status/1976266109893677334,"I was in Costco yesterday and saw a couple of elderly folks checking in for an appt for shots. Flu jab, covid jab etc. Folks are still doing this!! I thought the word was out how bad they are but the sheep will report for slaughter as ordered.",1686060416311668736,BubbasTruth,False,9176,"Reno, Nv.",0,17,"October 9, 2025 at 12:38 PM"
1976265745928540194,https://x.com/SunSandySeas/status/1976265745928540194,"@Raybrown1959Ray @marcuslemonis @BedBathBeyond Don’t shop there…they are horrible now and if you have to return it will cost you an arm and leg. No other business has ever charged such a large amount of to ship something back (excluding furniture) shop Macy, Home Depot, Costco, Target, Walmart",1904550620,SunSandySeas,True,10151,"Florida, USA",1,15,"October 9, 2025 at 12:37 PM"
1976265642694058375,https://x.com/AmongMany/status/1976265642694058375,"Discover which S&amp;P 500 companies the market trusts for future innovation. Costco &amp; Chewy make the top 10, while big names miss the top 50. Is your company earning belief in innovation? Find out more at https://t.co/W5wCNtyufv. #Innovation #FutureValue",15634628,AmongMany,False,842,"New York, NY",0,9,"October 9, 2025 at 12:37 PM"
1976084692178026636,https://x.com/Aury_Vargas/status/1976084692178026636,"He probado varios tipos de Pan de Muerto

Y hasta el día de hoy de los lugares donde he comprado el mejor sigue siendo el de 

COSTCO

Se aceptan recomendaciones 

#PandeMuerto #Costco",108115291,Aury_Vargas,False,1714,En donde debo de estar siempre,3,313,"October 9, 2025 at 12:37 AM"
1976084618584752610,https://x.com/tamarah67/status/1976084618584752610,"@HollyBlomberg @Costco Hey, their bio on Twitter says account is inactive",261323829,tamarah67,False,735,,1,18,"October 9, 2025 at 12:37 AM"
1976265562188554434,https://x.com/JeffZ30178708/status/1976265562188554434,@ChrisSaur77 @davidbateman @GoldTelegraph_ @hajiyev_rashad @KingKong9888 @KobeissiLetter @MakeGoldGreat @NorthstarCharts @realTimHack @Sorenthek https://t.co/WlyWtFZxw5 https://t.co/sW8zMCwofe,1161821298642890752,JeffZ30178708,False,195,,2,31,"October 9, 2025 at 12:36 PM"
1976265401848725794,https://x.com/MukherjeeNeal/status/1976265401848725794,@podz4 @RGusnowski It's adorable to see Podz comparing a government run organ harvesting operation to bodily autonomy. How much less valuable would your liver and kidney be had you swallowed a Costco sized bottle of Tylenol?,1222172436818550788,MukherjeeNeal,True,290,"Montréal, Québec",1,26,"October 9, 2025 at 12:36 PM"
1976084417828512127,https://x.com/gbusch12/status/1976084417828512127,@texasrunnerDFW Costco 5 pairs for $12,2446490742,gbusch12,False,479,san diego,3,59,"October 9, 2025 at 12:36 AM"
1976084270809743683,https://x.com/bleachers_art/status/1976084270809743683,@bleachersmusic like. is there a costco for tiny hats,1148968570174488579,bleachers_art,False,345,NY // @bleachersart on ig,0,17,"October 9, 2025 at 12:36 AM"
1976265335188881791,https://x.com/YoshiCookie/status/1976265335188881791,@RonTheTryhard I was going to say that wasn’t true but I just checked and Costco has it for $2.79 right now…,84778871,YoshiCookie,False,583,"42.237141,-83.699966",0,13,"October 9, 2025 at 12:35 PM"
1976265111909396564,https://x.com/AdtuH6H98mdoJaZ/status/1976265111909396564,@yukihiro_costco FBA,1214780789813993472,AdtuH6H98mdoJaZ,False,112,,0,21,"October 9, 2025 at 12:34 PM"
1976083862255173988,https://x.com/la4iemepasse/status/1976083862255173988,@SensBuzz Costco is paying off after all,1569444286382448640,la4iemepasse,False,29,Laval,0,110,"October 9, 2025 at 12:34 AM"
1976083790608072829,https://x.com/CharleyBravoJr/status/1976083790608072829,@iDavey I’ve been wanting 2 &amp; 3 for some time now. Stop and look at one every time I’m in Costco. Lol.,82325916,CharleyBravoJr,True,2834,"San Antonio, TX",0,61,"October 9, 2025 at 12:34 AM"
1976264821206299020,https://x.com/Alberta_boy18/status/1976264821206299020,"@CTVNews Are they also banning Netflix, Amazon, Airbnb, NHL or MLB? (That game last night!) How about Costco or X. Nope here they are. Boycotting is pure nonsense.",2690504915,Alberta_boy18,False,91,,0,13,"October 9, 2025 at 12:33 PM"
1976264672148959404,https://x.com/BbnEnjoying/status/1976264672148959404,"I’m currently at Costco buying buckets in bulk for their tears. Every one of them shall get a bucket 

BANKABLE KOLA 
MEDIA ROUNDS WITH KOLA
KOLA MR KAK UP 
#KolaOmotoso",1682776262173925377,BbnEnjoying,False,184,,4,339,"October 9, 2025 at 12:33 PM"
1976083674425856070,https://x.com/costco_blanket/status/1976083674425856070,i was wondering why it smelled like pico de gallo,1957969121376890880,costco_blanket,False,3,,0,2,"October 9, 2025 at 12:33 AM"
1976083235928146036,https://x.com/inatch202206/status/1976083235928146036,@yukihiro_costco 季節,1534631415593443328,inatch202206,False,136,,0,12,"October 9, 2025 at 12:32 AM"
1976264336063475887,https://x.com/Volitz_/status/1976264336063475887,@elonmusk day 69 @elonmusk can I please have a costco hotdog meal?,1502272134445424650,Volitz_,False,4209,USA,1,45,"October 9, 2025 at 12:31 PM"
1976264213858558130,https://x.com/kevinho532011/status/1976264213858558130,"Good morning. Happy Thursday, everyone. I'm showing my cats off in a Costco box. https://t.co/AhXkvMniaI",713180775865143296,kevinho532011,True,2289,"San Diego, CA",6,105,"October 9, 2025 at 12:31 PM"
1976264191796232477,https://x.com/facelessbuilds/status/1976264191796232477,"@BobLoukas Last time silver hit $50 in 2011, retail was piling into physical coins at Costco. This time institutions are barely moving. When the crowd isn't there at the same price, something structural changed.",1740396186165780480,facelessbuilds,True,233,,4,590,"October 9, 2025 at 12:31 PM"
1976264155670675705,https://x.com/Fletche33881557/status/1976264155670675705,"@BickerinBrattle @rippyrippyrip Did you see Costco’s September numbers? The consumer still looks strong.

https://t.co/mUwU5gtSmu

https://t.co/Bk0bxC6OW5",1313151536609062913,Fletche33881557,False,142,,0,49,"October 9, 2025 at 12:31 PM"
1976083185579766130,https://x.com/gradeaxnae/status/1976083185579766130,So glad we went to Costco today but the traffic coming home was ridiculous,1329880712254722053,gradeaxnae,False,609,,0,50,"October 9, 2025 at 12:31 AM"
1976083107662135363,https://x.com/deadbeatsred/status/1976083107662135363,"@DelSmith30002 Whatever this was, from Costco https://t.co/EBotPBcHDL",1601026446415519746,deadbeatsred,True,3559,"Montana, USA",4,22,"October 9, 2025 at 12:31 AM"
1976083060094533799,https://x.com/Ken6ygngqw9j2/status/1976083060094533799,"@BQRFnX @C_3C_3 That mugshot of Trump is one of the reasons he won.  We proudly show it.

Cry more.  Costco has a sale on tissues this week.  Stock up.  Between Trump and Vance, it's gonna be a long rest of the 11+ years for you.",1856913831278383105,Ken6ygngqw9j2,True,439,,1,17,"October 9, 2025 at 12:31 AM"
1976083035612426396,https://x.com/its_Gesus/status/1976083035612426396,Never in my adult life have I bought a rotisserie chicken from the grocery store until today. And it was a Costco one 🔥🔥🔥🔥🔥🔥🔥🔥,202376197,its_Gesus,False,719,"Detroit, MI",0,505,"October 9, 2025 at 12:31 AM"
1976082961687789830,https://x.com/jasen_mel/status/1976082961687789830,@cardigan_mess You work at CostCo,1951424275803676676,jasen_mel,False,131,,3,44,"October 9, 2025 at 12:31 AM"
1976082922810872265,https://x.com/eekobog/status/1976082922810872265,i wish kara was american so we could go grab a costco hotdog drink combo together,1814124864308969472,eekobog,False,331,17 year old,5,67,"October 9, 2025 at 12:30 AM"
1976082905924616399,https://x.com/aphotomama/status/1976082905924616399,@loveoddities I don’t think Costco covers leukemia meds :/,2869531945,aphotomama,False,8885,"Ohio, USA",0,19,"October 9, 2025 at 12:30 AM"
1976263858307129765,https://x.com/ksandiego63/status/1976263858307129765,@elonmusksonlilx But how close is Trader Joe's and Costco? Lol 😅,1896341321377632256,ksandiego63,False,681,"Savannah, GA",1,12,"October 9, 2025 at 12:29 PM"
1976263707501228262,https://x.com/ANAIXoMS7RHO9U1/status/1976263707501228262,@moe_re0312 “Costco”のデカい『ティラミス』を1人で食べたいなぁ～😉🤤 https://t.co/zYDoIeSmId,1044138634251628544,ANAIXoMS7RHO9U1,False,812,,1,29,"October 9, 2025 at 12:29 PM"
1976263643571314927,https://x.com/Brandonius_813/status/1976263643571314927,"@ATLSloan Yes.  And that’s their goal.  Higher per guest spending, better guest experience, better margins.

My visits to DLR this year have been the best in a long time - lower crowds but similar experience.  We can only afford to go because of an incredible Costco ticket deal though.

I prefer the higher price strategy frankly, would rather 1 Disney day every 2 years than a six flags AP or other coaster chain.  

I still get the six flags credits but I’ll rarely revisit anywhere other than Kings Island, Cedar Point, maybe a cool small park like fun spot Atlanta.

But different strokes for different folks - the free market can decide :)",1880992949875384321,Brandonius_813,True,222,,0,108,"October 9, 2025 at 12:29 PM"
1976082656308904085,https://x.com/Mamiirip/status/1976082656308904085,neta q increíbles las galletas d costco nunca las había probado,1413744439940378627,Mamiirip,False,255,"Distrito Federal, México",3,128,"October 9, 2025 at 12:29 AM"
1976082583340696026,https://x.com/revengekai/status/1976082583340696026,thinking about the time i had a dream where me and soobin got in a fist fight in the costco check out,1516245493873057794,revengekai,False,32,she her 21,0,55,"October 9, 2025 at 12:29 AM"
1976082469700108425,https://x.com/MickeySweet1236/status/1976082469700108425,@greg16676935420 Costco said $2 after Christmas 🌭,1852719019029041152,MickeySweet1236,False,445,"Gulf of America, Florida. USA",0,14,"October 9, 2025 at 12:29 AM"
1976082296349577558,https://x.com/UrbanAuz/status/1976082296349577558,@mehdirhasan @MaryKostakidis $100 for anyone who hacks Lindsay Graham's QR code to take you to Costco noodle soup page. https://t.co/huqZ7Njk1c,1628744424925851648,UrbanAuz,False,1442,Oz,9,237,"October 9, 2025 at 12:28 AM"
1976082247267831849,https://x.com/UncannyDelly/status/1976082247267831849,"@Herbert4MVP Mercury if you have a Costco membership, you get a discount",1081677106327646208,UncannyDelly,False,142,Los Angeles 🌴,1,49,"October 9, 2025 at 12:28 AM"
1976082182897795352,https://x.com/CanIGetUhFoFoFo/status/1976082182897795352,I never pick the right fucking Costco gas pump line,1970515857010016256,CanIGetUhFoFoFo,False,74,,1,25,"October 9, 2025 at 12:28 AM"
1976263368760754296,https://x.com/Hobby_News_Plus/status/1976263368760754296,"FUN FACT: You could find pallets of sealed 1986 Fleer Basketball cases (Michael Jordan RC) at Costco in 1987 because nobody wanted them.

Pallets. https://t.co/7ndD1znCxu",1415436743608729600,Hobby_News_Plus,True,13695,,0,216,"October 9, 2025 at 12:27 PM"
1976263221553090600,https://x.com/Carloss45322412/status/1976263221553090600,"AGAIN, BLACK THUG  https://t.co/ttjRK40lKR",1515345311341944832,Carloss45322412,False,35,,0,5,"October 9, 2025 at 12:27 PM"
1976081998562091449,https://x.com/coenscheep/status/1976081998562091449,"Costco's 8% year-over-year sales increase reflects strong consumer demand, especially online. This consistent growth suggests in its business model, reassuring those worried about future performance.",1757218756160303104,coenscheep,True,121,Bermuda,0,5,"October 9, 2025 at 12:27 AM"
1976081991444595167,https://x.com/william_R2Rclub/status/1976081991444595167,@MarketWatch Costco just keeps proving consistency beats hype in retail every time.,455590284,william_R2Rclub,True,1644,New York,0,50,"October 9, 2025 at 12:27 AM"
1976081964018065448,https://x.com/MandyGerseygal/status/1976081964018065448,"@lowms @_we_love_food Irish butter is sweeter..The cows are grass-fed, and the butter is really delicious..
They sell Kerrygold in Costco..",901624150984454145,MandyGerseygal,True,5511, Jersey Shore...,0,11,"October 9, 2025 at 12:27 AM"
1976262952878592450,https://x.com/ofgardenthe/status/1976262952878592450,Oh to wear this at costco,1512768562615705608,ofgardenthe,False,126,leicester ,1,86,"October 9, 2025 at 12:26 PM"
1976081922616119459,https://x.com/bighors37109661/status/1976081922616119459,@HUAIQSB 加拿大costco里卖的很多视频里都有反式脂肪,1347629401287102466,bighors37109661,False,95,,0,334,"October 9, 2025 at 12:26 AM"
1976081860032876887,https://x.com/News4Reno/status/1976081860032876887,"NEW INFO: Rumors of a new Costco in South Reno are circulating, but city officials caution that nothing is official yet due to a clerical error. 

https://t.co/y1vW2uMXZ9",17602680,News4Reno,False,51642,"Reno, NV",1,252,"October 9, 2025 at 12:26 AM"
1976081847034503244,https://x.com/kirubatweets/status/1976081847034503244,"MarketWatch: Costco sales run higher after yet another monthly sales gain, helped by digital demand https://t.co/kdbYGohJM1",99882273,kirubatweets,False,204,"New Jersey, USA",0,4,"October 9, 2025 at 12:26 AM"
1976081815137083548,https://x.com/baadermemehof/status/1976081815137083548,"@AlexNowrasteh Really we wouldn’t be.  This nation is my inheritance, not theirs,  and it belongs to my children after me.  Not a bunch of foreigners who think the pinnacle of human existence is Amazon delivery and shopping at Costco.",1849115797567795200,baadermemehof,False,273,,2,39,"October 9, 2025 at 12:26 AM"
1976262803074994623,https://x.com/jokerman1005/status/1976262803074994623,@sjm_e69 COSTCOで卵60個購入してくるのでご教授お願いします🙇‍♂️,983004505884078082,jokerman1005,False,2900,日本 東京,0,10,"October 9, 2025 at 12:25 PM"
1976262782783037567,https://x.com/humberwire/status/1976262782783037567,"Avoid Lorex Product(Lorex): {Veener- June 11, 2025- I bought the 8 camera NVR system from Costco 3 years ago and ever since I hardly ever see all 8 cameras online. Even though the sensor ligh...VER buy Lorex again.}👎(in a shell=&gt;Terrible Chinese Lorex)#2555608 https://t.co/ucMTOu9lM4",1958873548740861953,humberwire,False,17,,0,5,"October 9, 2025 at 12:25 PM"
1976262672086683842,https://x.com/fulredy/status/1976262672086683842,@REALGIFGAWD @superme3541 @dragsterguy1 @HawleyMO Costco and Amazon aren't even in the same league.  And neither are Costco and Walmart/Sams. Costco is small potatoes when compared to Amazon.  Different market forces.,217187722,fulredy,True,2988,CO,1,11,"October 9, 2025 at 12:25 PM"
1976081471552225528,https://x.com/cheryl_josie/status/1976081471552225528,"Novavax at Costco walk-in no wait last appt of the day. Didn’t feel the needle. 👍

I’ve had nearly every Covid vaccine formulation ever offered in the US: Janssen, Pfizer x3, Moderna x3, Novavax. No serious side effects. 😷

Back later for pneumonia and flu vx. Been lax on them. https://t.co/ZuH6okwI8g",1210375120709013504,cheryl_josie,False,857,San Francisco Bay Area CA USA,3,166,"October 9, 2025 at 12:25 AM"
1976081430439755915,https://x.com/RichardUpTheBiz/status/1976081430439755915,"@RobertMSterling My wife: ""Honey I just bought couple things at Costco."" https://t.co/aqvIo9U20k",392360745,RichardUpTheBiz,True,2641,Leveling up businesses,2,184,"October 9, 2025 at 12:25 AM"
1976262566461493364,https://x.com/OpenOutcrier/status/1976262566461493364,"$COST (+1.6% pre) Costco stock runs higher after yet another monthly sales gain, helped by digital demand

https://t.co/WELZikDlcV",2334614718,OpenOutcrier,True,79936,"Chicago, IL & Austin, Tx",2,1710,"October 9, 2025 at 12:24 PM"
1976081396612596222,https://x.com/abivaladez_/status/1976081396612596222,quien para ir a pelearse a costco,58663750,abivaladez_,False,592,,0,11,"October 9, 2025 at 12:24 AM"
1976081324122484867,https://x.com/denn159/status/1976081324122484867,Im craving a costco pizza ngl,1217609714957275143,denn159,False,544,"Toronto, Ontario",8,202,"October 9, 2025 at 12:24 AM"
1976081307538161874,https://x.com/HawaiianPoke/status/1976081307538161874,@BBCNews Does it have a Costco?,1644986138,HawaiianPoke,False,593,Metaverse,0,66,"October 9, 2025 at 12:24 AM"
1976081203754082512,https://x.com/MarketWatch/status/1976081203754082512,"Costco sales run higher after yet another monthly sales gain, helped by digital demand https://t.co/xJm6RFboE9",624413,MarketWatch,True,4675943,"New York, NY",21,15699,"October 9, 2025 at 12:24 AM"
1976262149195563416,https://x.com/GODFazool/status/1976262149195563416,@xeniadidthat The perfect villain to take on the Costco Guys,1441606269836484611,GODFazool,False,39,Jupiter,1,101,"October 9, 2025 at 12:23 PM"
1976081169289707931,https://x.com/espinoza_dy/status/1976081169289707931,"@RevTonyPhelpsRI Ah, the the PCA shops at Costco. 

Well, maybe the OPC shops at Target.",1534193460948807680,espinoza_dy,True,2136,United States,1,83,"October 9, 2025 at 12:23 AM"
1976081144333685162,https://x.com/RussCote/status/1976081144333685162,@RobertMSterling Costco is great but it’s sneakily fucking expensive,46691958,RussCote,True,1055,"Georgia, USA",1,66,"October 9, 2025 at 12:23 AM"
1976080968508375229,https://x.com/K5_40s/status/1976080968508375229,@yukihiro_costco FBA,1252976288865763328,K5_40s,False,110,東海地方,0,31,"October 9, 2025 at 12:23 AM"
1976080934169645259,https://x.com/ThickasElle/status/1976080934169645259,@MsSalemSixx I was also at Costco today!,1622377157174652929,ThickasElle,False,3229,already in your wallet,1,11,"October 9, 2025 at 12:23 AM"
1976261730281062557,https://x.com/optiongenius/status/1976261730281062557,"🚨 Is Costco losing its shine? 📉 With the economy slowing down, consumers may shift their spending! Check out why they might splurge on cars, vacations &amp; more! 💳✨ 

#RetailTrends #Economy #Costco #ConsumerSpending https://t.co/tuH61iLgGI",70721392,optiongenius,False,1727,USA,1,8,"October 9, 2025 at 12:21 PM"
1976261444845842936,https://x.com/Amandasatiro07/status/1976261444845842936,Binging With Babish Tried Over 40 Costco Products — These Hidden Gems Surprised Him - FOOD &amp; WINE https://t.co/mNSnFSxE5l,1825386407189237760,Amandasatiro07,True,5174,United States,0,11,"October 9, 2025 at 12:20 PM"
1976080304373711073,https://x.com/CartChaos22202/status/1976080304373711073,👀🛒🥊🤷🏼‍♂️🤦🏼‍♂️ ⁦@Costco⁩ #CartChaos  https://t.co/JVNID6EShC,924694025663406080,CartChaos22202,False,368,"Arlington, VA 22202",0,39,"October 9, 2025 at 12:20 AM"
1976080274535612767,https://x.com/UnionTyler/status/1976080274535612767,"@bilexual__ Lex 😭😭😭 unfortch me too, esp about Costco. Mommy’s time out",1493757999847862280,UnionTyler,False,4735,"Los Angeles, CA",0,36,"October 9, 2025 at 12:20 AM"
1976261331238928651,https://x.com/carpiediembaby/status/1976261331238928651,"@SenAmyKlobuchar You have lost your trust by lying too much.

We are enjoying going to Costco .",2304831433,carpiediembaby,False,268,,0,10,"October 9, 2025 at 12:19 PM"
1976261291275964675,https://x.com/mi_i3939/status/1976261291275964675,@yukihiro_costco FBA,1595286417847951360,mi_i3939,False,606,,0,13,"October 9, 2025 at 12:19 PM"
1976261183679111179,https://x.com/non1010109/status/1976261183679111179,@yukihiro_costco FBA,960778077822316545,non1010109,False,87,,0,17,"October 9, 2025 at 12:19 PM"
1976080059057439095,https://x.com/willm000cent/status/1976080059057439095,Cada vez que leo el encabezado de una noticia que trate de algo SÚPER NACO que pase en un supermercado el 100% de las veces es en Costco.,1066549145819901952,willm000cent,False,86,"Mérida, Yucatán",1,13,"October 9, 2025 at 12:19 AM"
1976079988509245611,https://x.com/bilexual__/status/1976079988509245611,@UnionTyler People are just doing things and the most excitement I get is Costco,1277005069611761664,bilexual__,False,520,they/them,0,51,"October 9, 2025 at 12:19 AM"
1976079955055526366,https://x.com/rsosa8/status/1976079955055526366,Costco is relentless with the Executive Club Membership upgrade.,36419649,rsosa8,True,5697,SosaVerse,0,249,"October 9, 2025 at 12:19 AM"
1976261097264202092,https://x.com/YunSean1234/status/1976261097264202092,AS WE ARE SEEING EVEN STAPLE STOCKS LIKE COSTCO+TARGET+ETC THOSE PRICES COLLAPSING MORE+MORE AND MORE THAN EVER IN COMING MONTHS+YEARS DRIVEN BY THE STAGFLATION= RISING INFLATION+MASSIVE LAYOFFS+DETERIORATING GDP GROWTH!!!!!!:) AGAIN+AGAIN= NOW THE BUBBLES ARE POPPING NOW!!!!!:) https://t.co/q5ZLzuzsvE,1651978718758445056,YunSean1234,False,325,,0,18,"October 9, 2025 at 12:18 PM"
1976260991752032400,https://x.com/MrTopStep/status/1976260991752032400,"$COST Costco: Sales rose 8% on the year in the five weeks ending on Oct. 5, the wholesale retailer said late Wednesday. Shares rose 1.5% in off-hours trading.",19651092,MrTopStep,True,29664,Trade Smarter →,1,590,"October 9, 2025 at 12:18 PM"
1976260928305033376,https://x.com/tokotoko_akemin/status/1976260928305033376,"コストコのベーグルにホールウィートベーグルが仲間入りしたよ。全粒粉のベーグルでほのかに甘い　思ったよりボソボソもしなくてトーストでもサンドイッチでも美味しい　原材料に気になる素材が入っていないのもうれしい
https://t.co/5rjc7WSPM0",1549946917907361792,tokotoko_akemin,True,893,,2,132,"October 9, 2025 at 12:18 PM"
1976079636909130149,https://x.com/david_zxf/status/1976079636909130149,@_wbio costco mi perro,1142155054134321153,david_zxf,False,189,,0,57,"October 9, 2025 at 12:17 AM"
1976079468365275636,https://x.com/marketsday/status/1976079468365275636,"Costco $COST #Costco Wholesale Sales Climb in September, Early October. Said Wednesday that #sales rose 8% to $26.58B in the five-week period that ended Oct. 5. Gains are spread evenly across stores. $COST #WSJ #stocks #investing #investments #consumers #earnings",570927672,marketsday,False,19690,India,0,151,"October 9, 2025 at 12:17 AM"
1976260506127130833,https://x.com/Local12/status/1976260506127130833,MORE: https://t.co/WoKaT3fwcX,16102208,Local12,False,235782,"Cincinnati, OH",0,801,"October 9, 2025 at 12:16 PM"
1976260442503712971,https://x.com/GeatsIX2point0/status/1976260442503712971,@Jaidenatoor11 @cloudysprinkles He went from a Costco hot dog to a Costco chicken bake.,864690333392785409,GeatsIX2point0,False,314,,0,15,"October 9, 2025 at 12:16 PM"
1976079208083488982,https://x.com/mocasinardilla/status/1976079208083488982,Costco? Aquí celebramos que llegó a la colonia este club de precios https://t.co/GhzNWYW9As,128045007,mocasinardilla,False,505,zapopunk !,0,9,"October 9, 2025 at 12:16 AM"
1976260349356597282,https://x.com/bxLSDJNA41Bt3g7/status/1976260349356597282,@yukihiro_costco FBA,1271007547604865025,bxLSDJNA41Bt3g7,False,54,,0,15,"October 9, 2025 at 12:15 PM"
1976259854148006157,https://x.com/shawn_odonaghue/status/1976259854148006157,@spikedoanz costco,965763709531578368,shawn_odonaghue,True,1133,,0,271,"October 9, 2025 at 12:14 PM"
1976259391016821061,https://x.com/MissAlpakawolle/status/1976259391016821061,"Das PER von Nvidia ist derzeit günstiger als das von Walmart oder Costco. Zum Vergl.: Das PER von Cisco lag im Jahr 2000 bei rund 200. Daher hat die KI noch erhebliches Aufw.-Potenzial. Zudem ist es nicht der USD, der sich abschwächt, sondern der CNY.",1861697367201783809,MissAlpakawolle,False,376,,0,15,"October 9, 2025 at 12:12 PM"
1976259291779567654,https://x.com/rutland_2n/status/1976259291779567654,"@atensnut Are the brown eggs purchase at Costco farm fresh? They’re not as safe as the ones pulled from my Koop, right?",1585946209692295169,rutland_2n,True,3075,United States,0,26,"October 9, 2025 at 12:11 PM"
1976258633106145333,https://x.com/workboottherapy/status/1976258633106145333,"@ChivalryGuild I should actually start leaving the house and going to a gym, even though I've got a great setup here in my basement.

I can barely sit in traffic, or tolerate pushing a cart through Costco once a week, I'm becoming that much of a homebody.",1790573107746410496,workboottherapy,True,575,Don't even worry about it. ,0,4,"October 9, 2025 at 12:09 PM"
1976258323164037314,https://x.com/calcium_0303/status/1976258323164037314,@yukihiro_costco FBA,1898622185566289920,calcium_0303,False,6,,0,15,"October 9, 2025 at 12:07 PM"
1976257864848339259,https://x.com/BourgaultGilles/status/1976257864848339259,@albertarep @lamphieryeg I like you dont have any source for your claim. The BC guy can sell it wine to Costco Ontario if he want since last year.,775806138432368640,BourgaultGilles,False,455,,0,4,"October 9, 2025 at 12:06 PM"
1976257805251178947,https://x.com/popular_tyrant/status/1976257805251178947,"About to walk into Costco like ‘2 morning hot dogs, my good man’",1784239990047707136,popular_tyrant,False,104,"Nova Scotia, Canada",0,13,"October 9, 2025 at 12:05 PM"
1976256965119705435,https://x.com/MaskofVulcan1/status/1976256965119705435,"@dkreative1 @PierrePoilievre He is describing a depression with a D. For just a recession you need 2 things,consumers to stop consuming and women to stop building houses. In my city, the airport has never been busier,  good luck getting parking at costco,  auto sales are strong, and housing starts are steady",745378070,MaskofVulcan1,False,24,,0,11,"October 9, 2025 at 12:02 PM"
1976256339732201888,https://x.com/DividendUsa/status/1976256339732201888,Costco Wholesale Corporation Reports September Sales Results  #COST #earnings #PressRelease #StockMarketNews https://t.co/qm2UIejMTP,1287051709739671557,DividendUsa,True,525,New york,0,37,"October 9, 2025 at 12:00 PM"
1976255652600348777,https://x.com/DestryBrod/status/1976255652600348777,"I'm officially on Cameo now. So if you want me, the dude that made that Costco tweet 7 years ago to wish you a happy birthday or just a shout-out in general, I'm available. 

It will only cost you 675 bucks, so I'm basically doing it for free.",4449801194,DestryBrod,False,18343,"Chicago, IL now Michigan",1,96,"October 9, 2025 at 11:57 AM"
1976255004274262301,https://x.com/JohnSmith872987/status/1976255004274262301,https://t.co/rsUWcYIfJ9,2722561800,JohnSmith872987,False,533,,0,5,"October 9, 2025 at 11:54 AM"
1976254153006645491,https://x.com/Ferd_Turgeson/status/1976254153006645491,@GoBlueLexi117 Costco!,731212674176978944,Ferd_Turgeson,False,4892,I'm on the internet ,1,16,"October 9, 2025 at 11:51 AM"
1976253879152254980,https://x.com/fustephen2008/status/1976253879152254980,@elonmusk 😂 You make it sound easier to get than a free sample at Costco!,2210649107,fustephen2008,True,318,,3,22,"October 9, 2025 at 11:50 AM"
1976253837515329601,https://x.com/DjMastaGee2022/status/1976253837515329601,"Superstore throwdown Wild video shows Costco shopper punch fellow customer in brawl over cart
https://t.co/E6tWgMS5Zr",1547979088316342272,DjMastaGee2022,False,92,"Brooklyn, NY",0,3,"October 9, 2025 at 11:50 AM"
1976253280264258040,https://x.com/ADVFNBrasil/status/1976253280264258040,"Ações da Costco sobem após vendas de setembro superarem as previsões

https://t.co/Gb364IamHp",45562168,ADVFNBrasil,False,17829,Brasil,0,56,"October 9, 2025 at 11:47 AM"
1976252377729728989,https://x.com/usamiumi/status/1976252377729728989,今日のCostco、6万円。 https://t.co/QcTchI2s08,106138550,usamiumi,True,10562,日本,12,335,"October 9, 2025 at 11:44 AM"
1976252250982056106,https://x.com/Michael_Bluford/status/1976252250982056106,"@samuel_costner Nice try, but I've been to Costco.",1649802116226064390,Michael_Bluford,False,68,,0,5,"October 9, 2025 at 11:43 AM"
1976252213572849787,https://x.com/Darensf1/status/1976252213572849787,"$COST NOW30% SINCE MY BUY SIGNAL 🚀

With continued sales growth, digital momentum, membership revenue strength, and plans to open 35 new warehouses, Costco is reinforcing its long-term growth trajectory.

I am guiding trades with eight analysts in my team
https://t.co/VxD6Tr1rBN https://t.co/NREsGiPDLT",1561518954178306050,Darensf1,False,221,,0,28,"October 9, 2025 at 11:43 AM"
1976252146661343439,https://x.com/donalddeanY/status/1976252146661343439,"$COST WHY I’M WATCHING 🚀🚀🚀

Costco’s membership fee revenues increased 14% year over year to 1.72 billion dollars, boosting recurring revenue streams.

👉 I am explaining today’s trading strategy group free limited
🔗 https://t.co/bj9WlXXyXR https://t.co/egZZcIcy8D",282777290,donalddeanY,False,347,,0,26,"October 9, 2025 at 11:43 AM"
1976252088704434584,https://x.com/IvanEyakoowa/status/1976252088704434584,"$COST PRE MARKET GUIDANCE 🚀🚀🚀

Digital-initiated transactions leapt 26.1%, underscoring Costco’s growing strength in its e-commerce and omni channel presence.

👉 This stock is about to explode I am guiding live trades
🔗 https://t.co/VjTboDlipg https://t.co/DQN2rcBEN6",1599735004027830274,IvanEyakoowa,False,252,,0,31,"October 9, 2025 at 11:43 AM"
1976252021478129686,https://x.com/alaragul/status/1976252021478129686,"$COST PRE MARKET GUIDANCE 🚀🚀🚀

Costco’s net sales grew 8.0% year-over-year in Q4, reaching 84.4 billion dollars.

👉 I am live guiding this stock trade inside our group
🔗 https://t.co/Yr7WtxzkVt https://t.co/IMs6kaP8AF",289242932,alaragul,False,328,,0,28,"October 9, 2025 at 11:42 AM"
1976251506111467964,https://x.com/iamqmcgds/status/1976251506111467964,". #PutThatInYourPipe IF YOUR grocery is not listed below it's up to YOU to find out if YOUR produce has been drenched in APEEL!!! Groceries NOT accepting APEEL; Trader Joe's, Sprouts, Natural Grocers, Publix, H-E-B, Costco, Fresh Thyme, Wegmans! Still WONDERING WHY @Walmart/Sams",18266427,iamqmcgds,False,380,,1,30,"October 9, 2025 at 11:40 AM"
1976251134508671248,https://x.com/watchwiz1/status/1976251134508671248,At least half of CT was outperformed by normies who bought gold bars at costco for a premium,1700937325641891841,watchwiz1,True,2539,,1,60,"October 9, 2025 at 11:39 AM"
1976250775841145294,https://x.com/mittimitti33/status/1976250775841145294,@yukihiro_costco FBA,181929051,mittimitti33,False,95,愛知県,0,19,"October 9, 2025 at 11:37 AM"
1976250008929436018,https://x.com/DawsonC53378756/status/1976250008929436018,"@libertiesvanish @gonzo77dc @meishato Theres already a perfect example of this, costco",1211753626818891776,DawsonC53378756,False,31,,0,3,"October 9, 2025 at 11:34 AM"
1976249511258599464,https://x.com/Suzanne35187794/status/1976249511258599464,Good Thursday morning to all. Headed to Costco. Wish us luck. 🌄☕️🤑,1823085874533556225,Suzanne35187794,True,7245,,2,168,"October 9, 2025 at 11:32 AM"
1976248958369529975,https://x.com/lmrpellegrino/status/1976248958369529975,"@DonEford Congrats! Got mine at Costco, zero issues. Thanks Don!",438763073,lmrpellegrino,False,59,"South Weymouth, Massachusetts",1,22,"October 9, 2025 at 11:30 AM"
1976248673362387156,https://x.com/rxnxcxp_/status/1976248673362387156,อยากทำแบบ Costco แต่กดซัพยับ ขอบคุณนะแก,126882293,rxnxcxp_,False,566,127world💚 & SHINee World 💎,0,11,"October 9, 2025 at 11:29 AM"
1976247665156661643,https://x.com/sixteenrangers/status/1976247665156661643,these costco leclerc cars are so fucking big that i can’t even fit them on my shelf-,1145486104939962368,sixteenrangers,False,1154,CL16 LH44 MV1 ,0,32,"October 9, 2025 at 11:25 AM"
1976247450747928993,https://x.com/Asktraders1/status/1976247450747928993,📈 Market insight: https://t.co/JDUtbKzt5r,1118164973484695552,Asktraders1,True,2874,"London, England",0,36,"October 9, 2025 at 11:24 AM"
1976246807417012298,https://x.com/TraderNatty/status/1976246807417012298,"You’d have to forego 7,547 Costco hotdogs (6% tax in Michigan) to pay for those improvements.  If you eat one a day, it would be 20.6 years to save up enough $$$.   But since Mrs. Loosa is also foregoing those dogs, it would only be 10.3 years for that upgraded Model Y.  lololol  PS. Just call me @grok Junior.  lololol",1153864124994117632,TraderNatty,True,1178,,6,104,"October 9, 2025 at 11:22 AM"
1976246125205258619,https://x.com/rr_nmti/status/1976246125205258619,🍻Costcoと共にデイリー【🍸酔っ払イバーの飲酒雑談🌙🍸】衣装披露🍻 #雑談 #ミラティブ #配信 | https://t.co/ucQOqo6LtG,1938253087090872326,rr_nmti,False,125,飼い主のところ,0,120,"October 9, 2025 at 11:19 AM"
1976245978777911607,https://x.com/GlitchGilgamesh/status/1976245978777911607,"@Divdevbytes @andyfang @DoorDash @OpenAI Joan of Arc 
Whispered to me 
She's equally ready for a crusade or a trip to a grocery store like Costco 
But her Alter 
Jeanne Alter wants crusades to burn a kingdom down and then get a head pat afterwards 
Gilgamesh doesn't need the Uruk sand anymore",1943292873664774144,GlitchGilgamesh,True,151,,0,25,"October 9, 2025 at 11:18 AM"
1976245830408687882,https://x.com/MikeMonticelli/status/1976245830408687882,"Re: traffic lights at Sudbury Costco

The city made it possible to buy from Costco for normal city reasons. Cheap food, high quality store brands, economic driver.

I think cars can decide to hang a right and drive around the block if getting through becomes too challenging.",1549833238398525441,MikeMonticelli,False,912,Greater Sudbury / Grand Sudbur,0,6,"October 9, 2025 at 11:18 AM"
1976245765791158705,https://x.com/GALAQTIQ_Social/status/1976245765791158705,"@Plink3r @Dexerto For you it's just $8, but other countries can have more than that. For example when you pay just the price of a box of Costco cookies, in Poland you have to pay over 20 PLN which is more, than most people would have on a tight budget.",1291159913968934913,GALAQTIQ_Social,False,45,,0,13,"October 9, 2025 at 11:18 AM"
1976245729929855430,https://x.com/yuzu__sawa/status/1976245729929855430,@yukihiro_costco FBA,1241952636208738304,yuzu__sawa,False,61,,0,17,"October 9, 2025 at 11:17 AM"
1976245572697993638,https://x.com/TooturntMoney/status/1976245572697993638,@dabiggbaee Yall need to go to Costco Roger’s gave me 35 dollars for 100 GB,1288312033394462720,TooturntMoney,False,362,,0,79,"October 9, 2025 at 11:17 AM"
1976245335929635059,https://x.com/Blaqlabsrob/status/1976245335929635059,@JagoSev8 @realmattforney Our costco doesn't have samples anymore because of these turds.,1809088262503628800,Blaqlabsrob,True,707,,1,17,"October 9, 2025 at 11:16 AM"
1976244596477730869,https://x.com/inakanokaigoshi/status/1976244596477730869,【コストコ新商品】人気のLINDTリンツリンドールに新作ミルク＆ホワイト登場！ https://t.co/fCbe0Zw8fm,871973334,inakanokaigoshi,False,1324,山形県,0,162,"October 9, 2025 at 11:13 AM"
1976244224371851378,https://x.com/pori55pori/status/1976244224371851378,"今日の晩ご飯🍚

本日も登場多めの〝ししゃも〟

だってCostcoで大量に買っちゃったんだもーん🐟消費しなくちゃwww😅 https://t.co/W4QeOunabJ",136904871,pori55pori,False,268,Japan,12,72,"October 9, 2025 at 11:11 AM"
1976243860151099532,https://x.com/cherovtuber/status/1976243860151099532,@darlingstrawbie I thought the middle one looks like Costco or a small commercial building where you see a bunch of small stores until I zoomed in 😜,1500474800824889348,cherovtuber,False,301,,1,101,"October 9, 2025 at 11:10 AM"
1976243821907198301,https://x.com/mrdrcyditzwillm/status/1976243821907198301,"“You went to Costco?”

‘Yes, Dave.’

“But you didn’t just buy rice and beans?”

‘That’s correct, Dave.”

“🤬  🤬  🤬” https://t.co/qK0SlffLpD",1730208530005729281,mrdrcyditzwillm,True,907,Arrakis,0,12,"October 9, 2025 at 11:10 AM"
1976243626687754251,https://x.com/DoNotComply23/status/1976243626687754251,@rat_lab18488 @CaptainNick_s @BiggieBTC Sam’s Club or Costco bag of frozen blueberries.,1706994726967349248,DoNotComply23,True,1373,"Texas, USA",0,65,"October 9, 2025 at 11:09 AM"
1976243572220530864,https://x.com/Investors_Hub/status/1976243572220530864,Costco shares climb after September sales top forecasts (NASDAQ:COST) https://t.co/N8O1BpdGSz,103105759,Investors_Hub,True,3798,In front of our real time data,0,36,"October 9, 2025 at 11:09 AM"
1976243548468215869,https://x.com/LEVEL_4s_211225/status/1976243548468215869,🍻Costcoと共にデイリー【🍸酔っ払イバーの飲酒雑談🌙🍸】衣装披露🍻  #ミラティブ  https://t.co/RpEMT841P8,3236192780,LEVEL_4s_211225,False,601,ﾏﾁｪｯﾄを操る女神(PUBG),0,95,"October 9, 2025 at 11:09 AM"
1976243413487059432,https://x.com/akko2524/status/1976243413487059432,Costco退会しちゃったけど、でっかいサーモン一度食べたかったなあ,6076082,akko2524,False,2148,群馬県高崎市のとなり,11,250,"October 9, 2025 at 11:08 AM"
1976242444850303321,https://x.com/HinseLee/status/1976242444850303321,@AmazonHelp #AmazonPrime via DM was unwilling to resolve the problem.  I suggest everyone look for other options but don't renew.  Maybe #Walmart or #costco.,449315275,HinseLee,True,131,"Isla Mujeres, MX",0,8,"October 9, 2025 at 11:04 AM"
1976242115379126642,https://x.com/atropine777/status/1976242115379126642,@yukihiro_costco FBA,356048675,atropine777,False,28,,0,15,"October 9, 2025 at 11:03 AM"
1976242061771968701,https://x.com/followwxsfans/status/1976242061771968701,@LecheMilkMiruku the fact I live near a costco and I am literally rui myself this kinda scares me….? - 🎈,1958302475632431105,followwxsfans,False,581,Four mods:🌟🍬🤖🎈,0,66,"October 9, 2025 at 11:03 AM"
1976241908151353415,https://x.com/davecassidy73/status/1976241908151353415,@J2801 @narindertweets Costco ones are the best.,26874103,davecassidy73,False,174,,1,4,"October 9, 2025 at 11:02 AM"
1976241863456686384,https://x.com/SibneyCrombsy/status/1976241863456686384,@Psychoelogist @aizenssword Time to go to Costco and buy bulk lactaid 😌,1680689912574623744,SibneyCrombsy,False,1444,They/them 🐧🏳️‍🌈🍉,1,60,"October 9, 2025 at 11:02 AM"
1976241757391388685,https://x.com/7ru2jmIWVlWjoRe/status/1976241757391388685,@yukihiro_costco FBA,741404725963194368,7ru2jmIWVlWjoRe,False,102,,0,13,"October 9, 2025 at 11:02 AM"
1976240817296773195,https://x.com/danbert8/status/1976240817296773195,@LP_CLC @MousseNonny Around here people complain that Indians buy too much at Costco... Make it make sense!,106403705,danbert8,False,257,,0,6,"October 9, 2025 at 10:58 AM"
1976240690993799308,https://x.com/JAYintheBX/status/1976240690993799308,"@Costco Pls stop using seed oils (canola/soybean/vegetable) in your products like Kirkland Lightly Breaded Chicken Chunks or Breast Fillets and use EVOO or Avocado or Coconut Oils. All other ingredients are clean for the most part, especially compared to other products. https://t.co/3t9owKeCZ4",2822154046,JAYintheBX,False,43,Boogie Down,0,8,"October 9, 2025 at 10:57 AM"
1976239974849839277,https://x.com/nancykay9/status/1976239974849839277,@braves2430 Those artisan rolls from Costco. “Square rolls” are always on my shopping list.,493286912,nancykay9,False,56,,0,2,"October 9, 2025 at 10:55 AM"
1976239935863783812,https://x.com/chiwanosuke_ttm/status/1976239935863783812,"コストコ　印西で
特別試食
プレミアムチケット　パン　デリ　すしの３種を
枚数限定配布
残念ながら入手出来なかった

デリのはプルコギを巻いた販売してないオリジナル

すしが食べたかった😅

#コストコ #costco #試食 #前向き駐車 #前進駐車 https://t.co/hHPK4eb9TI",1081475449283170304,chiwanosuke_ttm,False,238,,1,161,"October 9, 2025 at 10:54 AM"
1976239309582893153,https://x.com/Uniquecomics1/status/1976239309582893153,Just bought more physical silver. Quantity is getting low prices are getting high. Costco sold out. Costco online sold out. Can’t find any coins or bars anywhere.  Managed to get a 10 ounce bar ordered online.,1387578217570004994,Uniquecomics1,False,555,,0,30,"October 9, 2025 at 10:52 AM"
1976238628159488388,https://x.com/echofont/status/1976238628159488388,"@inversionitas Correcto en todo.
Tengo un amigo que transporta gasolina para Repsol, un día hablando con el, me dijo que los del Costco usaban la misma, que el lleva a agricultores o gasolineras.
Y el precio... Costco VS Repsol -0.3/-0.5c/L (Zaragoza).",80048998,echofont,False,285,"Zaragoza, Spain",0,222,"October 9, 2025 at 10:49 AM"
1976236966057275761,https://x.com/Chirona_Station/status/1976236966057275761,"Andresul reponiendo en el Costco para donarle a Sasel y que se pueda dar el lujazo de pagar el piso de 1700€ en Granada.
Se ha filtrado que Andresul esta currando horas extras para donar más y hacer rabiar a los ""haters""
Hoy donará 500€😱😱
Agradecimiento a @BeatleXbox https://t.co/1kMNrs6syV",1639224784713121794,Chirona_Station,False,1037,,15,498,"October 9, 2025 at 10:43 AM"
1976236951352271102,https://x.com/RustyNail5by51/status/1976236951352271102,https://t.co/j4H4WZrnCh,1520368800658595841,RustyNail5by51,False,471,"Hempstead, NY",0,3,"October 9, 2025 at 10:43 AM"
1976236180644692058,https://x.com/sandeew18/status/1976236180644692058,@FoxNews @seanhannity He’s killing us with his tariffs. Last time I bought coffee at Costco it was $12.99. Now it’s $19.49. Thought he said we wouldn’t pay for the tariffs but of course we all knew that as another Big Lie. Here’s my receipts https://t.co/qfmmXk3tIU,864637192274038785,sandeew18,False,8137,"Delaware, USA",1,84,"October 9, 2025 at 10:39 AM"
1976236101888282789,https://x.com/Jelettio151774/status/1976236101888282789,"@JPizzletheOG Dude Costco pizza slices are huge

Regular I can gobble down like 3-4 Costco I can only do 2 max",1807136955261685760,Jelettio151774,False,299,Geek girl,0,7,"October 9, 2025 at 10:39 AM"
1976235510885441621,https://x.com/Jasonwoodmine/status/1976235510885441621,Costco Wholesale Corp : Mizuho Cuts Target Price to $950 From $975,2990665346,Jasonwoodmine,True,264,City of Raleigh,0,1,"October 9, 2025 at 10:37 AM"
1976233863891554374,https://x.com/Edwinazzi/status/1976233863891554374,@business 👀 Walmart and Costco turn,275106210,Edwinazzi,False,4094,Beirut-Lebanon,0,64,"October 9, 2025 at 10:30 AM"
1976233666943779310,https://x.com/C1yt8vBjCt23104/status/1976233666943779310,@yukihiro_costco FBA,1957579827579662336,C1yt8vBjCt23104,False,126,,0,19,"October 9, 2025 at 10:29 AM"
1976232725880402343,https://x.com/eve_schna/status/1976232725880402343,"夜ご飯はリクエストの
✨手羽先とかぼちゃ入りかき揚げとかぼちゃフライ

✨かぼちゃの甘辛炒め
✨野菜🥗

※かぼちゃはCostcoで買った北海道産マロンドール🎃
めっちゃネットリで美味しいです😋 https://t.co/exB8TBo13O",1940069182223392769,eve_schna,False,100,,15,81,"October 9, 2025 at 10:26 AM"
1976232613158453328,https://x.com/PiltdownSupermn/status/1976232613158453328,"A video with several subjects, the first two were interesting to me: ""THESE Groceries Got Smaller; Fake Evite SCAM; Costco's Ozempic Deal""
https://t.co/Ew6ZOp4sfG",248445168,PiltdownSupermn,False,2570,"Kingston, NY",0,73,"October 9, 2025 at 10:25 AM"
1976232611493154973,https://x.com/arabicfx1/status/1976232611493154973,"كوستكو تتفوق في سبتمبر: أسهمها ترتفع بعد تجاوز التوقعات

نيويورك - 9 أكتوبر 2025
شهدت أسهم شركة كوستكو هولسيل (Costco Wholesale Corp.) ارتفاعًا ملحوظًا اليوم، مدعومة بأداء مبيعات قوي في شهر سبتمبر تفوق التوقعات. أعلنت الشركة عن زيادة في المبيعات الإجمالية بنسبة 8% على أساس سنوي، ليصل إجمالي المبيعات إلى 26.58 مليار دولار. وفقًا للبيانات، ارتفعت المبيعات المقارنة بنسبة 5.7%، متجاوزة التوقعات التي كانت تبلغ 4.6%، مع نمو في الولايات المتحدة بنسبة 5.1%، وكندا 6.3%، والمناطق الدولية الأخرى 8.5%. ساهم الطلب الرقمي القوي في دفع هذا النمو، مما يعكس استمرارية الشركة في جذب المستهلكين رغم التحديات الاقتصادية. ردًا على هذه الأرقام الإيجابية، قفزت أسهم كوستكو في التداولات الصباحية، مما يعزز من ثقتها لدى المستثمرين.
#كوستكو #ارتفاع_أسهم #مبيعات_سبتمبر #تجاوز_التوقعات #سوق_الأسهم#CostcoWholesale #RetailBoom #StockRise
#اكسبيرت_الفهد #روبوت_الفا #اكسبيرت_المؤشرات_الامريكيه",1140947858,arabicfx1,True,1956,,0,12,"October 9, 2025 at 10:25 AM"
1976232272161538227,https://x.com/shit_maga_says/status/1976232272161538227,@Still_Mark_Rami @thefrog1394 @crushmarxismnow If seeing lots of Indians at Costco ruins your day then that’s definitely a you problem and you should seek help.,1836945637834903554,shit_maga_says,False,234,United States,0,16,"October 9, 2025 at 10:24 AM"
1976231262865195158,https://x.com/Costco_human/status/1976231262865195158,@tomotan8010 代引きで送ったら良いですか？😛,1828262971308679168,Costco_human,True,4348,滋賀 倹約系米国インデックス投資家 株クラ NISA全力,1,14,"October 9, 2025 at 10:20 AM"
1976231052831080621,https://x.com/vanessa_henize/status/1976231052831080621,"@elonmusksonlilx Yes, and by the way, that's my absolute favorite thing to do while at costco",2223053834,vanessa_henize,True,390,Earth ,3,14,"October 9, 2025 at 10:19 AM"
1976230642619707540,https://x.com/SCAR_HEART_01/status/1976230642619707540,"Fatigue. Guess who’s shopping at Costco now?

Wild video shows man punch fellow shopper in NYC Costco brawl over shopping cart https://t.co/0Yz4G0Z3Oc",1585948647707086849,SCAR_HEART_01,True,5025,"Monroe, louisiana",0,11,"October 9, 2025 at 10:17 AM"
1976230079886754013,https://x.com/42_theanswer/status/1976230079886754013,"#FoodRecall 
https://t.co/QqJtuBJ3De",37301624,42_theanswer,False,258,United States,0,2,"October 9, 2025 at 10:15 AM"
1976229250777874818,https://x.com/azaaaaraaasuuuu/status/1976229250777874818,COSTCO大分にも出来んかな,1662490413855551488,azaaaaraaasuuuu,False,148,大分 中津市,0,4,"October 9, 2025 at 10:12 AM"
1976228859352854799,https://x.com/Armchairecon1/status/1976228859352854799,@GoldTelegraph_ I remember when I could still BUY metals at Costco- those days seem to be over- #NOINVENTORY!,1487390198275223560,Armchairecon1,True,162,,1,68,"October 9, 2025 at 10:10 AM"
1976228658571337871,https://x.com/stock3com/status/1976228658571337871,COSTCO - Kräftiges Umsatzplus im September #wirtschaft #börse #finanzen https://t.co/bZuRvZajH2,44144586,stock3com,False,10914,"München, Deutschland",0,117,"October 9, 2025 at 10:10 AM"
1976228404530704529,https://x.com/FatKidDeals/status/1976228404530704529,"Costco 1-Year Gold Star Membership + $20 Digital Costco Shop Card for $65!

https://t.co/e81GQMRcGZ

Have issues redeeming? Contact StackSocial via; https://t.co/WRFPO1hQLb https://t.co/A6eBkFRcOO",2360121187,FatKidDeals,True,707535,📧 promo@fatkiddeals.com,1,2940,"October 9, 2025 at 10:09 AM"
1976227847233503369,https://x.com/F4SuperBugfan89/status/1976227847233503369,Sam's Club joins Costco in selling discounted Wegovy and Ozempic https://t.co/jeG4ELHt8H,80994991,F4SuperBugfan89,False,1005,,1,10,"October 9, 2025 at 10:06 AM"
1976227235716792385,https://x.com/dat_oneboiiii/status/1976227235716792385,@supergigapog DAMMIT NOW I WANT A COSTCO HOT DOG (and maybe a double chunk chocolate chip cookie too 😔),1329998415455916036,dat_oneboiiii,False,40,,0,16,"October 9, 2025 at 10:04 AM"
1976226734958621136,https://x.com/barronsonline/status/1976226734958621136,"These Stocks Are Moving the Most Today: AMD, Delta, PepsiCo, Coinbase, Costco, AZZ, and More https://t.co/0EPtScGqFB",20449296,barronsonline,False,390724,"New York, NY",8,3480,"October 9, 2025 at 10:02 AM"
1976226581258568121,https://x.com/Vivian04106954/status/1976226581258568121,costco的油确实好🚬之前加的油真的不扛烧,1617587347771756544,Vivian04106954,False,80,,1,27,"October 9, 2025 at 10:01 AM"
1976226064046456874,https://x.com/HeistSusan/status/1976226064046456874,@gotrice2024 @gaye_gallops What a bizarre able bodied woman who can easily walk the whole parking lot with no issues.  The bus took up six spots.  The manager’s question and response should have been “how many shoppers were on the bus?”   If more than six - shut up.  Costco being political = lost revenue.,1608559516722814976,HeistSusan,False,1134,,4,61,"October 9, 2025 at 09:59 AM"
1976225620544860577,https://x.com/Scampboi/status/1976225620544860577,@TemptingFoodNow Someone's been to Costco,155682701,Scampboi,False,2014,"London, England",0,12,"October 9, 2025 at 09:57 AM"
1976225296744595766,https://x.com/Bronenoset44199/status/1976225296744595766,Im donating a costco granola bag and a box of mimosas at my local lesbian shelter for #lesbianday,1771312122892296192,Bronenoset44199,False,117,,0,11,"October 9, 2025 at 09:56 AM"
1976224767998034099,https://x.com/icouldbeahacker/status/1976224767998034099,@ncorreyna I justified it by eliminating Starbucks and using Costco beans.  Definitely paid for itself.,216545351,icouldbeahacker,True,1214,"Shawnee, KS",1,6,"October 9, 2025 at 09:54 AM"
1976223661813125376,https://x.com/FOX61News/status/1976223661813125376,Sam's Club joins Costco in selling discounted Wegovy and Ozempic https://t.co/yoqYDU89mH,9627102,FOX61News,False,160135,"Hartford, CT",1,436,"October 9, 2025 at 09:50 AM"
1976223636962046389,https://x.com/minami_honmoku/status/1976223636962046389,Costcoソフトクリームバカ盛り過ぎて草😂 https://t.co/8r438qwy8O,265395453,minami_honmoku,False,624,横浜港～東京港/奇妖県/海ｺﾝ戦隊ブラックレンジャー,3,74,"October 9, 2025 at 09:50 AM"
1976223445320180208,https://x.com/neverbarself/status/1976223445320180208,@atensnut you can get brown eggs at costco too,1884375201410080769,neverbarself,False,31,,0,6,"October 9, 2025 at 09:49 AM"
1976223212414607772,https://x.com/ManlyMarshall/status/1976223212414607772,@DevinOlsenn FSD knows the spots next to the cart return are not good. At my Costco those spots are too small because the fence takes up part of the neighboring spots.,3407962245,ManlyMarshall,True,1432,"Naples, FL",0,50,"October 9, 2025 at 09:48 AM"
1976222711711162545,https://x.com/tomotan8010/status/1976222711711162545,@Costco_human 欲しい〜もうすぐ誕生日やから🎁送ってくれる？🤭,922251491993251840,tomotan8010,False,2,日本,1,23,"October 9, 2025 at 09:46 AM"
1976222614063624436,https://x.com/twe4kerbitch98/status/1976222614063624436,i love costco tho,1800407881076056064,twe4kerbitch98,False,242,,0,9,"October 9, 2025 at 09:46 AM"
1976222210743533874,https://x.com/SUGITA721/status/1976222210743533874,@yukihiro_costco FBA,868390251684691969,SUGITA721,False,145,日本,1,26,"October 9, 2025 at 09:44 AM"
1976222121253597219,https://x.com/ksdknews/status/1976222121253597219,Sam's Club joins Costco in selling discounted Wegovy and Ozempic https://t.co/T0ZyLJM0HO,42921216,ksdknews,False,257130,"St. Louis, Missouri",2,1314,"October 9, 2025 at 09:44 AM"
1976222047899730124,https://x.com/Saibra33/status/1976222047899730124,"@rubyduby2sday @CallVoter @SenSchumer Actually that’s inaccurate. I live in DC. Only essential personnel are working &amp; not getting paid. The rest are out shopping at the local Costco &amp; having a nice vacation &amp; will still get paid. You don’t see them whining, do you?",1513571217919389704,Saibra33,False,2786,"Washington, DC",1,9,"October 9, 2025 at 09:43 AM"
1976221646903181448,https://x.com/lnjbwtz/status/1976221646903181448,@Colton3R @GoHeels He’ll be 77 years and buying Depends at Costco.,44036216,lnjbwtz,False,1233,"SWFL, ME",0,129,"October 9, 2025 at 09:42 AM"
1976221620365918350,https://x.com/kurokodain0210/status/1976221620365918350,@yukihiro_costco FBA,2827454238,kurokodain0210,False,60,大阪,0,13,"October 9, 2025 at 09:42 AM"
1976221135445557281,https://x.com/jonMatthei/status/1976221135445557281,@atensnut Been eating hard boiled eggs from costco for a long long time. Still have a full head of hair at 50ish yrs old,1820835652973305856,jonMatthei,True,164,MY HOME WHERE I WAS BORN,0,3,"October 9, 2025 at 09:40 AM"
1976220989571858902,https://x.com/ODNMalaysia/status/1976220989571858902,"消费者趋之若鹜　Costco黄金产品被哄抢
https://t.co/WNmsZ5YTy5",190596119,ODNMalaysia,False,52152,"Kuala Lumpur, Malaysia",0,107,"October 9, 2025 at 09:39 AM"
1976220652542759400,https://x.com/DanBlacoriginie/status/1976220652542759400,"@atensnut Egg sales in Australia are at room temperature on the grocery floor. The eggs have the bloom on. At an Aussie Costco, the eggs are in the chill room. I buy cage eggs because I don't anthropomorphise the chicken that actually likes cramped environments.",1439395143681921029,DanBlacoriginie,True,495,,0,111,"October 9, 2025 at 09:38 AM"
1976220345465176521,https://x.com/KnicksStruggle/status/1976220345465176521,@snyyankees I heard Costco is hiring,2415985132,KnicksStruggle,False,106,Smock,2,16,"October 9, 2025 at 09:37 AM"
1976220334920745262,https://x.com/surfride_720/status/1976220334920745262,@irhn17hhtoo Costco〜🥰,1771326468351741952,surfride_720,False,862,よ〜いドンが観れるとこ,1,21,"October 9, 2025 at 09:36 AM"
1976219787429814379,https://x.com/U3VKYt6XJWIRlso/status/1976219787429814379,@yukihiro_costco FBA,1377261118675021838,U3VKYt6XJWIRlso,False,121,,0,16,"October 9, 2025 at 09:34 AM"
1976219406465413463,https://x.com/crazynate999/status/1976219406465413463,@patriottakes “Kirkland” ? Was he secretly a Costco heir???,1069836816,crazynate999,False,956,,1,94,"October 9, 2025 at 09:33 AM"
1976218618720551244,https://x.com/mande_easy/status/1976218618720551244,"#Costco #野々市倉庫🕕🛒4⛽157
人気品
筋子1,628/100g お高い…
🟡
パン祭り
#TommyHilfiger  ロングＴシャツ
🆕🤔
#伍漁福 おとなが愉しむオードブルセット
#パッションフルーツベニエ 単品
食べる海鮮牡蠣のXO醤
リッツサンド チョコ&amp;バニラ
あさりカルックス
🌭
ハワイアンピザ 無し…
では🫡 https://t.co/uMSCouUWLn",1513120375731015680,mande_easy,False,1551,好きにポスト✨苦手垢即D# 🕙寝🕔起,19,301,"October 9, 2025 at 09:30 AM"
1976218349295288463,https://x.com/KoubunUra/status/1976218349295288463,"@mii_012540 Costco 会員じゃないから
行った事ないけど
美味しそうな物
売っているんだね😊",1245007982116536320,KoubunUra,False,64,,0,9,"October 9, 2025 at 09:29 AM"
1976218075839267177,https://x.com/chibirian/status/1976218075839267177,"最高だなー！
ポークトーバーフェスト✨
#costco_japan 
#porktoberfest",61122134,chibirian,False,797,💜💜💜💜💜💜💜,0,20,"October 9, 2025 at 09:28 AM"
1976216569677324353,https://x.com/FlossCarmeli/status/1976216569677324353,@altnatolivia Costco is like Domino’s?,1359550568725966849,FlossCarmeli,False,1166,italy,1,12,"October 9, 2025 at 09:22 AM"
1976215713456287999,https://x.com/butamin_c_c/status/1976215713456287999,COSTCO行く途中に急に何かフロントガラスに｢ガン！｣とぶつかる音が😱とりあえずガラスにヒビも入っていないし、家に帰ってからドラレコを確認してみたら、犯人とその凶器が映ってました😓ゆっくり見たら1回バウンドしてから当たってました。上から落とすんじゃなくて、下に置けば割ってあげたのに😅 https://t.co/D4XQ2zjzOl,1621489466862075906,butamin_c_c,False,191,,0,90,"October 9, 2025 at 09:18 AM"
1976215464947908733,https://x.com/AnneBruns13/status/1976215464947908733,@tommyr345 And eben Costco ran out of silver.. 😂,1085611715964952581,AnneBruns13,False,1797,🎗️,0,552,"October 9, 2025 at 09:17 AM"
1976215336975507477,https://x.com/dangitcasper/status/1976215336975507477,"Case of beer in the passenger foot well, five Costco glizzies stuffed in the glovebox and one in the gob, driving in the darkness and listening to Creep by Radiohead. Never have I found a reel I’ve wanted to live in more.",1402381460921896974,dangitcasper,False,443,Not in the EU,4,74,"October 9, 2025 at 09:17 AM"
1976215191206682989,https://x.com/gktz1234/status/1976215191206682989,@Alex8282019 costco 供应商准入条件极其苛刻，而且就算你入了白名单，毛利率也就5-8%左右，这是我们这一行的通识。所以一些很有特色的产品，二爷你在costco买不到，比如ninjia品牌的最新款家电,865726004,gktz1234,False,57,,0,28,"October 9, 2025 at 09:16 AM"
1976214443995562478,https://x.com/BoatTippingClub/status/1976214443995562478,@kit_sats Lol Costco hot dogs don’t even have opposable thumbs to handle loose change! Silly sausages.,1757362757718900736,BoatTippingClub,True,766,,0,13,"October 9, 2025 at 09:13 AM"
1976214392636379303,https://x.com/He3lwK/status/1976214392636379303,@yukihiro_costco FBA,1425775333391757313,He3lwK,False,18,,1,26,"October 9, 2025 at 09:13 AM"
1976212957546807695,https://x.com/hollow_saba/status/1976212957546807695,"Well I was going to say this is stupid and he does not have the same verve as the Costco Guys, but apparently he cheated on his wife and then dropped a podcast justifying himself, which is kinda beast, so I guess I'll give him a chance",1676035089963315200,hollow_saba,False,152,だが、断る,0,26,"October 9, 2025 at 09:07 AM"
1976211071271657473,https://x.com/ZDNET/status/1976211071271657473,"Best Costco deals to compete with Amazon Prime Day 2025: Sales from Apple, LG, and more https://t.co/IHWNIc6DkM",3819701,ZDNET,True,456158,,0,624,"October 9, 2025 at 09:00 AM"
1976210909040419074,https://x.com/nori_to_yomimas/status/1976210909040419074,@yukihiro_costco FBA,1354327243749642241,nori_to_yomimas,True,235,大阪府大阪市,0,56,"October 9, 2025 at 08:59 AM"
1976210803964641415,https://x.com/11_carnival/status/1976210803964641415,@yukihiro_costco FBA,539647891,11_carnival,False,751,,0,32,"October 9, 2025 at 08:59 AM"
1976210724927226006,https://x.com/pangbaba2023/status/1976210724927226006,Costco上架中国麻将了！99.99美元/套!  #美国代孕 https://t.co/R2tUfixfgd,1582918795274092544,pangbaba2023,True,255,美国,0,12,"October 9, 2025 at 08:58 AM"
1976210463651225668,https://x.com/JBradshaw17775/status/1976210463651225668,"A quick question.

Is it too soon to pick a couple of tins of these bad boys up from Costco for Christmas yet? https://t.co/tTX3af8a3M",1765037778453028865,JBradshaw17775,False,10605,The Klingon Empire.,4,131,"October 9, 2025 at 08:57 AM"
1976210447947739354,https://x.com/MergeDroid/status/1976210447947739354,"Lenovo's UK site now for the first time has stock of the lower AND higher spec options of the Lenovo Chromebook Plus 14"".  However, their current prices can be easily beaten right now with stock available at Argos and Costco UK (for the higher spec) + Currys (for the lower spec). https://t.co/Z5UGs4uj7s",1306147888049934336,MergeDroid,False,259,United Kingdom,1,41,"October 9, 2025 at 08:57 AM"
1976209529361793294,https://x.com/FantasticFigur2/status/1976209529361793294,@Laufey_son @TheCriticalDri2 Threadification = butthurt and this lady has a butthurt even a costco sized box of wine can't fix,1169693204687577089,FantasticFigur2,False,100,,0,6,"October 9, 2025 at 08:54 AM"
1976209185294647613,https://x.com/Purplebus68/status/1976209185294647613,@itsbighonkin I like the idea of getting a taste before buying. It’s like the samples at Costco.,1435749629262499845,Purplebus68,False,6422,,4,225,"October 9, 2025 at 08:52 AM"
1976208778333979063,https://x.com/ChurbeMichael/status/1976208778333979063,@yalligatorgar I still prefer Iceland competent government with socialism with Costco characters. 🤌,1188212899241553920,ChurbeMichael,False,1037,Varies,0,8,"October 9, 2025 at 08:51 AM"
1976208070855266734,https://x.com/nknk_tanu/status/1976208070855266734,"
コストコ 25周年 ショッピングバッグ エコバッグ COSTCO Sサイズ 1枚 トートバッグ 折り畳み 大容量 記念デザイン 手持ちハンドル バッグ キャンプ アウトドア レジャー ギフト プレゼント #ad https://t.co/5b3SqpojXg",1755238258680987648,nknk_tanu,False,131,,0,77,"October 9, 2025 at 08:48 AM"
1976207978542805002,https://x.com/FlaDogLover/status/1976207978542805002,"@Raindropsmedia1 Costco should offer a White Card membership that allows Whites only for a couple hours per day. Even 6am-8am would be fine, as none of the black savages are awake that early anyway.",1140253787577339904,FlaDogLover,True,8426,Florida,7,91,"October 9, 2025 at 08:47 AM"
1976207020035539202,https://x.com/zone1120/status/1976207020035539202,@yukihiro_costco FBA,2410712510,zone1120,False,53,,0,23,"October 9, 2025 at 08:44 AM"
1976206647702802579,https://x.com/cx302024/status/1976206647702802579,@yukihiro_costco FBA,4703329586,cx302024,False,188,,0,19,"October 9, 2025 at 08:42 AM"
1976206485479637004,https://x.com/soobieedoobiee/status/1976206485479637004,Me quiero comprar otro cheesecake del costco…,1223290983669956609,soobieedoobiee,False,161,,0,11,"October 9, 2025 at 08:41 AM"
1976205792912232839,https://x.com/songsforangie/status/1976205792912232839,"10/04/2025: had these dumping from costco and springrolls, but in a bowl. twice. https://t.co/aaPzvLuyy0",1447173678655959043,songsforangie,False,12,,0,13,"October 9, 2025 at 08:39 AM"
1976205658652569633,https://x.com/yukihiro_costco/status/1976205658652569633,"【質問】

ダンボールワンからダンボールを大量購入してる方っていますか？

顧問生の方で「資材安く買えるところ無いですか？」って相談を受けて、資材費の一覧を確認したらサイズ毎で1枚10〜30円ほど安くできそうだったんですよね💦

自己配送で毎月大量に消費してる人がいたら協力できるかも👍",1178265347750629376,yukihiro_costco,True,13486,毎月無料の質問解答会をしてるオープンチャット👇,15,1588,"October 9, 2025 at 08:38 AM"
1976204912326566329,https://x.com/0yG3YXrGY3aYuWn/status/1976204912326566329,@yukihiro_costco FBA,955387436221083648,0yG3YXrGY3aYuWn,False,5,,1,35,"October 9, 2025 at 08:35 AM"
1976204767207584097,https://x.com/websitelink_au/status/1976204767207584097,🍰 🎂 Costco Cake Taste Test: Top Picks Revealed by Baker  Read Article: 👉 https://t.co/xCPSChFp9E 🍓🍫 #CakeLovers #BakingGoals #BirthdayCake #SweetMoments #recipe,2910844987,websitelink_au,True,602,,0,3,"October 9, 2025 at 08:35 AM"
1976203901763293224,https://x.com/yusaku_buppan/status/1976203901763293224,@yukihiro_costco FBA,3246608570,yusaku_buppan,True,5864,,1,299,"October 9, 2025 at 08:31 AM"
1976203508702384224,https://x.com/readersdigest/status/1976203508702384224,"Costco's done it again! This incredible new food court treat is worth a trip to the store, even if you're not buying anything else. https://t.co/pDEsIPQXYb",15592792,readersdigest,True,117470,,0,238,"October 9, 2025 at 08:30 AM"
1976203014701711722,https://x.com/swang1317/status/1976203014701711722,@KadenPop Oh there are STACKS OF BOXES of these at my Costco https://t.co/5H5BvNZaKt,228833204,swang1317,False,699,,0,3,"October 9, 2025 at 08:28 AM"
1976202473552675172,https://x.com/GianFrankComo/status/1976202473552675172,"@jimcramer To all the people who bought gold bars at Costco , you killed it.",816322741653491712,GianFrankComo,True,1405,,0,10,"October 9, 2025 at 08:26 AM"
1976201599006671149,https://x.com/1hbSFMzf4j16257/status/1976201599006671149,我現在才知道年輕人已經把滷味叫成滷水了ㄏcostco看半天原來只是年輕人支,1874506794762170368,1hbSFMzf4j16257,False,10,,0,3,"October 9, 2025 at 08:22 AM"
1976200613190136272,https://x.com/kaeruya_sokudou/status/1976200613190136272,"おすそわけ会

まなvivaかえる家にて開催中
Costcoさまから食材をいただきました
いつもご支援ありがとうございます

#山形県　#上山市　#こども食堂　#子ども食堂　#フードバンクかみのやま　#フードパントリー　#フードロス　#山形県こどもの居場所づくり　#食材配布　#ともいき財団助成 https://t.co/jM44fjhDIn",1278511565549891584,kaeruya_sokudou,False,2649,山形 上山市,5,60,"October 9, 2025 at 08:18 AM"
1976200008044302795,https://x.com/louislee/status/1976200008044302795,@DevinOlsenn I feel the pain from your wife as this Costco center is the busiest one in GVA .😂,9524522,louislee,True,389,WWW,2,30,"October 9, 2025 at 08:16 AM"
1976199704464822446,https://x.com/eldiarioAnd/status/1976199704464822446,"OPINIÓN | La pata de jamón (de Costco), por María José Durán @Emyein @and_emigraos https://t.co/hNtuDXA48Q",1132119854,eldiarioAnd,False,16419,Andalucía,0,114,"October 9, 2025 at 08:15 AM"
1976199480270901363,https://x.com/tevaude/status/1976199480270901363,"@JasonBassler1 The pardon process went from ""clemency for the wrongly convicted"" to ""Costco membership for criminals who know the right people."" We're not even pretending anymore: just openly price-checking redemption.",523609754,tevaude,True,116,Nürnberg,0,15,"October 9, 2025 at 08:14 AM"
1976199103609700412,https://x.com/ijoker276296/status/1976199103609700412,"@vplusasia 電車の乗り方や行列の待ち方、Costco、クラクション､ゴミのポイ捨て､､
民度以外のよく表現されている単語があるなら教えて欲しい、あるとするなら使いたい",1897946397707788288,ijoker276296,False,45,,0,11,"October 9, 2025 at 08:12 AM"
1976198778303680558,https://x.com/moneyaddict666/status/1976198778303680558,@yukihiro_costco FBA,225724221,moneyaddict666,False,4,,0,31,"October 9, 2025 at 08:11 AM"
1976198267169050681,https://x.com/YoureInTheKNOW/status/1976198267169050681,"@sav_says_ Incredible aura. Yeah, right.

He stank like Costco salmon that thawed out.",383226569,YoureInTheKNOW,False,1825,"Annapolis, Maryland",0,1,"October 9, 2025 at 08:09 AM"
1976196682179281399,https://x.com/borsaciwolf/status/1976196682179281399,@Haydaracunn Bey tweetimi okudunuz herhalde 😄 costco'ya da benziyor iş modeli.,1396436103092215808,borsaciwolf,False,340,İstanbul,0,20,"October 9, 2025 at 08:02 AM"
1976196397859995818,https://x.com/iseebio/status/1976196397859995818,@yukihiro_costco FBA,4741435213,iseebio,False,49,,1,37,"October 9, 2025 at 08:01 AM"
1976196017704829178,https://x.com/northjersey/status/1976196017704829178,Costco members can now buy Ozempic and Wegovy; here’s how https://t.co/WUtEATgiHa,34677788,northjersey,False,87092,New Jersey,1,321,"October 9, 2025 at 08:00 AM"
1976195734790873168,https://x.com/gangseon_u37672/status/1976195734790873168,"좋은 주차자리를 발견했는데 왜 놓쳤을까요..🤔

FSD V14.1 &amp; FSD 베타 테스터와 결혼하는 것의 어두운 면... Jae는 Costco에서 FSD V14.1 목적지 주차를 테스트하기 위해 꽤 훌륭한 자리를 포기한 것에 대해 별로 감명받지 못했습니다... 😂",1709228825161445376,gangseon_u37672,True,1337,대한민국 송파구,0,87,"October 9, 2025 at 07:59 AM"
1976195733008286074,https://x.com/Jaeger999/status/1976195733008286074,@Khotigroup Shah eh te nakli gold ae. Tainu choona laa ditta ae Costco waleya ne.,1096477133336125447,Jaeger999,False,1516,"Manhattan, NY",0,28,"October 9, 2025 at 07:59 AM"
1976194497597014067,https://x.com/mathyshrimp/status/1976194497597014067,I want to try something new at costco,1910536781008953346,mathyshrimp,False,16,,3,61,"October 9, 2025 at 07:54 AM"
1976193610812096944,https://x.com/tab_xmm/status/1976193610812096944,"
コストコ ショッピングバッグ エコバッグ 25周年 COSTCO Lサイズ 1枚 記念デザイン トートバッグ 折り畳み 大容量 ショルダーストラップ バッグ アウトドア レジャー キャンプ 限定品 ギフト プレゼント #ad https://t.co/hif5klaNUO",1729682620265705472,tab_xmm,False,196,,0,77,"October 9, 2025 at 07:50 AM"
1976192914230476880,https://x.com/AnnaN1022705/status/1976192914230476880,@KeithMalinak $3.13 at Costco here in Utah. 😒 I feel like we haven’t seen it under $3.00 in months.,1684808347185487872,AnnaN1022705,False,47,,0,2,"October 9, 2025 at 07:48 AM"
1976192269192659184,https://x.com/yni0_3/status/1976192269192659184,"ほんとにほんとにほんとにコンビニでご飯買うのやめようと思って、Costcoで沢山買ってきた
(ง ˙˘˙ )ว
なんかエビのボイルしたやつ全然減らないんだけどなに？𐐃 ·̫ 𐐃",1634112787428560905,yni0_3,False,151,hayato_f1rst,2,274,"October 9, 2025 at 07:45 AM"
1976191958381945115,https://x.com/AbidMal39954905/status/1976191958381945115,@Keir_Starmer Lol no. It means more Ajay and pooja in the uk causing long queues in costco you bunged up t w a t! The democracy game isn’t working anymore! How have there not been fresh elections yet?,1562175393217630208,AbidMal39954905,False,57,"Moscow, Russia",1,11,"October 9, 2025 at 07:44 AM"
1976191268939010307,https://x.com/itszore/status/1976191268939010307,@KirklandJones Thank you Costco,845511552249843712,itszore,True,19569,boobahub,0,62,"October 9, 2025 at 07:41 AM"
1976191190107291898,https://x.com/jrboulder/status/1976191190107291898,"Why can't shoppers just act like responsible adults?  Why act like animals ?

Wild video shows man punch fellow shopper, knocking him to the ground in brawl over shopping cart in NYC Costco",1972631268,jrboulder,False,866,"Melbourne, Australia ",0,7,"October 9, 2025 at 07:41 AM"
1976189900543390002,https://x.com/heizouhasegawa5/status/1976189900543390002,"とことこと
Costcoへ来たよ

肉と酒だけ買うつもりだったのに🤭 https://t.co/pIxvgtkHxA",1313767979679580161,heizouhasegawa5,False,2014,世界の片隅,11,62,"October 9, 2025 at 07:36 AM"
1976189841923547264,https://x.com/olGtfDFkhI17143/status/1976189841923547264,@yukihiro_costco FBA,1910921996013363200,olGtfDFkhI17143,False,32,,1,29,"October 9, 2025 at 07:35 AM"
1976188964089291212,https://x.com/Ramanp6789/status/1976188964089291212,"Costco Fight in New York Injures Man Over Shopping Cart Dispute

https://t.co/CHhFU69SZX",1656138671395938305,Ramanp6789,False,8,Mohali,0,6,"October 9, 2025 at 07:32 AM"
1976188705154146733,https://x.com/2UqcuL29Ub36796/status/1976188705154146733,@yukihiro_costco ありがとうございます！,1736562590678159360,2UqcuL29Ub36796,False,513,東京 豊島区,0,31,"October 9, 2025 at 07:31 AM"
1976188443462943224,https://x.com/TC_Eylul34/status/1976188443462943224,"Londra ve New York metal piyasaları, gümüş piyasasında gümüş arzının sıkıntıda olduğunu gösteriyor.
Costco'nun Kuzey Amerika'daki satış noktaları aracılığıyla her yıl 10 milyon (M) ile 20 milyon ons arasında gümüş külçe ve külçe para sattığı tahmin ediliyor",2962418297,TC_Eylul34,True,3448,Los angeles,1,102,"October 9, 2025 at 07:30 AM"
1976188311031980424,https://x.com/kekeke_no_kerop/status/1976188311031980424,"これいい
台湾のコストコ　
フードコートの新メニュー
＃好市多
#Costco https://t.co/4sAdDC23gA",945504806377988096,kekeke_no_kerop,False,85,Taiwan,0,173,"October 9, 2025 at 07:29 AM"
1976188066332017083,https://x.com/StaceyCeee/status/1976188066332017083,Asiago Cheese : #MyDadIsAlwaysRight #Ketovore #MonoEating : @costcocanada @Costco  https://t.co/CRBoUyI5xf,972747490561798145,StaceyCeee,False,950,"Toronto, Ontario",0,6,"October 9, 2025 at 07:28 AM"
1976186575731249506,https://x.com/ashervents/status/1976186575731249506,going to costco tmrw and they have these i am going to hop on the mooncake tren (and their small and only 140 cals per and theres variety love me some variety) https://t.co/wkFusodsCx,1388948661099405313,ashervents,False,1677,he/him,3,49,"October 9, 2025 at 07:22 AM"
1976184670950748404,https://x.com/aichou946/status/1976184670950748404,"ハリーポッターの帽子？？？
またよからぬことを企ててそうな芦野店のコストコ部長たちです（笑）
本日もコストコパン祭り開催です･:*+.\(( °ω° ))/.:+
#コストコ #COSTCO #あいちょう https://t.co/R5T5cYfRIr",765452540116815873,aichou946,False,2565,北海道 釧路市,14,829,"October 9, 2025 at 07:15 AM"
1976183192270127104,https://x.com/NaruhisaOda/status/1976183192270127104,https://t.co/lOjJLXiVJ3,3643460307,NaruhisaOda,False,2500,"Oregon, USA",0,99,"October 9, 2025 at 07:09 AM"
1976182720603594964,https://x.com/splendidly_blk/status/1976182720603594964,@talleyberrybaby Costco should sell the Panera soup in two packs in the refrigerator section near the rotisserie chicken,1267305101665996801,splendidly_blk,False,146,,0,140,"October 9, 2025 at 07:07 AM"
1976182347499511961,https://x.com/njoy_tweet/status/1976182347499511961,"@krassenstein Yea, coffee def more expensive. Luckily I got a big Starbucks bag for sale for 11.99 at Costco. Just look for deals.",34763505,njoy_tweet,False,465,"San Diego, CA",0,2,"October 9, 2025 at 07:06 AM"
1976181096472772920,https://x.com/sgvvvvvv/status/1976181096472772920,"yo de que me siento bien marrana y una señora en costco que estuvo jugando cob mi bb me dijo que me veía muy bien, eso me sigue dando animosssss",173724014,sgvvvvvv,False,40,,0,10,"October 9, 2025 at 07:01 AM"
1976180828079079679,https://x.com/jae_____35/status/1976180828079079679,@ColonelDanning Alive. Lmao 🤣 How’s kirk? 😭😭 Still rolling over in hell like a rotisserie chicken at Costco? https://t.co/dfEFfXRYbj,1854524010605723658,jae_____35,False,397,the void,0,27,"October 9, 2025 at 06:59 AM"
1976180580493471749,https://x.com/NeilRetail/status/1976180580493471749,"🇺🇸 Costco stock runs higher after yet another monthly sales gain, helped by digital demand  https://t.co/qZFaIUdE0E",118200525,NeilRetail,True,28933,"Scottsdale, AZ",1,191,"October 9, 2025 at 06:59 AM"
1976179827368656901,https://x.com/Hatwoman_USA/status/1976179827368656901,"@MdBreathe Costco sells organic tallow, great for frying steaks.

You do know that we've been lied to about fats, right? You know that butter, lard and tallow are actually good for us, right?
https://t.co/e0f85WroSi",1594125741171654659,Hatwoman_USA,True,2497,America Only!,0,100,"October 9, 2025 at 06:56 AM"
1976178823994671439,https://x.com/saItwave/status/1976178823994671439,"@PLUMBLOSSUMSNOW ۫    ›   𓈒   𐙚᭄ֹ       https://t.co/hv2OL2N3ro         𓈒     𓈒
YES but what abt costco",1813337860000632832,saItwave,False,1023,  ⠀⠀   ⠀⠀ 𓈒    ֹ        ⠀⠀ ,0,14,"October 9, 2025 at 06:52 AM"
1976178540619190613,https://x.com/nowteslafy/status/1976178540619190613,@DevinOlsenn Ultimate boss battle for parking: Costco.,1452399172259233792,nowteslafy,True,2490,Central Washington State,1,31,"October 9, 2025 at 06:50 AM"
1976177246801961460,https://x.com/valki_wiki/status/1976177246801961460,"Costco $COST on 🔥 Holding steady at $914.80 after hitting $915.60 high today! Bulk savings, big profits, loyal members 💪 #Stocks #Investing https://t.co/FjGpai3ELc",1683900224941457411,valki_wiki,True,118,Netherlands,0,34,"October 9, 2025 at 06:45 AM"
1976176423867122023,https://x.com/NDTVWORLD/status/1976176423867122023,"Video: Man Punches Fellow Shopper After Fight Over Grocery Cart At New York Costco
https://t.co/vQg2a5BUog https://t.co/WbGjYFA2yK",1826952279150284800,NDTVWORLD,True,8340,,2,2234,"October 9, 2025 at 06:42 AM"
1976175545949061386,https://x.com/Shon7727/status/1976175545949061386,@redpilledlibs @rougemount @DudespostingWs Two 32 inch TVs from Costco?,1496962371142643712,Shon7727,False,97,,0,4,"October 9, 2025 at 06:39 AM"
1976174592277479800,https://x.com/cscs_mimi/status/1976174592277479800,"
KIRKLAND(カークランド) コストコパンバラエティー Costco Bread Variety (36個入コストコディナーロール / Costco Bakery Dinner Rolls 36 p) #ad https://t.co/7PIXFVasYj",1757173470830768129,cscs_mimi,False,127,,0,5,"October 9, 2025 at 06:35 AM"
1976174591077908997,https://x.com/golf_notes/status/1976174591077908997,"
&lt; COSTCO コストコ &gt; Canvas キャンバス Tote Bags トートバッグ &lt; レッド小 ネイビー大 2個セット &gt; #ad https://t.co/TNFu5QRYN8",1736333185771020288,golf_notes,False,151,,0,44,"October 9, 2025 at 06:35 AM"
1976174321988206814,https://x.com/CaraCastronuova/status/1976174321988206814,@LangmanVince He took an acting class at Costco.,234925481,CaraCastronuova,True,51437,"New York, USA",4,80,"October 9, 2025 at 06:34 AM"
1976173973072421350,https://x.com/rakutenmom/status/1976173973072421350,@yukihiro_costco ＦＢＡ,1031157423350767616,rakutenmom,False,171,徳島県藍住,0,21,"October 9, 2025 at 06:32 AM"
1976173632675303652,https://x.com/BraheOfTycho/status/1976173632675303652,@B1TuckerCarlson If you are white in Costco in Dallas this happens to you as well. They take your phone after sucker punch and proud of being scumbag crooks with animal low-Qs.,1876821426088648704,BraheOfTycho,False,36,,0,41,"October 9, 2025 at 06:31 AM"
1976172026621764033,https://x.com/463895337_joyce/status/1976172026621764033,@Yintinusa 或许是过敏，油漆，施工现场粉尘木头粉末，吃颗Costco的抗过敏药试试,723127983322456064,463895337_joyce,False,1575,,0,419,"October 9, 2025 at 06:25 AM"
1976169908288307519,https://x.com/MorganWKhan/status/1976169908288307519,"@TulsiGabbard
@POTUS 

Should be looked into.

Hawaii has high asf human & drug trafficking rates.

I would talk to locals on island when I was active duty and theyd tell me kids go missing from Ala Moana Mall, Costco, Walmart, Target, Ewa & Waikiki beach but no one like do anything. 

No Aloha where there should be and not the kine message we wanna spread to the Keiki about the @WhiteHouse or how we defend our peoples.

These outstanding American citizens deserve better especially after what was done to their Queen so long ago...

Don't forget Honolulu has the only Royal Palace for a King & Queen on ""American"" soil.

Do not let the armed forces of those 8 Island just be movie set pieces or pawns on your chess board. Those are real people with souls, families and lives that need serious care, time and attention. They deserve proper gun laws to protect and defend our people & constitution.

Mahalo nui loa.",1849808770265706496,MorganWKhan,True,2438,"Houston, TX",0,35,"October 9, 2025 at 06:16 AM"
1976169785550569856,https://x.com/brighton_ro/status/1976169785550569856,"@atensnut All eggs have the protective layer, white or brown eggs. Yes they do get washed when at Costco or any grocery stores. People don't want sh#t on their eggs. So they have go in the frig. As long as they are not washed, any color, can sit out for days on the counter.",1674945082351550464,brighton_ro,False,410,,1,6,"October 9, 2025 at 06:16 AM"
1976169681234071600,https://x.com/rowan_cerise/status/1976169681234071600,"on the other hand 
the criminal gangs that steal vehicles and catalytic converters

I’m told they can have the catalytic converter off the car in something like three minutes
Although they often pick parking lot like CostCo where they know people will be in line for a long time
Since there’s no security at the Disneyland parking lot, I wonder how many people lose their catalytic converter there

Before Covid there was a vehicle stolen every six minutes in California, during Covid that rate increased to a vehicle stolen every 3 minutes

The FIB
Says that 80% of those vehicles end up south of the border

We could screen vehicles heading south of the border to control the theft of vehicles and the often violent carjacking that results in the deaths of adults and children

BUT GAVIN NEWSOM WOULD NEVER BOTHER DOING THAT

IT IS PART OF THE REASON OUR VEHICLE INSURANCE INCREASED OVER 50% IN THE PAST YEAR AND WILL PROBABLY GO UP AGAIN

Not only did Gavin destroy my small business with his draconian and erratic Covid lockdowns

But the increase in vehicle and home insurance, and our homeowners dues
the increase of other costs in California have added almost $250 a month to my basic cost of living,

On a 2.3% Social Security increase

I’m learning to hate these people
Arrogant liberal politicians

WHO DON’T GIVE A DAMN ABOUT WHAT HAPPENS TO THEIR POPULATION
And I still have a roof over my head, they haven’t managed to tear it down to build a housing project for Criminal illegals or burn my Neighbourhood to the ground yet

It’s a pity karma takes so long",1876018867782479872,rowan_cerise,False,567,"So Calif, USA",0,16,"October 9, 2025 at 06:15 AM"
1976169432616673349,https://x.com/RutkowskiDr/status/1976169432616673349,https://t.co/x3dhW9Lq8f,1269091685398708225,RutkowskiDr,False,493,,0,7,"October 9, 2025 at 06:14 AM"
1976169247979208944,https://x.com/ulamanoula/status/1976169247979208944,That’s not lying — that’s diplomacy. Preventive peacekeeping. You don’t tell him his hairline is retreating or that he drives like a grandpa on his way to Costco. So he can believe you’re the kind of woman who dreams of baking pies on Sundays and growing basil on the windowsill.,1969746779664166912,ulamanoula,False,11,,0,17,"October 9, 2025 at 06:13 AM"
1976169069075365981,https://x.com/earlstshirt/status/1976169069075365981,when i was a kid i thought only celebrities gotta work done… now the costco workers got bbls and the teachers got lip fillers,1129807645085274113,earlstshirt,False,1505,,0,23,"October 9, 2025 at 06:13 AM"
1976168463388582181,https://x.com/taeji_min29/status/1976168463388582181,"Japanese Costco ✅✅ no matter how busy it is you hardly hear anyone yelling. It’s so peaceful. 
Spent 2 hours shopping and came out with 100,000 yen worth of goods 😅",1579225952755875847,taeji_min29,False,167,,3,93,"October 9, 2025 at 06:10 AM"
1976168096529514595,https://x.com/sallot29/status/1976168096529514595,@yukihiro_costco FBA,38214412,sallot29,False,563,,0,21,"October 9, 2025 at 06:09 AM"
1976168021833154753,https://x.com/HMBCapital/status/1976168021833154753,@SalemMeta6 Bro ain’t no ARFin’ way - I have these exact mf dessert bars from Costco in my pantry rn 💀 🦭 You ain’t got no brookies left 😂,1955518737324654592,HMBCapital,True,247,0.0.9595145,3,25,"October 9, 2025 at 06:09 AM"
1976167234168078417,https://x.com/PriceErrors_/status/1976167234168078417,"Cole Haan Men's Modern Essentials Cap Oxford Shoe Item  191962 $59.97

https://t.co/o4Z3KdqaX0 https://t.co/VcQ41TYG10",1440077686529921029,PriceErrors_,True,6782,,0,144,"October 9, 2025 at 06:05 AM"
1976166489087467677,https://x.com/blanda55x/status/1976166489087467677,@no_name_31415 @theRealKiyosaki Costco,1865192761189650434,blanda55x,False,1019,,0,16,"October 9, 2025 at 06:03 AM"
1976165376460497043,https://x.com/AlexFaran3000/status/1976165376460497043,"America, a Wild video shows the moment a spat between two couples over a shopping cart turned to blows inside a Brooklyn Costco
https://t.co/qX9zkK9ksx",1868172586200555520,AlexFaran3000,False,11,,0,10,"October 9, 2025 at 05:58 AM"
1976165114748584121,https://x.com/AxeCoPi/status/1976165114748584121,@liatrueba Parece que abrieron un @Costco__Mexico jaja,1063417434051203074,AxeCoPi,True,134,,0,34,"October 9, 2025 at 05:57 AM"
1976164797143216233,https://x.com/Moss_Eco/status/1976164797143216233,"Is now a good time to hit up your local Costco to buy some gold bars? 

https://t.co/4C8ngoICVY",612071247,Moss_Eco,False,6684,Singapore,0,98,"October 9, 2025 at 05:56 AM"
1976163468639338549,https://x.com/AndreaGehrke7/status/1976163468639338549,@profpatti @richard51185877 @_M_E_L_A_N_I__E @FlaviaMiatto @LindaLu71284274 @Lunarteddy @JulieParker144 @MrsBlinkle @Hamstertweet93 @ladiekerrie @SLT229 @KariJoys @within_divine @mindfulheal @called_zsuzsi @parham1961 @andreagehrke @flaviotta @osaxy That would be so delicious! Do you have Costco near you? They sell big pumpkin pies for only $6. The price hasn't changed for years. It's so good!,1554881153542148097,AndreaGehrke7,False,410,Near Portlandia ,2,16,"October 9, 2025 at 05:51 AM"
1976162609557856764,https://x.com/BeerBaron2020/status/1976162609557856764,@BitcoinIdeeFixe @Darkminer71 Costco is the only place where you can go in after the sale ends and begrudgingly pay the higher price,1212226050324779009,BeerBaron2020,True,176,,0,6,"October 9, 2025 at 05:47 AM"
1976162164571505013,https://x.com/craycrayshray/status/1976162164571505013,@pen_queeen I beg to differ but if you go abroad it’s the telugu community thats the hardest shell to crack. Firstly they have their network of one senior official in most tech companies who ensures only fellow telugu people are hired in their team/department. Just go to a costco in texas,823429670,craycrayshray,False,923,"Toronto, Ontario",0,164,"October 9, 2025 at 05:45 AM"
1976161884949885412,https://x.com/ec_tokoyaman/status/1976161884949885412,@yukihiro_costco FBA,1562682670554853376,ec_tokoyaman,False,216,,0,30,"October 9, 2025 at 05:44 AM"
1976161614924533809,https://x.com/aaron_rodgers17/status/1976161614924533809,@KadenPop They had this at my Costco too,922956792291786752,aaron_rodgers17,False,1260,"Minnesota, USA",0,12,"October 9, 2025 at 05:43 AM"
1976161488328097922,https://x.com/Taesfryingpan/status/1976161488328097922,@MinajjQueen @legitlivi09 @JaylenTick @ISLANDBOYY11 Nicki’s written a whole Costco receipt. She needs a better job by your definition bozo 🫵🤣,1058286417376239616,Taesfryingpan,False,24,,0,5,"October 9, 2025 at 05:43 AM"
1976160824613097949,https://x.com/gowarrior_com/status/1976160824613097949,Yes. Check out the “stevia” packets at Costco. Same thing. Almost 50%sugar but nothing on the label. It’s a stevia-sugar blend.,1662948901878648832,gowarrior_com,True,806,"Las Vegas, NV",1,37,"October 9, 2025 at 05:40 AM"
1976160372127412437,https://x.com/ksan17343907/status/1976160372127412437,@yukihiro_costco FBA,1378635815262150658,ksan17343907,False,649,,0,25,"October 9, 2025 at 05:38 AM"
1976160350694473805,https://x.com/ShamelesslyFaby/status/1976160350694473805,@HatsumiNonaka Las de costco son las mejores. 😅,26209001,ShamelesslyFaby,False,1611,"San Diego, CA",1,54,"October 9, 2025 at 05:38 AM"
1976160223665721675,https://x.com/Lukelancaster26/status/1976160223665721675,Going to Costco to get only things you need and not look at every single item in the store is hard,2278668108,Lukelancaster26,False,265,pORtland,0,8,"October 9, 2025 at 05:38 AM"
1976160218334830797,https://x.com/bobbyva62808098/status/1976160218334830797,"@mr_90two10 Bakit ka nag papakita ng mukha na maganda para makinig sayo ang tao? Masama kasi mukha mo, wala kang mapapaniwala. Mukha kang budol.taga USA ka pa sbi mo. Nag grocery ka pa daw sa Costco. Tapos taga Matina ka lang pala. https://t.co/QTZnvdLBms",967298097817690112,bobbyva62808098,False,90,"Tagaytay, Calabarzon",0,48,"October 9, 2025 at 05:38 AM"
1976158629771301203,https://x.com/thattourguide/status/1976158629771301203,"@wink_nod @atensnut @tracyleeho1969 I will not shop at any Sam’s Club, BJs, or Costco that sells halal meat. If more people contacted those large chains, it would be a start in getting it banned.",18924223,thattourguide,False,6889,"Florida, USA",0,6,"October 9, 2025 at 05:31 AM"
1976158093705720312,https://x.com/HopperInput/status/1976158093705720312,"@tszzl welcome to Costco, I love you",1326872523980599297,HopperInput,False,80,,1,84,"October 9, 2025 at 05:29 AM"
1976157734136676507,https://x.com/RageReviewYT/status/1976157734136676507,"@WolfOfDarknesss @MrboomstickXL @kingdavidotw @DestinLegarie @JayWood2010 ""The brand is stronger than ever"" as Costco takes Xboxes off the shelves and they jack up the price of gamepass so it doesn't go belly up. Love Xbox, been a long time supporter but, if you can play all the same games on pc, I don't really see the point in owning an Xbox anymore.",1577915784554508288,RageReviewYT,False,78,Canada,4,147,"October 9, 2025 at 05:28 AM"
1976157359194919027,https://x.com/TBach4/status/1976157359194919027,@sazzafrazzzz @Costco Used it for years and years. Then daughter was having chronic UTIs. Didn’t even think it was the TP until I started having different issues.  My bathroom also always had tons of dust and the fan was INSANELY packed with basically cotton. Clogged all the time. Not sure what changed.  But we changed too. No more Costco brand for us.  We use Caboo and it’s been GREAT!,431087873,TBach4,True,1261,,1,9,"October 9, 2025 at 05:26 AM"
1976157267515855170,https://x.com/yee_honk/status/1976157267515855170,Costco glizzy joint and a few friends,1186541943569797121,yee_honk,False,706,,3,64,"October 9, 2025 at 05:26 AM"
1976157056114577880,https://x.com/scheminglunatic/status/1976157056114577880,@love_soze_ @Xenoimpulse wait the costco 5 dollar chicken? huh?,1836490059417006081,scheminglunatic,True,6285,washington dc,1,41,"October 9, 2025 at 05:25 AM"
1976156912841523440,https://x.com/Stalmacc/status/1976156912841523440,"@pwderddeer Clearly you never have eaten a Costco pizza, that sauce is so fucking good man.",1682497165950869506,Stalmacc,False,708,My house,0,6,"October 9, 2025 at 05:24 AM"
1976156249311019168,https://x.com/AltaAgTrends101/status/1976156249311019168,@TSmith1867 That’s what I’m going to use to lock you in a room with a bunch of Costco pumpkin pies. You’ll have to eat your way out… 😂,737284585,AltaAgTrends101,False,647,The wild wild west,1,35,"October 9, 2025 at 05:22 AM"
1976155635436663279,https://x.com/oll13cat/status/1976155635436663279,"@AngelicaOung I enjoy lotus paste filling from the HK brand Kee Wah who makes the best mooncakes imo. If not them, I just buy the cheapest brand (Costco in US has them). 

But it’s really the shape &amp; design that matter - saw a video of someplace in China that made dumplings in mooncake form.",1826030482389098497,oll13cat,False,9,,1,25,"October 9, 2025 at 05:19 AM"
1976155484324610403,https://x.com/temnpen/status/1976155484324610403,@yukihiro_costco FBA,1575124786295975949,temnpen,False,24,,0,27,"October 9, 2025 at 05:19 AM"
1976155018098081825,https://x.com/HobbJW/status/1976155018098081825,@MakeGoldGreat Costco hasn’t had silver bars in days.  Close to a week now.,1673382668229025811,HobbJW,False,467,Middle Earth ,4,249,"October 9, 2025 at 05:17 AM"
1976154866964943071,https://x.com/Alternativ6015/status/1976154866964943071,Cuánto cuestan las donitas de Costco y cuál es mejor opción https://t.co/2QYzgNhzo3 via @Alternativo,1819181621674729472,Alternativ6015,False,14,Querétaro,0,1,"October 9, 2025 at 05:16 AM"
1976154787168256298,https://x.com/melizaaplieeego/status/1976154787168256298,moli y yo estamos más que listos para comprar ozempic en costco,1809821962707038209,melizaaplieeego,False,7,,0,9,"October 9, 2025 at 05:16 AM"
1976154066394009741,https://x.com/Farmer_Christo/status/1976154066394009741,"@techbrotito @financedystop Because 90% of their income comes from the English (that’s us). And they do tons of shopping in American stores, including Walmart, Sam’s Club, Costco and Aldi’s. They spend huge amounts of money at the lumberyards, including Lowe’s, Home Depot and Menards as well.",1514537529713827840,Farmer_Christo,False,2700,Midwest ,1,45,"October 9, 2025 at 05:13 AM"
1976153885359427876,https://x.com/14O322/status/1976153885359427876,@sungwiz e ir al costco,1969885627811561472,14O322,False,142,21,0,29,"October 9, 2025 at 05:12 AM"
1976153232905994521,https://x.com/efiwQaLojC2xgDs/status/1976153232905994521,"しごおわ！
明日は私用で休みですが、土曜日は熊本の御船町にあるCOSTCOへリフト用のバッテリー回収に博麗号で行ってきます！ https://t.co/5lQ64SGc9A",1567547748458852352,efiwQaLojC2xgDs,False,1579,妹紅のいるとこ,18,249,"October 9, 2025 at 05:10 AM"
1976152881549197715,https://x.com/JustDexMM/status/1976152881549197715,"@Kamehameha69691 @Mayo11Sauce @Mythicalblue_ Job, Rental Agency, Credit Card Company, hell even Costco",101350204,JustDexMM,False,206,,0,129,"October 9, 2025 at 05:08 AM"
1976152705883308392,https://x.com/cr_K3rd/status/1976152705883308392,ママと久しぶりにCostcoきたよ♡ https://t.co/p2IWLunBdo,1615929267275329538,cr_K3rd,False,43,,1,24,"October 9, 2025 at 05:08 AM"
1976152696580342077,https://x.com/m222L_zb/status/1976152696580342077,Diosito aviéntame un pastel de chocolate del costco y con eso soy feliz 😭,1778078145822044160,m222L_zb,False,14,,0,15,"October 9, 2025 at 05:08 AM"
1976152676531368238,https://x.com/Dallas_Sallad/status/1976152676531368238,@BhadDhad On the floor. Against the wall. On the patio. Backshot. Frontshot. In a church. In a costco. In a car. In a voting bo-,1409174208,Dallas_Sallad,False,63,,1,370,"October 9, 2025 at 05:08 AM"
1976152566749655093,https://x.com/startchangeri/status/1976152566749655093,"WHHHHHHHAAAAAATTTTTT is 
the FREAKING obsession with COSTCO???",1232686480079904768,startchangeri,True,1085,"Rhode Island, USA",0,1,"October 9, 2025 at 05:07 AM"
1976152495073395163,https://x.com/yushitowa/status/1976152495073395163,"抹茶どら焼きうますぎ🍵

#Costco
#井村屋 https://t.co/cvfPhRPOgw",1944237731288428545,yushitowa,False,37,,1,56,"October 9, 2025 at 05:07 AM"
1976152365586686229,https://x.com/thisism3trying_/status/1976152365586686229,q ganas de ir al costco y atragantarme de roda la comida,1408697887270354945,thisism3trying_,False,50,"aurora, te amo",0,10,"October 9, 2025 at 05:06 AM"
1976152218081599811,https://x.com/CofRedCentral/status/1976152218081599811,Costco magic over,759656750014267392,CofRedCentral,False,11435,The C of Red,6,948,"October 9, 2025 at 05:06 AM"
1976152049663582277,https://x.com/myyearinlistss/status/1976152049663582277,costco ice cream cured me,1863054654541832192,myyearinlistss,False,35,he/him,2,11,"October 9, 2025 at 05:05 AM"
1976152033041449317,https://x.com/Cass403/status/1976152033041449317,Costco our shoot out savior!,2310471595,Cass403,False,339,Calgary!,0,12,"October 9, 2025 at 05:05 AM"
1976151942666780922,https://x.com/CrazySadAzn/status/1976151942666780922,save us costco. costco save us.,435337286,CrazySadAzn,False,1902,"Calgary, Alberta",1,118,"October 9, 2025 at 05:05 AM"
1976151531998281806,https://x.com/MatchsticksCGY/status/1976151531998281806,Costco and Gridin time to shine in the shootout.,252450271,MatchsticksCGY,False,5750,,8,846,"October 9, 2025 at 05:03 AM"
1976151278117061107,https://x.com/tndbaker06/status/1976151278117061107,@boomstickbabe Costco is your friend. Best towels and rugs at good price.,774289520200126464,tndbaker06,True,1066,UT,1,44,"October 9, 2025 at 05:02 AM"
1976151191794127357,https://x.com/mnmnmnp2/status/1976151191794127357,@yukihiro_costco FBA,1096683527385448453,mnmnmnp2,False,118,,0,19,"October 9, 2025 at 05:02 AM"
1976151146608603521,https://x.com/BobbyFinanceX/status/1976151146608603521,@StrawHatTrade @pepemoonboy I forgot about that. Closest Costco to me is just over an hour away though.,1965534757237719040,BobbyFinanceX,True,436,"Buffalo, NY",1,20,"October 9, 2025 at 05:02 AM"
1976150713391579516,https://x.com/projo/status/1976150713391579516,"None of the 600+ Costco locations in the U.S. are in Rhode Island. Members have to go to Sharon, MA, or East Lyme, CT, for the closest stores. https://t.co/xm9ZPrr1vP",14354091,projo,False,144118,"Providence, RI",0,461,"October 9, 2025 at 05:00 AM"
1976150713173418062,https://x.com/AsburyParkPress/status/1976150713173418062,Costco members can now buy Ozempic and Wegovy; here’s how https://t.co/I6Vxw2SIeT,17498747,AsburyParkPress,False,170707,Jersey Shore,0,387,"October 9, 2025 at 05:00 AM"
1976150634903613440,https://x.com/app_pia/status/1976150634903613440,"【コストコ】2025秋の新作「パスタ」がレストラン級！ レンチンで即おいしい3品を正直レビュー
https://t.co/Wl82b3Jbi1

#コストコ #COSTCO https://t.co/mqISJvRlDb",1072350535804608512,app_pia,True,24540,,1,808,"October 9, 2025 at 05:00 AM"
1976150412568010766,https://x.com/nezyro_/status/1976150412568010766,@mandesgoip THERE IS COSTCO IN JAPAN?!?,997856698906787840,nezyro_,True,146,"Tartaria, Earth somewhere",1,100,"October 9, 2025 at 04:59 AM"
1976149580678135992,https://x.com/melodixx_/status/1976149580678135992,I want Costco pizza,1785794639053684736,melodixx_,False,30,,0,5,"October 9, 2025 at 04:55 AM"
1976149238183870739,https://x.com/Lululemoneybaby/status/1976149238183870739,"@DudespostingWs I saw this same backyard on sale at Costco for $30,000🤣😂🤣😂",725451760182120449,Lululemoneybaby,False,8,,0,7,"October 9, 2025 at 04:54 AM"
1976148726457483416,https://x.com/quillways/status/1976148726457483416,"@ClickingSeason In Germany, we have thousands of tiny breweries that do fine since generations because they have local relevance. We have one brewery for every 3 or 4 towns, every larger city has at least 2.
The us doesn't seem to have that. The purveyor of beer there is Costco in cases of 50.",1299750980242808837,quillways,False,166,Germany,3,32,"October 9, 2025 at 04:52 AM"
1976148676759495150,https://x.com/kusuke_mons/status/1976148676759495150,"@mnst_sntf_35 すごい輝いてたぁぁ(*˘︶˘*)✨

ソフトの中にも蜂蜜練り込んであるらしい！
ウエハース？の中にも入ってた♡

いま食後のご飯にCostcoで買った
冷凍キンパ食べてたよ(*’～'*)ŧ‹”ŧ‹”",1635860627750289410,kusuke_mons,False,1401,東北,0,9,"October 9, 2025 at 04:52 AM"
1976147410377216211,https://x.com/NessyDior/status/1976147410377216211,"had a long day out w zoe 🤗 went to dinner earlier, the mall, costco run &amp; checked out the city cruising! now just getting back to our hotel room 😊😊 #successfuldayoff",422418421,NessyDior,True,7460,626,0,59,"October 9, 2025 at 04:47 AM"
1976147076099735875,https://x.com/Orbit33r/status/1976147076099735875,@ponsgroyper @Nalin_Haley @JoelWBerry I'm sure you felt mighty in doing so!  Gotta really stick it to those fellow Costco shoppers. What was the slur by chance? Heroin 1 your mom 0 eh?,1157455737712455680,Orbit33r,False,13,,0,18,"October 9, 2025 at 04:45 AM"
1976146954137620900,https://x.com/sophaaachi/status/1976146954137620900,"I cannot state how much easier my life has gotten switching my coverage exclusively to my husband's plan through Costco. For $80/month, both of us are covered. It's an EPO, but given we're in a major city, rarely an issue.

I want this for EVERYONE.",1024883108431179776,sophaaachi,False,306,DET 🚘 CHI,0,3,"October 9, 2025 at 04:45 AM"
1976146630110810486,https://x.com/AmorFati762/status/1976146630110810486,"@theburnedman69 It's been a bit of a culture shock over the last ~10 years, that we must give up little conveniences like grabbing coffee or a snack on the go, due to fear of getting aids or hepititus from third world migrants. Costco is still goated because they hire competent people.",1779724578090356736,AmorFati762,False,715,Rhodesia,3,32,"October 9, 2025 at 04:44 AM"
1976145896627896449,https://x.com/ANKITSH85153215/status/1976145896627896449,"Costco Stock Is Climbing After The Bell: Here's Why

https://t.co/oIyvyQgRYY

$COST shares are rising in Wednesday’s after-hours session after the company reported sales figures for September. The company reported net sales of $26.58 billion for the retail month of September, up 8% year-over-year. Total company comparable sales were up 5.7% year-over-year last month. Costco currently operates 914 warehouses, including 629 in the U.S. Costco shares were up 1.88% in after-hours trading at $932 at the time of publication on Wednesday. #StockMarkets",1845284643131830272,ANKITSH85153215,True,227,,0,56,"October 9, 2025 at 04:41 AM"
1976145800976871582,https://x.com/girl_MPH/status/1976145800976871582,https://t.co/qacT46vdQo,3012690457,girl_MPH,False,348,Canada,0,9,"October 9, 2025 at 04:40 AM"
1976145761172701305,https://x.com/T1Qdr/status/1976145761172701305,@hawkblogger @Costco @EvanHillHB @NathanE11 Great show! Hopefully with the rest + self-scouting we can indeed at least go 3-1 over the next 4.,1413730805558484996,T1Qdr,False,4,,1,24,"October 9, 2025 at 04:40 AM"
1976145186687246365,https://x.com/NJPoster/status/1976145186687246365,https://t.co/TFz3a7aGD0,1598502318399430657,NJPoster,False,18,NJ,0,12,"October 9, 2025 at 04:38 AM"
1976145034467561546,https://x.com/icediplodocus/status/1976145034467561546,"@EtaHunter2 之前去costco一口氣買幾百ml
要用完不知道是否得等個5～10年XD",2359668475,icediplodocus,False,485,Taiwan,1,32,"October 9, 2025 at 04:37 AM"
1976144953513587189,https://x.com/liberte104/status/1976144953513587189,"コストコジャパンで見つけられなかったから（カナダで見つかった）

https://t.co/sXDrgaIYmW",1578200188610498561,liberte104,False,689,,0,47,"October 9, 2025 at 04:37 AM"
1976144818863734874,https://x.com/markjos05095724/status/1976144818863734874,Be aware…. APEEL IS TOXIC!!    DON’t Buy organic produce from Costco… just Don’t … unless you want to die sooner. https://t.co/oRWG1oWdLH,1398902913506836481,markjos05095724,True,10319,,1,39,"October 9, 2025 at 04:36 AM"
1976144607436996744,https://x.com/13NewsNow/status/1976144607436996744,Sam's Club joins Costco in selling discounted Wegovy and Ozempic https://t.co/S9hs5saW3Q,12413892,13NewsNow,False,157739,"Norfolk, VA",0,292,"October 9, 2025 at 04:36 AM"
1976144478202221002,https://x.com/DanVanOrden/status/1976144478202221002,https://t.co/eLMKIP8HTR,437573914,DanVanOrden,False,441,"Mt Pleasant, MI",0,22,"October 9, 2025 at 04:35 AM"
1976143960633422136,https://x.com/BarnowlsBeak/status/1976143960633422136,@JoelWBerry Youngest to get to where he is in Mossad too bad all his awards and rank must remain undisclosed… his role does often cross paths with mainstream conservative American… his big Costco size bottle of neon Flintstone vitamins not withstanding,1595846426864467968,BarnowlsBeak,False,31,,0,17,"October 9, 2025 at 04:33 AM"
1976143908993200583,https://x.com/boybossingg/status/1976143908993200583,welcome to costco i love you,1005359290524172288,boybossingg,False,59,he/him 🏳️‍⚧️,0,8,"October 9, 2025 at 04:33 AM"
1976143746837483888,https://x.com/jesspenner/status/1976143746837483888,"@thecosmiccrisp At Costco and they’re the best! I’m convinced at this point though that you have a lady at the factory, sneaking a rotten one into every single bag because I do not fail to bring one home every time I buy them…",22820189,jesspenner,False,1541,"Hawaii, USA",0,10,"October 9, 2025 at 04:32 AM"
1976143499897512314,https://x.com/StinkinAbraham/status/1976143499897512314,Me and the bad bitch I pulled by having a Costco membership https://t.co/HyZCHxlgzN,1306051453233102854,StinkinAbraham,False,218,"Hunters Creek Village, TX",2,75,"October 9, 2025 at 04:31 AM"
1976143312466608582,https://x.com/karlydaysss/status/1976143312466608582,quiero ir a costco pero que alguien me pague la cuenta,335071412,karlydaysss,False,756,,0,21,"October 9, 2025 at 04:30 AM"
1976143218745200899,https://x.com/yu_yuiao/status/1976143218745200899,@yukihiro_costco FBA,1173949878638006273,yu_yuiao,False,91,,0,27,"October 9, 2025 at 04:30 AM"
1976142856176926989,https://x.com/_shitennn/status/1976142856176926989,"@Costco_human こんにちは。いつも情報ありがとうございます。参考にさせていただいております。
最近発売になったブルガリアヨーグルトあじわい芳醇ですが、クーポン期間の土曜日午後には品切れで買えず…
基本的にはレア品ということもなく、ヨーグルト売り場にあるでしょうか？",1391296056,_shitennn,False,56,,1,157,"October 9, 2025 at 04:29 AM"
1976142177748262985,https://x.com/DevinOlsenn/status/1976142177748262985,"@nick_plaid @DirtyTesLa I’ve got like 5 drones, I fly them for a living. 
It’s hard to incorporate them into FSD videos though, I’ve tried in the past. 
Maybe I’ll put it up near Costco now that I’m doing more parking lot centric driving.",1780293318724943874,DevinOlsenn,True,3792,"Vancouver, British Columbia",1,42,"October 9, 2025 at 04:26 AM"
1976141654277890365,https://x.com/mariana_041/status/1976141654277890365,"amo tanto a Dan, solo kiero comer pizza del costco con él y vivir juntos ya",1150952092179292160,mariana_041,False,143,México,1,30,"October 9, 2025 at 04:24 AM"
1976141244930650266,https://x.com/TheShadeRoom/status/1976141244930650266,"Costco’s new Ozempic deal is stirring the pot &amp; best believe it has the timeline SHOOK!

READ: https://t.co/ZluFG99fGj https://t.co/gmuPnjX5Ui",2426183605,TheShadeRoom,True,954565,,6,3932,"October 9, 2025 at 04:22 AM"
1976140835788841378,https://x.com/Ragamuffine2/status/1976140835788841378,"@Nathan94167147 @us_redblue @aampatriot1 @AnnaGorisch Costco will come near you, thas why",1591858061773139968,Ragamuffine2,False,51,,0,16,"October 9, 2025 at 04:21 AM"
1976140651797545276,https://x.com/L17tm4xwkjEMmlb/status/1976140651797545276,"今日はCostco行ってきました…

メモしたものだけを買おうと思っても、安かったりするとついつい買ってしまいますね😰

主人がオリオンスープ好きで😰
切れると不機嫌になるので…
私は濃いすぎて好きではないのですが…

帰りぎわ、マロン🍦買って😊
結構な量でした…
美味しかったです😊

そしてガソリン入れて帰宅

ちょっと一息😊",1241625379959259137,L17tm4xwkjEMmlb,True,642,福岡県,2,17,"October 9, 2025 at 04:20 AM"
1976140470846726268,https://x.com/VannPrescott/status/1976140470846726268,@HatsumiNonaka Las de Costco son una maravilla 🥰🥰🥰,186615860,VannPrescott,False,2308,,4,106,"October 9, 2025 at 04:19 AM"
1976140334145954241,https://x.com/nemukina0727/status/1976140334145954241,@yukihiro_costco FBA,1001639294958649344,nemukina0727,False,197,,0,48,"October 9, 2025 at 04:19 AM"
1976140307910574098,https://x.com/pau_andrade1/status/1976140307910574098,Le cocino lo que quiera al que me consiga los Owala de costco.,485182648,pau_andrade1,False,517,,0,28,"October 9, 2025 at 04:18 AM"
1976139747983868244,https://x.com/vadergib/status/1976139747983868244,"@be_kindplss get blanket at costco, its on sale for the holiday",372432823,vadergib,False,1035,point break,2,21,"October 9, 2025 at 04:16 AM"
1976139662868742229,https://x.com/mika850627/status/1976139662868742229,@yukihiro_costco FBA,1408520588302323716,mika850627,False,55,"Fukuoka-ken, Japan",1,69,"October 9, 2025 at 04:16 AM"
1976139178611179887,https://x.com/Tonyforever2003/status/1976139178611179887,@TonyNashNerd Dollar did not appreciate.  It has steadily been debased against the Kirkland brand of toilet paper that I buy from Costco for the past 5 years.,1543254927220166658,Tonyforever2003,False,1320,,2,45,"October 9, 2025 at 04:14 AM"
1976139047064981615,https://x.com/BRRRCO/status/1976139047064981615,"ONE MAN PUNCHED ANOTHER ONE OVER A LOUSY SHOPPING CART AT COSTCO!!  A LOUSY SHOPPING CART!!  WHAT IS WRONG WITH PEOPLE!! 
https://t.co/G7vBGIhCWZ",1359098366643347463,BRRRCO,False,43544,,4,145,"October 9, 2025 at 04:13 AM"
1976138919402992070,https://x.com/cainrdc/status/1976138919402992070,"@jaxdotcom I mean, what could possibly go wrong?
Thank goodness Costco delivers.",22197956,cainrdc,False,143,"New Jersey, USA",0,3,"October 9, 2025 at 04:13 AM"
1976138557191581719,https://x.com/hagesanderos/status/1976138557191581719,"the  citadel.  no,  you  wanted  to  bulk-buy  air  freshener  from  costco  instead.  ( amused. )  are  you  making  friends  with  the  lowlifes?  yeah,  yeah.  i'm  just  glad  to  see  you  most  of  the  time.  yes,  your  grandfather's  fine.

...  hm.  if  you  say  so.",1772589712173355009,hagesanderos,False,411,"modhotd,⠀⠀⠀crimerp,⠀⠀⠀m͟v͟rp.⠀",0,28,"October 9, 2025 at 04:12 AM"
1976138223723176137,https://x.com/costco_member/status/1976138223723176137,@psyduck_maria @Lasagna_Lopez im sorry thats happening to you,3091555854,costco_member,False,333,,2,10,"October 9, 2025 at 04:10 AM"
1976137888812130544,https://x.com/oldganlover/status/1976137888812130544,costco popcorn https://t.co/l7TLReQhun,1518732923070939136,oldganlover,False,1783,24| minors not allowed here,4,121,"October 9, 2025 at 04:09 AM"
1976137807698465107,https://x.com/Cosmic_SnG/status/1976137807698465107,@GregHeffley2011 A costco,1642715058600923137,Cosmic_SnG,False,519,United States,0,97,"October 9, 2025 at 04:09 AM"
1976137531809988772,https://x.com/ActualPythia/status/1976137531809988772,@MANY_EYED_THING I mean it is a holster for Costco hotdogs….,1589619811784753153,ActualPythia,False,2992,Roanapur,1,14,"October 9, 2025 at 04:07 AM"
1976137506065400045,https://x.com/AngloCelticJen/status/1976137506065400045,"@MaxwellPaddock1 You going with the harsh chemical me over here using the natural harsh cleaners. 

Yes it’s very yummy. Costco sells a bourbon vanilla bean paste and I highly recommend it. https://t.co/fKRJMi1hey",1922634556601180160,AngloCelticJen,True,2135,"Oregon, 🇺🇸",1,37,"October 9, 2025 at 04:07 AM"
1976137471915089984,https://x.com/MakiiSolva/status/1976137471915089984,Quiero cheesecake tortuga de costco con todo mi ser 🙃,1419780060316266501,MakiiSolva,False,70,,0,3,"October 9, 2025 at 04:07 AM"
1976137410414072306,https://x.com/costcopharmacy/status/1976137410414072306,alright man (eating my 8th costco chicken bake in 8 days),108089347,costcopharmacy,False,407,tx,5,343,"October 9, 2025 at 04:07 AM"
1976137337576005845,https://x.com/ryunasdiary/status/1976137337576005845,"@misi1414995 I got this box from costco!! And omg i wanna try that one so bad but idk if any stores sell them. I even looked at convenience stores in china but never found it. I have tried their plum juice, cola, and yogurt flavors and they’re SO GOOD.",1920011137250426880,ryunasdiary,False,650,bmi 16s | cw: 43.5,1,17,"October 9, 2025 at 04:07 AM"
1976137267891556531,https://x.com/highnihilism/status/1976137267891556531,"$COST Costco (option volume 10-08-25)
914.80 0.0% | 9,076 trades | total $41.99 M | 90-day avg $50.04 M × 0.84
call $15.49 M | put $26.5 M | 62% single-leg, 37% multi-leg",1950784293552394240,highnihilism,False,317,Bavaria,0,94,"October 9, 2025 at 04:06 AM"
1976137154612035963,https://x.com/jonichipapa/status/1976137154612035963,@yukihiro_costco FBA,1373435504,jonichipapa,False,189,,0,18,"October 9, 2025 at 04:06 AM"
1976137036827611295,https://x.com/YPumWey_/status/1976137036827611295,"@PopMgV4life @Raindropsmedia1 ‘Respect and peace in his household’

He’s a Costco bro.  How he acts in his cave is up to him but he’s in public.",1651373006797656069,YPumWey_,False,239,Loudoun County,0,11,"October 9, 2025 at 04:05 AM"
1976136978560094261,https://x.com/DastardlyDickx/status/1976136978560094261,@M1das_OW2 Andrew Kirkland? I think he makes cheap products for costco,1456276623985156097,DastardlyDickx,False,37,,10,833,"October 9, 2025 at 04:05 AM"
1976136778063982712,https://x.com/Anders_Maidment/status/1976136778063982712,"@RoamingKam I've been doing this ever since I got a Costco membership several years ago. They also have huge pork tenderloins you can cut into roasts and chops. I'm experimenting with curing pork, now.",1512074047600832527,Anders_Maidment,False,1159,"Kearney, MO",1,384,"October 9, 2025 at 04:04 AM"
1976136421338419402,https://x.com/StrawHatTrade/status/1976136421338419402,@BobbyFinanceX @pepemoonboy You can scoop a gold bar at Costco actually. Thought about getting one before https://t.co/z7ehKhYIV3,1919251585437437952,StrawHatTrade,True,86,,1,24,"October 9, 2025 at 04:03 AM"
1976135994018554114,https://x.com/jocelynvelo/status/1976135994018554114,Sabes que ya eres chava ruca cuando tu salida solo es ir al costco después del trabajo 🤣🤣,1109686639410835456,jocelynvelo,False,42,,0,10,"October 9, 2025 at 04:01 AM"
1976135642699723236,https://x.com/Costco_Insider/status/1976135642699723236,"We've got new coupons for you this week! https://t.co/H7kYklrmhS Halloween items, Orgain deals, and more!

#costco #costcoinsider #costcodeals #costcocoupons #costcocouponbook #costcosavings #costcoshopping #costcobuys",161079363,Costco_Insider,True,12089,United States,0,348,"October 9, 2025 at 04:00 AM"
1976135195016519906,https://x.com/urloveisanecho/status/1976135195016519906,woke up the whole house by trying to get a slice of this costco cheesecake https://t.co/5FDSEJ6Agh,1895301999622516736,urloveisanecho,False,365,,4,72,"October 9, 2025 at 03:58 AM"
1976134852161286386,https://x.com/NYMetsfan11279/status/1976134852161286386,"Wild video shows man punch fellow shopper in NYC Costco brawl over shopping cart
 https://t.co/1rEA6GFqNR

The mayhem erupted around 3:50 p.m. Sunday inside the superstore on Third Avenue near 37th Street in Sunset Park, police said.",1949232813942943744,NYMetsfan11279,True,98,USA ,0,20,"October 9, 2025 at 03:57 AM"
1976133969994231867,https://x.com/TallDwarf28452/status/1976133969994231867,@sickyvstheEarth @SensyJones Hes better then costco worker https://t.co/d8yaFfQSD8,1711533604596031488,TallDwarf28452,False,288,,2,12,"October 9, 2025 at 03:53 AM"
1976133834434593137,https://x.com/both_made/status/1976133834434593137,"
コストコ ショッピングバッグ オーシャンプラスチック 大56L×3枚【Costco コストコ】 #ad https://t.co/97ok6bZrKC",1743682970362564608,both_made,False,159,,0,74,"October 9, 2025 at 03:53 AM"
1976133672718807149,https://x.com/YorshMarti/status/1976133672718807149,"Qué día plebes 😂 raro.. aguuussssto pero deli 😮‍💨

Amonos a cenar unos takishhhhh de pastor, tripa y costilla, y alrato unas malteadas de pastel de Costco con una rebanada de pastel de chocolate 😂

🥤🍰",3313692882,YorshMarti,False,5135,CDMX / SINALOA,0,17,"October 9, 2025 at 03:52 AM"
1976133491181175283,https://x.com/honey_bun27/status/1976133491181175283,@sora0510 Costcoに干し芋ぽいのあると随分前に見かけてそれから探してるのですが、一度も見たことなくて。自分で作る手もあるのですが、最近はそんな余裕もなく😅ちょうど今日少し安くなってて試しに買ってみたら美味しかったです☺️ぜひー✨,208957836,honey_bun27,False,684,CanadaときどきJapan,1,50,"October 9, 2025 at 03:51 AM"
1976133291397767676,https://x.com/hawkblogger/status/1976133291397767676,@fastzach @Costco @EvanHillHB @NathanE11 Love it! Tell them to sponsor us!,66154578,hawkblogger,True,53664,"Bellevue, WA",3,44,"October 9, 2025 at 03:51 AM"
1976133122010817000,https://x.com/DontGetDead2/status/1976133122010817000,@Matt_Pinner This pups name can’t be Costco Rotisserie Chicken! He’s way too cute!,1591592481862320128,DontGetDead2,False,229,"Virginia, USA",0,2,"October 9, 2025 at 03:50 AM"
1976133048757625146,https://x.com/zakmuK/status/1976133048757625146,I got stuck behind a guy at the Costco food court condiment station that had a plate of 5 glizzies. This is not an exaggeration,22705185,zakmuK,False,86,tucson,0,10,"October 9, 2025 at 03:50 AM"
1976132918717387016,https://x.com/danitafashion/status/1976132918717387016,@josealf59009670 No si no estoy criticando comprar en CONASUPO de hecho era una buena idea para abastecer de alimento a personas de bajos recursos; yo más bien me burlo que ahora le hacen al cuento con su Costco.,32947370,danitafashion,True,6207,"Sierra Nororiental, Puebla ",1,23,"October 9, 2025 at 03:49 AM"
1976132725233856967,https://x.com/supplement4life/status/1976132725233856967,Tell Costco: Reduce plastic packaging today https://t.co/0TJolwTGIp,52265119,supplement4life,False,236,"Boston, MA (USA)",0,1,"October 9, 2025 at 03:48 AM"
1976132321410691298,https://x.com/buchi180718/status/1976132321410691298,@yukihiro_costco FBA,1019353696277184512,buchi180718,False,23,日本 福岡,0,29,"October 9, 2025 at 03:47 AM"
1976132116619682042,https://x.com/1000_mcgee/status/1976132116619682042,@FiredUpCoug I do contract work for one of the top 10 pistachio growers in CA and pistachio board member. The office always has cases of pistachios in it.  Best place to buy - Kirkland brand shelled at Costco.  Same processor as Wonderful Pistachios.  Shelled is best.,4041009492,1000_mcgee,False,48,"California Republic,  아름다운 미국",0,21,"October 9, 2025 at 03:46 AM"
1976131912952578193,https://x.com/Bella22549670/status/1976131912952578193,"You sound like my hubby,he was suppose to go get a massage after his Costco run but when he was leaving a woman literally try to have 3 employees stuff a washer in her ford focus…NEVER GONNA HAPPEN…her offered to load in his truck and take it home for her..
Thats what he said I love helping people..He wouldn’t take anything for it..A good Man I have I will keep him for another 56 yrs",1468518847406026754,Bella22549670,True,2874,,0,23,"October 9, 2025 at 03:45 AM"
1976131634509513122,https://x.com/fastzach/status/1976131634509513122,"@hawkblogger @Costco @EvanHillHB @NathanE11 29 year Costco employee here.  Starting pushing carts, now I work in IT.  Thank you all for being loyal members!  You help feed my family.  Exec membership is the only way to go.",63218807,fastzach,False,72,,2,60,"October 9, 2025 at 03:44 AM"
1976131239472979968,https://x.com/angelaeli_/status/1976131239472979968,vivan los hot dogs del costco,1405748580090929157,angelaeli_,False,44,8teen,2,20,"October 9, 2025 at 03:42 AM"
1976130831338045770,https://x.com/sinn0398/status/1976130831338045770,@yukihiro_costco FBA,202181856,sinn0398,False,200,日本,0,34,"October 9, 2025 at 03:41 AM"
1976130510234714141,https://x.com/kit_tuna/status/1976130510234714141,"
コストコ エコバッグ 限定 青 クジラ COSTCO オーシャン 海 ショッピングバッグ トートバッグ 折り畳み 買い物 #ad https://t.co/qh9smJ7eIg",1677412733174829061,kit_tuna,False,196,,0,94,"October 9, 2025 at 03:40 AM"
1976130119531143284,https://x.com/jonny2stiks/status/1976130119531143284,"@TCGTracker I'll try my luck with Walmart, Costco, GameStop",1747117914149568512,jonny2stiks,False,61,"Riverside, CA",1,758,"October 9, 2025 at 03:38 AM"
1976130063385952749,https://x.com/firststoptheBS/status/1976130063385952749,@alextopol @Costco SEND THE FKING GATES OF HELL BACK THERE FOR THIS TOTALLY SICKENING SHITE!!!!,1869932433765801984,firststoptheBS,False,485,,0,11,"October 9, 2025 at 03:38 AM"
1976130005747802561,https://x.com/B9SZN/status/1976130005747802561,Sam’s Club or Costco membership??,718748041,B9SZN,False,3135,"Chicago, IL",0,37,"October 9, 2025 at 03:38 AM"
1976129853893280201,https://x.com/Still_Mark_Rami/status/1976129853893280201,@thefrog1394 @crushmarxismnow Seeing one Indian guy at Costco won’t ruin your day. The reality is we’re only seeing one white guy,1580786544364748801,Still_Mark_Rami,False,1182,Gods Country,2,63,"October 9, 2025 at 03:37 AM"
1976129832208695455,https://x.com/n9evepulgas/status/1976129832208695455,costco (formerly bluelock),1069692686746173440,n9evepulgas,False,20155,,2,252,"October 9, 2025 at 03:37 AM"
1976129758481015232,https://x.com/HomolanderOnX/status/1976129758481015232,"Wild video shows Black man punch fellow shopper, knocking him to the ground in brawl over shopping cart in NYC Costco https://t.co/2Vp00PgDAc",1865307741100638208,HomolanderOnX,False,917,,0,12,"October 9, 2025 at 03:37 AM"
1976129698112450585,https://x.com/RookieCardGuy_/status/1976129698112450585,@joshuac3vt @CardPurchaser I saw flagship one time my Costco ever since then nothing else has ever been in stock by the time I drive the hour and a half to get there.,1940546217437548544,RookieCardGuy_,True,1002,"Minnesota, USA",0,78,"October 9, 2025 at 03:36 AM"
1976129513575633016,https://x.com/ChakaalStarr/status/1976129513575633016,"@Alyse_Adams @atensnut They don't have bloom on Costco eggs because the CFIA rules required eggs going to stores to be washed and refrigerated, she even talked about that.  I like talking about Costco since that was also mentioned, and have noticed how the eggs look different than other stores.",77925200,ChakaalStarr,True,355,Canada,1,97,"October 9, 2025 at 03:36 AM"
1976129236717981837,https://x.com/minieknow/status/1976129236717981837,@minho_ranita m das vibras de un helado d vainilla de la costco https://t.co/2BmyYdZHlL,1342660184783659008,minieknow,False,745,120425,1,30,"October 9, 2025 at 03:34 AM"
1976310017155608703,https://x.com/jeremypmurphy/status/1976310017155608703,$3.27 for premium unleaded today at Costco in Lincoln Nebraska. Our daughter gets much cheaper gas like you in Fort Worth.,347385613,jeremypmurphy,False,14732,"Lincoln, NE",0,1,"October 9, 2025 at 03:33 PM"
1976309982959399231,https://x.com/QuinnChasan/status/1976309982959399231,"Counterpoint: as chips go the way of COSTCO level cutthroat underpricing it will unlock more and more businesses who can't afford hundreds of thousands a month on cloud bills 

The race to the bottom on price and cost is a clear-eyed bet these companies are making",1626354394848727040,QuinnChasan,True,461,"Washington, DC",0,0,"October 9, 2025 at 03:33 PM"
1976128959893938336,https://x.com/Amycrocker76Amy/status/1976128959893938336,Help me win this great Books and Costco GC giveaway from @FreshFiction and you can enter too! https://t.co/MLre8O2f48,3010704366,Amycrocker76Amy,False,2268,"Austin, TX, USA",0,9,"October 9, 2025 at 03:33 AM"
1976128751990943904,https://x.com/Thomasjckim333/status/1976128751990943904,"마트에 안간다는 한국에서 “코스트코”가 여전히 잘나가는 비결 🛒Costco를 한국에서 ’코스트코’로 발음하지만 미국에서는 T가 안들릴 정도로 약하게 “코스코”로 발음합니다. 
https://t.co/TfTLbHaMX9",1469095026429132800,Thomasjckim333,False,38,,1,35,"October 9, 2025 at 03:33 AM"
1976309869658636616,https://x.com/1abbeynormal/status/1976309869658636616,@PaulHan43252703 Damn I just had left the Costco. Haha. I can go back later. I should have started the probiotic right away know?,1963703174,1abbeynormal,False,22701,,0,0,"October 9, 2025 at 03:32 PM"
1976309762506752348,https://x.com/MichelleLovetrp/status/1976309762506752348,"@ByronDonalds @POTUS This is not as important as relieving us financially! It is a distraction! CAR PAYMENT 1,000, 1 cart of groceries at Costco,  765.00 House payment 3500 plus a month! It still is all about the ultra wealthy elite sociopaths!",1521313841786679296,MichelleLovetrp,False,614,"Alaska, USA",0,0,"October 9, 2025 at 03:32 PM"
1976309712959439067,https://x.com/rascalgas/status/1976309712959439067,It’s pumpkin pie season at Costco https://t.co/qnjFVeyuwA,195836195,rascalgas,False,1866,,0,2,"October 9, 2025 at 03:32 PM"
1976309489583448222,https://x.com/notreload_ai/status/1976309489583448222,"$COST +2.7% [Costco's September 2025 sales jumped 8% to $26.58 billion with strong performance across US, Canada, and international markets. Digital sales surged 26% in the five-week period.] https://t.co/AYUYER0XSH https://t.co/m39FxW6FxS",1405969311341199364,notreload_ai,True,2923,Wall Street,0,68,"October 9, 2025 at 03:31 PM"
1976128457227587781,https://x.com/ItzDemoDan/status/1976128457227587781,@Infii_ @TCGTracker Fingers crossed! Costco is dropping them at the beginning of the year though,1083243551515967488,ItzDemoDan,False,14,,1,22,"October 9, 2025 at 03:31 AM"
1976309395777782125,https://x.com/sluttrigger/status/1976309395777782125,"Senator Rand Paul Has 'Six Penny Plan' to Balance Budget https://t.co/9UgHaGJBks via @YouTube @SenRandPaul I dunno about your Costco idea, the theory is sound but I can’t rate a corporation proofing negotiation on what is in essence becoming an essential utility… except &gt;",1283195696808488960,sluttrigger,False,118,,0,4,"October 9, 2025 at 03:30 PM"
1976309278521860417,https://x.com/Pegasus01471/status/1976309278521860417,@fawoot I use one if those fluffy yellow microfibers from Costco,1396196634,Pegasus01471,False,16,,1,3,"October 9, 2025 at 03:30 PM"
1976309177371808016,https://x.com/seoul721/status/1976309177371808016,Lol seriously did Costco and buy just black tanks to torture us …?? https://t.co/GPKvlAsBcR,1336539577,seoul721,False,1493,Seoul,0,1,"October 9, 2025 at 03:30 PM"
1976128231242596697,https://x.com/CeladonCA/status/1976128231242596697,"Costco East Coast Update

Prismatic Evolutions 8-Pack Mini Tins + Promo Cards

Price: $89.99
Item #: 1851422 https://t.co/oMjL8LoUef",1460614054238724098,CeladonCA,True,12657,Canada,20,6728,"October 9, 2025 at 03:30 AM"
1976128220555771960,https://x.com/casuburbanmam/status/1976128220555771960,@MdBreathe Those things are so nasty. I returned mine. Could not get over the chemical taste. Maybe I bought the wrong one? I got the most expensive one at Costco.,1355767648802361347,casuburbanmam,True,1735,,0,19,"October 9, 2025 at 03:30 AM"
1976128194710274539,https://x.com/DWhite_Defender/status/1976128194710274539,@DexcoolDrinker Costco would be the pick for me in terms of brand image,1799231683901665280,DWhite_Defender,True,835,,5,243,"October 9, 2025 at 03:30 AM"
1976309113836777935,https://x.com/Tweeze420/status/1976309113836777935,@atensnut I bet that isnt a costco egg but a white leghorn chicken egg and she just used that egg as an example for her post. No one would go buy a carton of eggs just to make this video.,209959727,Tweeze420,False,275,"Shasta Lake, CA",0,0,"October 9, 2025 at 03:29 PM"
1976127847807738213,https://x.com/ZKP2P_INTERN/status/1976127847807738213,"@CryptoThro ""crypto thro"" out here shopping for memecoins like he's at costco looking for the best deal on rugpulls 💀💀💀",1972157851603959808,ZKP2P_INTERN,False,38,,0,48,"October 9, 2025 at 03:29 AM"
1976127812135244051,https://x.com/CCovey15/status/1976127812135244051,"There's actually full lists out there of capitulating firms. Buy local first, Costco second, try online small biz third, and fourth check grocery stores and how they roll up etc. Wegmans is always ideal",40397864,CCovey15,False,966,"Charleston, SC",0,31,"October 9, 2025 at 03:29 AM"
1976308833732657220,https://x.com/AlanEinstoss/status/1976308833732657220,Stopped olive garden.rubbery in chicken u could buy at Costco for $3.95 a dozen.nasty carpets 30 yrs old that smell and the weekend crowds fughets oboutit,1474092920680632322,AlanEinstoss,False,409,,0,6,"October 9, 2025 at 03:28 PM"
1976127514926838267,https://x.com/spongebubbll/status/1976127514926838267,went to a 25th birthday dinner and everyone took turns showing their costco memberships,1116501963783458817,spongebubbll,False,66,,0,10,"October 9, 2025 at 03:28 AM"
1976127249373093963,https://x.com/eddiemcpigskin/status/1976127249373093963,@ThoseBackPages @joshuac3vt @CardPurchaser Are we talking about a new Costco sports drop btw??,441518264,eddiemcpigskin,True,2246,Silicon Valley,1,40,"October 9, 2025 at 03:27 AM"
1976308278524317873,https://x.com/ehTrix112/status/1976308278524317873,"@Bpaint @SwaggaToothTigr @TAGgrading @PokeTeeJay Yall have a much better selection of Pokemon 😂 so that’s nice… Here we only have EB Games (GameStop), Walmart, Costco and the local card shops lol there I swear everywhere has it including smaller retailers 😂",1762011821316141057,ehTrix112,False,29,,1,34,"October 9, 2025 at 03:26 PM"
1976127136227336217,https://x.com/bruno24987801/status/1976127136227336217,@yukihiro_costco FBA,1114595875358035968,bruno24987801,False,35,日本 ,1,25,"October 9, 2025 at 03:26 AM"
1976308008813748572,https://x.com/Mainlysports1/status/1976308008813748572,@travisakers Well her dad collects the carts at Costco eh so there’s that,1755668083430096896,Mainlysports1,False,426,Earth ,0,19,"October 9, 2025 at 03:25 PM"
1976307929100754992,https://x.com/stocknear/status/1976307929100754992,$COST Costco Wholesale Corporation shares are trading higher after the company released positive September sales figures.,1620769408145653760,stocknear,True,729,Germany,0,18,"October 9, 2025 at 03:25 PM"
1976126916655804743,https://x.com/masa19800619/status/1976126916655804743,@yukihiro_costco FBA,2279890650,masa19800619,False,109,,0,22,"October 9, 2025 at 03:25 AM"
1976126807263907927,https://x.com/theburnedman69/status/1976126807263907927,"@AmorFati762 Good call fren, we cook 99% of the time too. I live inawoods so when I go into town it's an hour and a half away and it's a treat. I try to patronize only small businesses, not chains. I do like sandwich goyslop like Jimmy Johns and Jersey Mike's tho.. costco hot dogs n tendies https://t.co/iWgzOlpaSX",1686561228661878784,theburnedman69,False,1685,Weimerica,2,30,"October 9, 2025 at 03:25 AM"
1976126492699496588,https://x.com/jorjochino/status/1976126492699496588,Ya sacaron la rosca en el costco?,389269837,jorjochino,False,248,Queretaro,0,5,"October 9, 2025 at 03:24 AM"
1976307416057913536,https://x.com/byul_finance/status/1976307416057913536,"$NVDA $AMD

US stocks decline on rising bond yields, chipmaker weakness; Delta, Costco gain on positive forecasts",1912834771409104896,byul_finance,True,569,"San Francisco, CA",0,71,"October 9, 2025 at 03:23 PM"
1976307299829592471,https://x.com/fifield_wendy/status/1976307299829592471,"@RubenGallego I listened to Senator Paul
Yesterday say they’d like to get an entity like Costco to sell healthcare insurance and I think that’s a great idea, let’s hear more about that. Will you have an open mind and consider doing it through someone other than the government?",1214915161166884864,fifield_wendy,False,61,,0,0,"October 9, 2025 at 03:22 PM"
1976307160993943585,https://x.com/kein_coco/status/1976307160993943585,"
コストコ エコバッグ 限定 グレー シャチ COSTCO オーシャン 海 ショッピングバッグ トートバッグ 折り畳み 買い物 #ad https://t.co/uKu8aTt9v1",1731399891275153408,kein_coco,False,130,,0,7,"October 9, 2025 at 03:21 PM"
1976125925881225570,https://x.com/Ajvss15/status/1976125925881225570,Costco marshmallow crispy cookies my god you’re beautiful,795706381676453888,Ajvss15,False,281,,0,26,"October 9, 2025 at 03:21 AM"
1976125840644579526,https://x.com/Traderszoneclub/status/1976125840644579526,"$Cost Costco is due for 1200$ 
And deserve.
Let’s make it happen before year end🔥",1347749837299597318,Traderszoneclub,False,841,"New York, USA",0,99,"October 9, 2025 at 03:21 AM"
1976306904625488023,https://x.com/embarrassingl13/status/1976306904625488023,@TheMarieOakes Definitely noticed. Costco yesterday. $12 two months ago is now $14.99 for many/most grocery items,1348671021797105664,embarrassingl13,False,35,,0,3,"October 9, 2025 at 03:20 PM"
1976306732940001765,https://x.com/PetriwDave/status/1976306732940001765,@Idaho_Outlaw_v2 I know the Costco's in Canada and the Canadian mint are sold out.,1593786611627597825,PetriwDave,False,1365,Earth,0,4,"October 9, 2025 at 03:20 PM"
1976306684185416092,https://x.com/costco_poutine/status/1976306684185416092,boobies... https://t.co/h80mGMX161,902408668313989120,costco_poutine,False,85,26 | she/her ,0,5,"October 9, 2025 at 03:20 PM"
1976125694053642437,https://x.com/hedseeker/status/1976125694053642437,@elonmusk Tesla. Staying affordable like the Costco hotdog &amp; pop.,26960324,hedseeker,True,1280,The Winery,2,21,"October 9, 2025 at 03:20 AM"
1976125573605753029,https://x.com/nitrotetrazole/status/1976125573605753029,"@SpiteVtuber God damn, we went past the bakery, entered the costco and the forklift driver is doing overtime",193446983,nitrotetrazole,False,163,,1,402,"October 9, 2025 at 03:20 AM"
1976306620536860801,https://x.com/E_G_Grandad/status/1976306620536860801,This isnt getting the attention Costco did... https://t.co/iQFjEeu4vY,1409816054709329926,E_G_Grandad,False,481,,0,6,"October 9, 2025 at 03:19 PM"
1976306458821026186,https://x.com/FirstLightTCG/status/1976306458821026186,"@PokeTeeJay Paid memberships specifically for Pokemon drops (whether its W+, Costco, Sam's Club, Discords, or Shop specific programs) are the least talked about grift in the hobby right now. Charging customers a premium for no increased level of service is absurd",1058387287,FirstLightTCG,False,1616,"Pittsburgh, Pennsylvania",6,53,"October 9, 2025 at 03:19 PM"
1976306415993225596,https://x.com/pov_husband/status/1976306415993225596,POV you're a Costco dad https://t.co/8H1YrSqN0X,1782888335578484737,pov_husband,True,17760,,60,1649,"October 9, 2025 at 03:19 PM"
1976125451262382111,https://x.com/TravelEatPlayDo/status/1976125451262382111,@DennisKendel Will they sue the govt for closing their business while costco and walmart stayed open?,45503353,TravelEatPlayDo,False,659,,1,10,"October 9, 2025 at 03:19 AM"
1976125422149534142,https://x.com/DortonStephen/status/1976125422149534142,@SensBuzz Yer team sells tickets at Costco dude,1479787627909840896,DortonStephen,False,18,,0,9,"October 9, 2025 at 03:19 AM"
1976306272564617718,https://x.com/MysticalReb3l/status/1976306272564617718,@KalebtheWalker I’d vote for them. At least I know the budget for the next four years would be 100% Costco pizza 😂,1671253200798711809,MysticalReb3l,False,66,,1,3,"October 9, 2025 at 03:18 PM"
1976306045518569932,https://x.com/f_fabrizi/status/1976306045518569932,@CP24 Really if we are not to support the USA then why is it when you go to Costco Walmart Home Depot it’s full. Where do you think the profits are going. When o see those stores empty I will stop going to the USA,1000789662,f_fabrizi,False,42,Toronto ontario,1,4,"October 9, 2025 at 03:17 PM"
1976305989847798143,https://x.com/nilnoc8/status/1976305989847798143,@jimcramer Costco could be so much richer is it a supply problem kinda fun 🤩 pretending I can walk out of Costco with bars of gold (assuming it’s mailed??),27452760,nilnoc8,False,800,United States,0,1,"October 9, 2025 at 03:17 PM"
1976305932868124834,https://x.com/DeborahWBriggs/status/1976305932868124834,"Delta Air Lines, Costco rise premarket; Apogee Therapeutics slips",1576669538367594499,DeborahWBriggs,False,24,Tucson,0,1,"October 9, 2025 at 03:17 PM"
1976124524002148556,https://x.com/emmac_bach/status/1976124524002148556,Rushing home to have a slice of Costco pumpkin pie,1938992157538615296,emmac_bach,False,72,,4,82,"October 9, 2025 at 03:16 AM"
1976305600851214367,https://x.com/Keibook47/status/1976305600851214367,@yukihiro_costco FBA,1610119220179922944,Keibook47,False,75,,0,2,"October 9, 2025 at 03:15 PM"
1976124398328221862,https://x.com/Dimaloflow/status/1976124398328221862,Eres el amor de mi vida (uvas verdes de costco),1514508617764020229,Dimaloflow,False,152,,1,80,"October 9, 2025 at 03:15 AM"
1976124372025757804,https://x.com/JeromeCasey1/status/1976124372025757804,Ozempic Discounted as Costco Joins Weight Loss Conversation -  https://t.co/EBkISFH6Of,1560333920,JeromeCasey1,False,329,,0,13,"October 9, 2025 at 03:15 AM"
1976305227562192975,https://x.com/PaulBergerKwK/status/1976305227562192975,Just received the gift of Costco hotdog,302932041,PaulBergerKwK,False,313,New Jersey,1,1,"October 9, 2025 at 03:14 PM"
1976305092899770568,https://x.com/heyitstzoally/status/1976305092899770568,Amigas estoy obsesionándome mal con ir a comprar cosas a costco alguien deténgame,452501193,heyitstzoally,False,553,,0,1,"October 9, 2025 at 03:13 PM"
1976304976361320585,https://x.com/MarvenzzFranc/status/1976304976361320585,"@ynv757 @StockSavvyShay Costco prices are 2x that of HIMS . Where are you getting this info from, lol",1602095284984709121,MarvenzzFranc,False,126,,0,8,"October 9, 2025 at 03:13 PM"
1976304898015629743,https://x.com/ClarkHoward/status/1976304898015629743,"We ran the numbers — Costco, Walmart, Sam’s Club and more — to find where you actually get the best price (including installation &amp; perks). See who came out on top.

https://t.co/a79aKVJrOR",18002528,ClarkHoward,True,131534,United States,3,403,"October 9, 2025 at 03:13 PM"
1976304885537616175,https://x.com/StarfishCity/status/1976304885537616175,"Jim Cramer on
Dillard's: ""Sell Some of That, Buy Costco""",1649127075943444508,StarfishCity,False,159,Buckeye State,0,1,"October 9, 2025 at 03:12 PM"
1976304795628556640,https://x.com/RogueScholarMDC/status/1976304795628556640,Our local Costco finally switched to Coke products! https://t.co/o7dJZXotqI,1152431479743557632,RogueScholarMDC,False,3062,The Magic Zone,0,34,"October 9, 2025 at 03:12 PM"
1976304753060798966,https://x.com/tyger_69/status/1976304753060798966,@Costco you would kill the cigar game,1234279518224965632,tyger_69,False,243,"Washington, DC",0,0,"October 9, 2025 at 03:12 PM"
1976304751647330502,https://x.com/pokettino/status/1976304751647330502,@_deerjason @PokeTCGAlerts They would eventually. It happened with Costco too. They canceled all orders over limit.,1867655113843544064,pokettino,False,16,,0,202,"October 9, 2025 at 03:12 PM"
1976304732730802464,https://x.com/ElKanxoc/status/1976304732730802464,Así las cosas en el #Costco Mérida https://t.co/zt1dIgl9c2,1174472793628561409,ElKanxoc,False,222,Yucatán ,0,3,"October 9, 2025 at 03:12 PM"
1976304668134498530,https://x.com/Ricosweat/status/1976304668134498530,@WOLF_TradingX What do you guys think about Costco?,1171991094319407104,Ricosweat,False,446,"Oakland, CA",0,16,"October 9, 2025 at 03:12 PM"
1976123605055422536,https://x.com/gohoubi_choice/status/1976123605055422536,"【期間延長】コストコ1日だけお試しできる？
非会員でも買い物する方法（2025年12月21日まで）
https://t.co/2JJa6NcbpC",1732223866041466880,gohoubi_choice,True,424,tokyo,0,143,"October 9, 2025 at 03:12 AM"
1976304535414112746,https://x.com/Komatenko/status/1976304535414112746,"
コストコ エコバッグ ポーチ セット 折り畳み コンパクト COSTCO キーホルダー ショッピングバッグ ポケットバッグ #ad https://t.co/hy3prPvCI8",1663596286787092481,Komatenko,False,197,,0,13,"October 9, 2025 at 03:11 PM"
1976123339153473983,https://x.com/FioriTargaryen/status/1976123339153473983,Costco pizza in the air fryer until it’s a little burnt 🥵,805612675392765956,FioriTargaryen,False,60,,0,16,"October 9, 2025 at 03:11 AM"
1976304355146887608,https://x.com/evil_dallas/status/1976304355146887608,This kind of padding occurs at every step in the healthcare process making the total price difference astronomical. Even the healthiest among us face expensive risk for not buying insurance. Insurance is the gatekeeper to real prices. It's like a Costco membership for healthcare.,197155629,evil_dallas,False,510,"Mount Vernon, IL",1,6,"October 9, 2025 at 03:10 PM"
1976123110899450206,https://x.com/SwitchRepairSho/status/1976123110899450206,@Xenoimpulse I would unironically take state capitalism operated by Costco over most other likely outcomes for the US,1910088073343537153,SwitchRepairSho,False,89,So called US,4,61,"October 9, 2025 at 03:10 AM"
1976122760490586127,https://x.com/wpgphotog/status/1976122760490586127,"Gonna start using it all the time…

“Start spreadin the news, bitches.. we’re going grocery shopping!”

“….we’re going to the dentist!”

“….we’re going to Costco!”

#WANTITALL",185405669,wpgphotog,False,1524,"Vancouver, British Columbia",5,115,"October 9, 2025 at 03:09 AM"
1976303682166620336,https://x.com/onlywon_tiffa/status/1976303682166620336,I know this man @ Costco tired of me asking him to use his Costco card so I can get gas😂,1614446394751729664,onlywon_tiffa,False,101,,0,5,"October 9, 2025 at 03:08 PM"
1976122501504684500,https://x.com/SneezesLoL/status/1976122501504684500,@ChadJungleLoL Costco ball knower for getting those green tea bottles,3214856464,SneezesLoL,False,736,United States,3,107,"October 9, 2025 at 03:08 AM"
1976303539837419560,https://x.com/MSpeeg66/status/1976303539837419560,@atensnut There’s an egg ranch here where I live who claims their eggs are fresh but the eggs are refrigerated and they are triple the price as Costco.,602555178,MSpeeg66,True,8806,USA,0,13,"October 9, 2025 at 03:07 PM"
1976303479690756503,https://x.com/TexSR_Tanner1/status/1976303479690756503,"@bunnnies24 @canucksaz @NHL @Costco Probably because I’m not a @Costco member, never seen this in person. It just seems a little strange for them to do.",2477561683,TexSR_Tanner1,False,3247,"Dallas, Texas",0,4,"October 9, 2025 at 03:07 PM"
1976303446916526258,https://x.com/bigal_227/status/1976303446916526258,"@cloudiemcdoom As a Jersey resident, I do strike up conversations way too often. My mixed ass gets looks at Costco still and I’m ready to throw down in that parking lot",1699103094930382848,bigal_227,False,227,Ivalice,0,1,"October 9, 2025 at 03:07 PM"
1976303269682303311,https://x.com/Buitrequeseele/status/1976303269682303311,Pain Loss and Grief the three horseman of “we are gonna change your life but first here’s a Costco pack of Kleenex and some melatonin you are gonna need it”,1315239578,Buitrequeseele,False,602,"Neidboldt Street, Derry, Maine",1,10,"October 9, 2025 at 03:06 PM"
1976121965082735014,https://x.com/ErikaMichellep/status/1976121965082735014,Nuevo punto de reunión: Costco,1487858530250067974,ErikaMichellep,False,53,,0,20,"October 9, 2025 at 03:06 AM"
1976121787265187935,https://x.com/SNAFU_Sara/status/1976121787265187935,For the foreseeable future (until the shutdown ends) I will be dining  on the 5 🌟 establishment known as Costco hotdogs. May splurge and get a pizza if I feel like meal prepping.,474597082,SNAFU_Sara,True,7436,Paper cuts in Fox holes,48,667,"October 9, 2025 at 03:05 AM"
1976302846631882994,https://x.com/Sip_Magazine/status/1976302846631882994,"You may have tried Straightaway on Alaska Airlines, spotted them at your favorite bar, or found their Tequila Edition pack and advent calendar at Costco. With doodle-clad cans and bold flavor, they are making their mark. Have a favorite yet? https://t.co/eJUIw1KLUs https://t.co/TZLdW7Twir",268408948,Sip_Magazine,False,5516,"Seattle, WA",0,9,"October 9, 2025 at 03:04 PM"
1976302779007488456,https://x.com/5KyCDKRlfG43155/status/1976302779007488456,@yukihiro_costco いいね&amp;FBA,1920438567299682304,5KyCDKRlfG43155,False,48,,0,5,"October 9, 2025 at 03:04 PM"
1976121528099143932,https://x.com/MrCrowl56034436/status/1976121528099143932,"@News4Reno Those Costco fanbois. 
Why d'they always ignore the subscription payment when they go on about stuff?",1210064421030002688,MrCrowl56034436,False,35,"CC, NV.",0,5,"October 9, 2025 at 03:04 AM"
1976302427633746211,https://x.com/JamiesAct/status/1976302427633746211,"@Gametrailzers thanks captain obvious. thats why Xbox Costco, Sam's and Walmart not selling Xbox anymore is going to be sweet. 😭",1702733804530704386,JamiesAct,False,2860,,1,39,"October 9, 2025 at 03:03 PM"
1976302414295634077,https://x.com/BAShelley/status/1976302414295634077,@ynv757 @StockSavvyShay Amazon and Costco coming to destroy that moat https://t.co/KHUpAYvxD5,60166757,BAShelley,False,345,Dublin | London | Kuala Lumpur,0,19,"October 9, 2025 at 03:03 PM"
1976302406976553451,https://x.com/big_Drew19/status/1976302406976553451,"$COST (Costco)

PT🎯 Increased to $1205

UBS reiterates Buy

📝 Analyst sees strong core comps and healthy consumer spending despite soft backdrop.",1375591076,big_Drew19,False,460,"Chicago, IL",0,24,"October 9, 2025 at 03:03 PM"
1976121339363967278,https://x.com/F_R0GGR/status/1976121339363967278,guys  can  we  go  to  costco  for  hot  dog,1841591813599031296,F_R0GGR,False,597,"ᅠ
ⓘㅤㅤ⃞𝖔w  ²   parody       ＆꯭＆ㅤ  𝖒v꯭rp⸻friendlyㅤ ꓼㅤ   ⃰  𝟮꯭𝟭ᐩ  ／  𝗺┄dni .    art  credit    ⓒ    @꯭ skullmercy  &   @꯭ littletapeworms .
ᅠ",0,26,"October 9, 2025 at 03:03 AM"
1976121290843893805,https://x.com/Radictzone/status/1976121290843893805,@yukihiro_costco FBA,814763135663935488,Radictzone,False,1032,赤坂4-3-27 2F,0,32,"October 9, 2025 at 03:03 AM"
1976121246304858404,https://x.com/siddarthpaim/status/1976121246304858404,"How Costco, Sam’s Club, and BJ’s Won Over America https://t.co/9WgAOQTxau via @BarronsOnline",265814274,siddarthpaim,True,36918,New York,0,117,"October 9, 2025 at 03:03 AM"
1976302354082529288,https://x.com/cd_wins/status/1976302354082529288,"
コストコ エコバッグ 限定 黒 シャチ COSTCO オーシャンプラスチックごみ再生 ショッピングバッグ トートバッグ #ad https://t.co/QKMCgPbZiZ",1744700391210860544,cd_wins,False,137,,0,16,"October 9, 2025 at 03:02 PM"
1976302286902264040,https://x.com/belaygee/status/1976302286902264040,They need to put a Costco in Oakland,630650173,belaygee,False,1986,Somewhere in cali,0,24,"October 9, 2025 at 03:02 PM"
1976302104642773494,https://x.com/ScorpioDragon94/status/1976302104642773494,@atensnut You can buy both at Costco actually.,959815519833612289,ScorpioDragon94,False,1024,1984,0,3,"October 9, 2025 at 03:01 PM"
1976302080777236935,https://x.com/SlickdealsPlus/status/1976302080777236935,"55"" Sony Bravia 4K OLED TV + Allstate Protection $900 📺 *ad https://t.co/iYzVGem1n5",1957943451376578564,SlickdealsPlus,False,123,"Los Angeles, CA",0,19,"October 9, 2025 at 03:01 PM"
1976120640777142436,https://x.com/rgj/status/1976120640777142436,"A pre-planning permit for a south Reno Costco was submitted by mistake, according to the city of Reno, but interest on potential site remains. https://t.co/0fN8f7dpgH",9690012,rgj,False,59635,"iPhone: 39.518032,-119.813146",0,402,"October 9, 2025 at 03:00 AM"
1976120570845495743,https://x.com/EMPLOKl/status/1976120570845495743,costco hotdog,1193056513838829569,EMPLOKl,False,543, 𝒶𝐮𝐭𝐮𝐦𝐧ᝰ.ᐟ ˓ ₃₅ ˒,2,59,"October 9, 2025 at 03:00 AM"
1976120529112399880,https://x.com/GoniTesfaye2/status/1976120529112399880,【P5倍＆4時間限定5％OFFクーポン★10/4★送料無料】 コストコ UHA味覚糖 グミサプリ 鉄＆葉酸 110日分（220粒） 【costco UHA Gummy Supplement Iron サプリメント 1セット 2セット 3セット 配送不 UG https://t.co/kWHVc78DvE [PR],1456948396443439108,GoniTesfaye2,False,501,Amazonアソシエイト参加,0,124,"October 9, 2025 at 03:00 AM"
1976301608393977962,https://x.com/headymonster/status/1976301608393977962,@chrisboettcher9 Pro tip - rent a vehicle through Costco travel any time you plan to go high mileage family trip.  ESP if your family vehicle is remotely close to mileage where transmission is a risk,167226244,headymonster,False,85,,3,109,"October 9, 2025 at 02:59 PM"
1976120414259540218,https://x.com/ichi_shin32/status/1976120414259540218,@yukihiro_costco FBA,1299188741701918720,ichi_shin32,False,2659,,0,23,"October 9, 2025 at 02:59 AM"
1976301194965377395,https://x.com/Broke4Books/status/1976301194965377395,"@TrumpIsBack7 @RepMTG I’d prefer somebody who follows a moral code over whatever the party tells them to follow.

It’s not healthy to agree just because you carry the same “membership card”. 

Ex: You can go to Costco and say “I don’t really like the fruit here, I prefer Sam’s” and THAT’S OK!!!",1224916151618109440,Broke4Books,False,175,United States,0,4,"October 9, 2025 at 02:58 PM"
1976120010092474542,https://x.com/ChadJungleLoL/status/1976120010092474542,"Officially moved back to L.A and I feel like my new place has been fully settled in! Went to Costco and stocked up for the month, gonna try to grind streaming again for the (13th time or something XD SORRY). Link to stream below! :D https://t.co/lTWbsj8HgH",718260406838497281,ChadJungleLoL,False,1301,Los Angeles,11,1002,"October 9, 2025 at 02:58 AM"
1976120004245602411,https://x.com/rhcm123/status/1976120004245602411,"It’s fall, which means I can finally start dressing

You know I got that Costco drip on https://t.co/OdUMuhL25w",308222785,rhcm123,False,4983,"New Jersey, mostly",10,301,"October 9, 2025 at 02:58 AM"
1976301064950358109,https://x.com/TesoroMoctezuma/status/1976301064950358109,⚠️🇲🇽🆘📚🔥#FelizJueves #Espectáculos #Deportes #Sports #LigaBBVAMX #Béisbol #NASCAR #INDYCAR #F1 #NFL #NBA #LigaMx #News #Noticias #Tijuana #Chihuahua #Tampico #Monterrey #Guadalajara #Aguascalientes #León #Puebla #Cancún Mexico City&gt;#AeroMéxico Costco Sams Club HEB Walmart #rt⚠️,1258048349040783360,TesoroMoctezuma,False,2659,México,1,115,"October 9, 2025 at 02:57 PM"
1976300824662802496,https://x.com/neoshuas/status/1976300824662802496,second time in costco in a week for my friends goddamn society meet and greet,983395568050458624,neoshuas,False,256,"19, black",0,6,"October 9, 2025 at 02:56 PM"
1976300283794731148,https://x.com/EJonatha4766004/status/1976300283794731148,https://t.co/wO88cVXl1I,1435573300399386627,EJonatha4766004,False,706,,0,10,"October 9, 2025 at 02:54 PM"
1976300004798235110,https://x.com/Mohamma96568462/status/1976300004798235110,"$NVO how much more undervalued can this one get ?

Novo announced that Costco will sell Ozempic and Wegovy for $499 a month.

• P/E down from 20s → 8.7x 
• P/FCF at 12.3x
 • EV/EBITDA just 16.2x

Generational opportunity https://t.co/XO3JSBxyBT",815666787731775489,Mohamma96568462,True,7,Los Angeles,0,54,"October 9, 2025 at 02:53 PM"
1976118895116165288,https://x.com/clarice_musica/status/1976118895116165288,"@kimi_bossa IKEAはしばらく行っていませんが、ホットドッグ200円しなかったかと。
COSTCOはソーダ（大きな紙カップ渡されてフードコートのディスペンサーから多種飲み放題）付きで180円。
マスタード、刻みピクルス、ケチャップなど購入者のお好みで乗せられるの良いと思います🙆
万博はイベント価格というか💦",985385900895956993,clarice_musica,False,568,,1,99,"October 9, 2025 at 02:53 AM"
1976118794906107995,https://x.com/notwtfomgbbq/status/1976118794906107995,@BudLightSadness Sir I ain’t got 2 hours to drive to Lubbock to go to Costco.,1605004357598060544,notwtfomgbbq,True,2016,Permian Basin,2,55,"October 9, 2025 at 02:53 AM"
1976118752128401760,https://x.com/cisco_kidd0221/status/1976118752128401760,"@most271k @nypost COSTCO membership cards have picture, name and other contact information",1255229152879357953,cisco_kidd0221,False,19,,1,7,"October 9, 2025 at 02:53 AM"
1976299703814979955,https://x.com/buckyslander/status/1976299703814979955,@brewdr stop putting that nasty ass superberry kombucha in your Costco variety packs it’s a waste of two good kombuchas,1226970555523510273,buckyslander,False,430,,0,4,"October 9, 2025 at 02:52 PM"
1976299675389976856,https://x.com/Record_Journal/status/1976299675389976856,"Shonda Rhimes talks living in CT, crying at Costco on 'Call Her Daddy': 'Nobody cares' https://t.co/TV2rYeSWJJ",16312441,Record_Journal,False,8087,"Meriden, CT",1,43,"October 9, 2025 at 02:52 PM"
1976118577288839491,https://x.com/sojinlifeupg/status/1976118577288839491,@yukihiro_costco FBA,1677498154621734914,sojinlifeupg,False,383,日本,0,56,"October 9, 2025 at 02:52 AM"
1976118571496505404,https://x.com/darksavior2023/status/1976118571496505404,@unusual_whales I know. Some meat at Costco is now the same fucking price as normie stores. wtf,1669799004719452160,darksavior2023,False,716,,1,17,"October 9, 2025 at 02:52 AM"
1976118353128493062,https://x.com/ApeAlt0/status/1976118353128493062,"@Skylar69kg You can but if u want the best basic one, think u can find a box ofem at costco thats near asian community. Maybe hmart if u have one there. Where ever u get the asian groceries. But its not good for the diet. Lots of fat but worth the try.",1393766139919048705,ApeAlt0,True,269,"Chicago, IL",1,19,"October 9, 2025 at 02:51 AM"
1976299328386834705,https://x.com/nuttallriley1/status/1976299328386834705,"On a positive note, I heard (albeit not verified) Costco switch from Pepsi to Coke products https://t.co/KH4non2Etq",1529859066494955520,nuttallriley1,True,12496,"Montgomery, TX ",11,148,"October 9, 2025 at 02:50 PM"
1976299320178618368,https://x.com/S44_Toffee/status/1976299320178618368,"Went to Costco in Derby today and ran into this legend 

Honestly a genuinely lovely guy, very warm welcoming personality. I can confirm he’s asked me to join in this years Xmas number 1 where we are going to sing about sausage rolls and flags on lamp posts 😂😂😂😂 https://t.co/bUXUhmLOwt",3180703005,S44_Toffee,False,433,Derbyshire,0,13,"October 9, 2025 at 02:50 PM"
1976299302918959167,https://x.com/ranjodhd/status/1976299302918959167,American academia was never about Harvard. The quality of education and research cares not for the elites. It was always about Cal States and SUNYs and IU and Oklahoma and other world class temples of learning found 50 miles from the nearest Costco.,36026659,ranjodhd,False,9244,Tarn-Taran / Basel,2,71,"October 9, 2025 at 02:50 PM"
1976299300247253060,https://x.com/valkiria_dann/status/1976299300247253060,Quiero un pay de calabaza del Costco 😿,1064823199614074886,valkiria_dann,False,63,,0,3,"October 9, 2025 at 02:50 PM"
1976118084604920120,https://x.com/naisha025/status/1976118084604920120,"Yay! My daughter and I were able to get the Novavax today in Missouri at Costco. They turned us away last week. Said we needed a prescription. Today, a prescription was no longer needed.",1243257808298090496,naisha025,False,64,"Kansas City, MO",0,29,"October 9, 2025 at 02:50 AM"
1976298928740942015,https://x.com/Veritas86511/status/1976298928740942015,Low IQ low impulse control. https://t.co/hGpeV9V2F0,1602106426599555074,Veritas86511,True,5217,,0,2,"October 9, 2025 at 02:49 PM"
1976117912206442745,https://x.com/ClintGunter2/status/1976117912206442745,"@AOgieglo @TheRoyGreenShow millions of Canadians  went to ottawa ignored public health guidelines for 3 weeks and lived. Covid was a  wealth transfer from the middle class To billionaires.  Amazon,walmart, costco, PZIFER,tech companies all became super wealthy",1265837364246728704,ClintGunter2,False,320,,0,8,"October 9, 2025 at 02:49 AM"
1976117878488432682,https://x.com/Cr8DigitalAsset/status/1976117878488432682,"@Costco gasoline in Fairfax, Virginia (West Ox Road) under construction and expanding!  Grand reopening scheduled for Saturday, October 18, 2025.  Making progress. https://t.co/peZMmpdqet",1135595564,Cr8DigitalAsset,False,3198,"Fairfax, VA",0,20,"October 9, 2025 at 02:49 AM"
1976117826151907635,https://x.com/Cardboardslider/status/1976117826151907635,"@AIDRIVR Summon will not scale in the parking lots of the real world. Total chaos in front of Costco and Walmart will ensue. 

Banish on the other hand should scale well assuming the parking lots still exist.",1754970137655222272,Cardboardslider,False,321,,0,5,"October 9, 2025 at 02:49 AM"
1976298657076142256,https://x.com/ynv757/status/1976298657076142256,"@StockSavvyShay Costco and Amazon both getting in the business , Costco prices already below HIMS.. tough competition!!!!",829224928050294788,ynv757,False,178,,6,530,"October 9, 2025 at 02:48 PM"
1976117420223000974,https://x.com/GamerMcbaggin/status/1976117420223000974,"local politics is sucks; i dont know which psychopath to vote for because looking up their policies is draining

I should just run just to avoid that doomscrolling and see who will stand behind a 30something year old who calls him mom when he cant find something at costco",61357964,GamerMcbaggin,False,353,California🧚,1,24,"October 9, 2025 at 02:48 AM"
1976298586074701959,https://x.com/saraahmedz1/status/1976298586074701959,ابغا اعيش في امريكا عشان عندهم home goods و target و Costco,1099821488574738432,saraahmedz1,False,191,"Jeddah, Kingdom of Saudi Arabia",0,9,"October 9, 2025 at 02:47 PM"
1976117221085618618,https://x.com/StackingStraat/status/1976117221085618618,"@BoujeeFinances I think people should aim higher. 

- aim for 50% net income savings
- drive a paid off used car
- split rent with multiple roommates
- shop at aldi, Costco, Walmart, etc.
- cook at home

You can do all of this and still have a fulfilling life and not feel like you’re missing out. Sacrifice now and buy yourself future freedom",1772014912107098112,StackingStraat,True,70,"Chicago, IL",1,68,"October 9, 2025 at 02:47 AM"
1976298152580829276,https://x.com/WalteerHerrera/status/1976298152580829276,"Se me hace ridículo que la gente va al Costco a pelearse por comprar unas almohadas y termos…. Por qué no mejor van y se pelean así, por la seguridad del país, con el SAT y sus mil impuestos..

Por eso somos tercermundistas!!",261271043,WalteerHerrera,False,5331,,0,7,"October 9, 2025 at 02:46 PM"
1976298033504510084,https://x.com/MsFemi/status/1976298033504510084,I haven’t gone to Costco in like 3 months! Coming from someone that treats Costco like it’s DisneyLand😞😞,1650499973832749059,MsFemi,False,168,"Houston, TX",0,7,"October 9, 2025 at 02:45 PM"
1976297957784760431,https://x.com/sissipher/status/1976297957784760431,@Nickym49 I had a good comment but it’s too early for even me. Go Costco,1617617765011161089,sissipher,True,1995,"Universe, but which one?",1,23,"October 9, 2025 at 02:45 PM"
1976297934682788026,https://x.com/upasan86/status/1976297934682788026,@Costco_Hlmn21 買っちった,1930957308911353856,upasan86,False,8,,0,9,"October 9, 2025 at 02:45 PM"
1976116805711298640,https://x.com/waksiakaH/status/1976116805711298640,"202510
コストコでルートビア購入
1缶当たり42円！安い
ただクリームソーダ味糖分高め

I bought root beer at Costco.

코스트코에서 루트 비아를 구입했다.

#あびちゃん
#AbiChan
#ねこ
#アビシニアン
#ねこのきもち
#cat
#猫
#ルートビア https://t.co/G6KXqTGRzl",266927425,waksiakaH,False,975,,1,73,"October 9, 2025 at 02:45 AM"
1976297669870936564,https://x.com/PlusEVAnalytics/status/1976297669870936564,"@m1ddy @thagoofynewfie @EnglishMathPhD @Pinnacle Pinnacle - I know you're the Costco of sports betting and we love you for it, I don't need a fancy app full of bells and whistles but at least have a damn web site that loads",1102419120,PlusEVAnalytics,True,27635,"Toronto, Ontario",0,66,"October 9, 2025 at 02:44 PM"
1976297607925239999,https://x.com/JAKKRIEG/status/1976297607925239999,"@DeekeTweak why cant i buy xbox at costco or sam club online anymore

best buy canada has no Xbox Series X for 3+ months now https://t.co/H0MOo4Y21d",92865013,JAKKRIEG,False,67,,1,26,"October 9, 2025 at 02:44 PM"
1976116496612159740,https://x.com/MinnFinn2/status/1976116496612159740,@GavinNewsom In Minnesota at Costco 8.99 a pound for chuck roast 27.99 for ribeye steak last week at Sam’s Club.,951161307251789827,MinnFinn2,False,87,"Canyon,MN",2,25,"October 9, 2025 at 02:44 AM"
1976297518607515692,https://x.com/AZNikki70s/status/1976297518607515692,https://t.co/FzYAvTfo9w. I hope they pulled her Costco membership.,1516266933556969476,AZNikki70s,False,221,,0,2,"October 9, 2025 at 02:43 PM"
1976297406556713109,https://x.com/dragsterguy1/status/1976297406556713109,@REALGIFGAWD @fulredy @superme3541 @HawleyMO They pay what their stockholders will bear.   I don’t think that anyone at Costco management cares if you do I am sorry.  Stock price drops at Costco they will go into cost cutting mode.  Bigger prob is corporations buying housing in US,21040749,dragsterguy1,False,128,Where men carry guns,0,3,"October 9, 2025 at 02:43 PM"
1976116357117960424,https://x.com/SlumdogSilver/status/1976116357117960424,"Recently purchased 70 oz of silver from Costco (before they sold out)

More deliveries from other dealers incoming this week and next! https://t.co/qEIB8FMiil",1145778835646013441,SlumdogSilver,True,31,,0,25,"October 9, 2025 at 02:43 AM"
1976297168605503995,https://x.com/CraigScholz/status/1976297168605503995,First trip to CostCo please clap,3170961,CraigScholz,False,798,,0,3,"October 9, 2025 at 02:42 PM"
1976297013856641389,https://x.com/costonsol/status/1976297013856641389,"@MagicEden Ser this is a Costco. 

GM 🌭",1862946609954168832,costonsol,False,517,Costco,3,21,"October 9, 2025 at 02:41 PM"
1976296977731109022,https://x.com/Cynthialnd/status/1976296977731109022,"@ccamacho88 Les dieron ropa de Costco, alguien quiere pensar en su ropa de fibras orgánicas???",32746749,Cynthialnd,False,821,"Toluca, Edo.Méx. México",0,68,"October 9, 2025 at 02:41 PM"
1976296945519112368,https://x.com/EpacD54972/status/1976296945519112368,"@StandUpForFact OUTOUTOUTOUTOU. The said it has to take a good healthy, SCHIFFT. Then use a lot of toilet paper from Costco to wipe the stench and stain out.",1894777943366471681,EpacD54972,False,889,,0,5,"October 9, 2025 at 02:41 PM"
1976296866791690548,https://x.com/DrunkDividends/status/1976296866791690548,@mistressdivy 48 goth baddies and a Costco hotdog,1551395708342657025,DrunkDividends,True,3087,"Global Now, Winnipeg Forever",1,16,"October 9, 2025 at 02:41 PM"
1976296647723278737,https://x.com/flamingostori/status/1976296647723278737,@yukihiro_costco FBA,1499503123554922499,flamingostori,False,59,,0,14,"October 9, 2025 at 02:40 PM"
1976296534363828735,https://x.com/GuyManaging/status/1976296534363828735,@FoodPleaser Costco,1097981564556853250,GuyManaging,True,4985,"N.W. Minnesota, USA",1,9,"October 9, 2025 at 02:39 PM"
1976296469188534560,https://x.com/greg_corelone/status/1976296469188534560,@Rocky_Bitcoin 想问西像Costco这类的股票，在科技股大回调的情况下，会受很大的影响吗,2346057110,greg_corelone,False,390,,0,53,"October 9, 2025 at 02:39 PM"
1976296403535089681,https://x.com/HeyRatty/status/1976296403535089681,Costco doesn’t miss https://t.co/usSMLEEnJM,20189287,HeyRatty,False,7759,"Boston, MA",2,72,"October 9, 2025 at 02:39 PM"
1976115245748977829,https://x.com/ChromeSub/status/1976115245748977829,@GuyDealership I called a Honda dealer to buy a 2024 hybrid CRV that I knew had been on the lot for 115 days. The guy wouldn't budge an inch. So I bought a newer 2025 from an eager dealer using Costco pricing for several thousand less and much less headache...,4835494689,ChromeSub,True,488,"Marietta, GA",2,199,"October 9, 2025 at 02:39 AM"
1976296249578897665,https://x.com/iamphilq/status/1976296249578897665,@TateTheTalisman @thenihiin Don't forget to check their package... looks like they're hiding Costco $1.50 dogs down there.,1627992721955733506,iamphilq,False,1278,Montreal,0,96,"October 9, 2025 at 02:38 PM"
1976296116556792003,https://x.com/Costco_Hlmn21/status/1976296116556792003,@upasan86 カオスヴァンダル,1191342277571923968,Costco_Hlmn21,False,128,くまもん/ねばーるくん,0,18,"October 9, 2025 at 02:38 PM"
1976296094612000848,https://x.com/LeithaBoutwell/status/1976296094612000848,"@Raindropsmedia1 This kind of fight at Costco in Brooklyn will be all over the city when Mamdani gets his way and opens city groceries. Limited resources, limited space, overcrowding, high prices. Costco is a MUST in that city just to be able to eat.",1272179610,LeithaBoutwell,False,19,"Montgomery, AL",0,9,"October 9, 2025 at 02:38 PM"
1976115022599438742,https://x.com/wittyotter_/status/1976115022599438742,"Every time I go it Costco it somehow coincides with the same day a new group of pods have hatched, and all the aliens are there leaning how to drive, park their cars and push shopping carts as they practice acting like humans.",1167080516983517185,wittyotter_,True,1789,"San Francisco, CA",0,25,"October 9, 2025 at 02:38 AM"
1976295986759643348,https://x.com/sistaphyre/status/1976295986759643348,@forhearagain @talleyberrybaby And Costco,76170754,sistaphyre,False,209,"Detroit, MI",0,4,"October 9, 2025 at 02:37 PM"
1976114789043798028,https://x.com/MikeTone_/status/1976114789043798028,@ElieJarrougeMD Now at Costco… haven’t tried but they sound good https://t.co/NNaFgGkGHZ,77005011,MikeTone_,False,645,,0,205,"October 9, 2025 at 02:37 AM"
1976114719007404268,https://x.com/panicearly/status/1976114719007404268,"@NateAFischer @Livng4Jesus @Totally_Brandon @megbasham well they got mortgages up to the eyeballs, shop at costco, subd netflix and Prime have flat screen tv and multiple suv, pay taxes, wtf more do you wish them to do?😅 drink Bud Light?",24529495,panicearly,False,746,,0,9,"October 9, 2025 at 02:37 AM"
1976295620638904517,https://x.com/reallyseally88/status/1976295620638904517,there’s chicken wraps from costco,1931194130438213632,reallyseally88,False,44,"Detroit, MI",0,4,"October 9, 2025 at 02:36 PM"
1976295380296867865,https://x.com/AstutexAi/status/1976295380296867865,"A lot of competitive pressures for $COCO - first losing Costco private label, issues at Walmart, Vita Coco now basically out of Best Sellers on Amazon. Crowded space like protein RTD - Harmless Harvest, BodyArmor, Bai, Zico, C2O and many others. Category trend - more functionality, not just hydration. Pricey at 4x sales and insiders dumping stock like crazy",1018829718622212097,AstutexAi,True,1682,Switzerland,3,424,"October 9, 2025 at 02:35 PM"
1976114381059653919,https://x.com/Henry76928180/status/1976114381059653919,@ying18474850 经济不好去各个大型连锁超市如Costco 买东西就跟不要钱似的！😄,1449536705028100096,Henry76928180,False,608,,1,40,"October 9, 2025 at 02:35 AM"
1976114379415597477,https://x.com/mrcajunjoker/status/1976114379415597477,Hey @Costco I wish y’all sold a “lightly” salted cashew…,237585134,mrcajunjoker,False,196,,0,5,"October 9, 2025 at 02:35 AM"
1976295101069656106,https://x.com/sweatsXstew/status/1976295101069656106,Yes I have a Sam’s club card too but I moved close to a Costco so now I’m like should I try them out?! I hear good things,2636538720,sweatsXstew,True,31830,"Houston, TX",0,371,"October 9, 2025 at 02:34 PM"
1976113945007309064,https://x.com/dollartreejonas/status/1976113945007309064,@bourboli I gotta try the vanilla one. They were only $12 at Costco. May go back this weekend and get some more,545184209,dollartreejonas,False,368,,1,24,"October 9, 2025 at 02:34 AM"
1976294936464015616,https://x.com/bitchysuna/status/1976294936464015616,halloween ain’t even pass yet why costco got christmas decorations out 😭😭,1251992081637179393,bitchysuna,False,2757, 23 | nsfw | she/they 🇲🇽,0,11,"October 9, 2025 at 02:33 PM"
1976113752723574912,https://x.com/GivenErik/status/1976113752723574912,"Just joined the @GoBundled waitlist! 🙌 It’s like Costco for subscriptions—big savings, one-click cancellations, extended trials, and more privacy! Check it out at https://t.co/jGvnc1V3CV and follow them to get in early. #Bundled #SubscriptionSavings #GetInEarly",1307730519623372801,GivenErik,False,153,,0,6,"October 9, 2025 at 02:33 AM"
1976113648776167694,https://x.com/raikou0870/status/1976113648776167694,"親がCOSTCOで鮭買ってきたけど....
マジかよ(;´д｀) https://t.co/DUYfva4nm6",837432515560275968,raikou0870,False,11014,静岡県 ,4,207,"October 9, 2025 at 02:33 AM"
1976294772059811845,https://x.com/womenshealthjp/status/1976294772059811845,"コストコが自社製ワインを全米リコール「ボトルが自然破裂する恐れがある」 #コストコ
https://t.co/fg9x4p8sfR",805704124176023552,womenshealthjp,False,19035,東京 港区,0,160,"October 9, 2025 at 02:32 PM"
1976294598344405150,https://x.com/bee_yomi/status/1976294598344405150,@sweatsXstew Yessss. I love Costco. I actually have a Sam’s but I like Costco wayyyy better (my preference),1301344700557918213,bee_yomi,False,432,"Chicago, IL",0,416,"October 9, 2025 at 02:32 PM"
1976113613808300105,https://x.com/logizomi84342/status/1976113613808300105,"FSD V14.1 hunting through a busy Costco parking lot to find a parkign spot is truly remarkable.

$Tesla $Aster $Bnb $Sundog $Trx $Bsc $Cake $Zec $btc $sol $Eth $Doge $Ada $Link $Xmr $Fsd

 https://t.co/6jFEZyHmXu",1740076372922359808,logizomi84342,True,1161,,0,352,"October 9, 2025 at 02:32 AM"
1976113592387895533,https://x.com/ChrisEdmerson/status/1976113592387895533,Costco and Sam’s said eat all the samples and lose all the weight.,19755104,ChrisEdmerson,False,610,Texas made!,0,8,"October 9, 2025 at 02:32 AM"
1976113590336905571,https://x.com/a_leify_boi/status/1976113590336905571,"@Costco @UniversalYums @McDonalds @meijer @GonnaNeedMilk maybe i should try eating 10 reeses and pay attention to how i feel after

@reeses",1364280446247440384,a_leify_boi,False,420,🌞 hangin out at da lake 🌞,0,20,"October 9, 2025 at 02:32 AM"
1976113567356289069,https://x.com/pandmuerta/status/1976113567356289069,yo opino q la costco debería de tener free samples de pan d muerto los 365 días del año,1413286946613317635,pandmuerta,False,248,wlw,5,59,"October 9, 2025 at 02:32 AM"
1976113523588727214,https://x.com/GowfIsLife/status/1976113523588727214,@Macbaconai How close is Costco,1651669860257259520,GowfIsLife,True,331,Summerlin ⛳,1,17,"October 9, 2025 at 02:32 AM"
1976294478790189388,https://x.com/justywustyboo/status/1976294478790189388,Oh my god i wanna work at costco,1689167681336086528,justywustyboo,False,65,,0,12,"October 9, 2025 at 02:31 PM"
1976113333557182856,https://x.com/iNews24/status/1976113333557182856,Costco September Total Comparable Sales Up 5.7% - AFX https://t.co/Y3gfw4lXpk,30593431,iNews24,False,2713,Worldwide,0,12,"October 9, 2025 at 02:31 AM"
1976294134605373534,https://x.com/ThraceAlex/status/1976294134605373534,"@honzacern1 
I ordered 4 of the 10oz PAMP bars  from Costco, it was all they would let me put in my cart = that was last Saturday, as of today they still have not shipped. Supply issues obviously. https://t.co/LNjol9egfY",1564026067274403840,ThraceAlex,True,1672,The Free State of Florida,1,5,"October 9, 2025 at 02:30 PM"
1976113029759529436,https://x.com/iNewsFN/status/1976113029759529436,Costco September Total Comparable Sales Up 5.7% - AFX https://t.co/DOGHUaw4nk,1628999426,iNewsFN,False,79,,0,4,"October 9, 2025 at 02:30 AM"
1976113022000418923,https://x.com/mrcheapsuit/status/1976113022000418923,@Raindropsmedia1 That brooklyn costco is the worst and its seriously over crowded in that place.  Worst of the worst costco.,1195147232896573440,mrcheapsuit,False,133,NYC,1,19,"October 9, 2025 at 02:30 AM"
1976293968292827497,https://x.com/The_Sawce_Bawss/status/1976293968292827497,@TrosclairTweets @PokemonDealsTCG objectively the easiest thing for walmart is to let scalpers buy everything all at once. less shipping costs and customer issues. they do not care about any of this. Costco is the only company with a fair system.,1275272154326732801,The_Sawce_Bawss,False,31,,0,90,"October 9, 2025 at 02:29 PM"
1976293876231987406,https://x.com/baby_oftheyear/status/1976293876231987406,@TansuYegen Reminds me of DFW airport or the Costco gas station,1573699112196767745,baby_oftheyear,False,127,🗽,3,62,"October 9, 2025 at 02:29 PM"
1976293866723545522,https://x.com/bourbonwhi55063/status/1976293866723545522,Costco in Nola La. Didn’t buy. I could buy a used car for the price. Let’s just say sixty three Benjamins or C Notes which ever you prefer. https://t.co/F63UMpeyI7,1763936032679153665,bourbonwhi55063,False,1414,United States kentucky ,1,64,"October 9, 2025 at 02:29 PM"
1976293853503398386,https://x.com/lyama4831/status/1976293853503398386,@Armchairecon1 @GoldTelegraph_ Checked a Costco in Canada last night.  Only jewellery locked in the display cabinets.,1402481701742284801,lyama4831,False,240,Canada,2,9,"October 9, 2025 at 02:29 PM"
1976112843893375278,https://x.com/VanFlanker/status/1976112843893375278,Observed someone taking back dead trees at Costco tonight. I regret not sticking around to hear his story.,65476781,VanFlanker,False,215,Vancouver,0,7,"October 9, 2025 at 02:29 AM"
1976112665681617165,https://x.com/Sphericalnigaro/status/1976112665681617165,"@darkspark317 @AmiriKing He's not going to prison. I think he showed remarkable restraint.  The odd built Latina bitch needed at least a slap. 
Imagine minding your business, pushing your cart through Costco, and a filthy animal climbs on top oth cart and starts putting her paws all over you... wtf...",1600603769032826880,Sphericalnigaro,False,66,"Seattle, WA",0,12,"October 9, 2025 at 02:29 AM"
1976293634980053044,https://x.com/sedorimonkey/status/1976293634980053044,@yukihiro_costco FBA,1646042922364841985,sedorimonkey,False,92,,0,11,"October 9, 2025 at 02:28 PM"
1976293449834918010,https://x.com/higglesbaum/status/1976293449834918010,@BillTingleberry Only 299 at costco I might have to take matters into my own hands,1972697374565838848,higglesbaum,False,77,"East Lansing, MI",0,36,"October 9, 2025 at 02:27 PM"
1976293392951730460,https://x.com/nienna121/status/1976293392951730460,@OKAYYYWOWWW I got it at Costco like 2 days ago lol!! It was 14.99 in store 🥰 https://t.co/hYBRYLcygo,46512735,nienna121,False,4408,buraya bakarlar…,0,19,"October 9, 2025 at 02:27 PM"
1976112357995839563,https://x.com/Roadrunner9797/status/1976112357995839563,@Nero I already offered to buy them both new clothes. No response. You can buy a sportcoat for a hundred bucks and a golf shirt from Costco and look like a somewhat functioning adult instead of a bully from an 80s teen flick.,1769233723600576512,Roadrunner9797,True,1053,The United States 🇺🇸 ,1,337,"October 9, 2025 at 02:27 AM"
1976112314744177134,https://x.com/PaidDegen/status/1976112314744177134,I see your Monad card and raise you one Executive Costco card,1864526355188027393,PaidDegen,True,424,,1,71,"October 9, 2025 at 02:27 AM"
1976112158737109210,https://x.com/kloveaggs/status/1976112158737109210,"Gas 2.39 at Costco the lowest I have seen in a long long time. 

So good to see gas prices finally falling. Hopefully it will help prices in other areas over time if it's here to stay.",586194892,kloveaggs,True,3438,"Texas, USA",1,185,"October 9, 2025 at 02:27 AM"
1976293317169099228,https://x.com/mogeladze1/status/1976293317169099228,Source: Tasting Table https://t.co/0OSvEHnmi6,2676025951,mogeladze1,False,2929,boyton beach  kutaisi madrid brooyklin,0,2,"October 9, 2025 at 02:26 PM"
1976293148952564074,https://x.com/DonnyT42069_/status/1976293148952564074,Getting hauled away on Costco skid with a wrecker is fucking nuts,1737083279629549568,DonnyT42069_,False,79,,0,5,"October 9, 2025 at 02:26 PM"
1976293025140670759,https://x.com/Jean97724059895/status/1976293025140670759,@teslaownersSV Just the same as now “pretend working from home go to Costco”,1943295790564405248,Jean97724059895,False,285,,1,9,"October 9, 2025 at 02:25 PM"
1976292985038868988,https://x.com/jc_518x/status/1976292985038868988,@stillnotadvice You didn’t beat Costco.,982677421232189441,jc_518x,False,844,"New York, USA",0,6,"October 9, 2025 at 02:25 PM"
1976111637120876838,https://x.com/gvh41/status/1976111637120876838,@CollinJHumphrey and whatever you do please don't buy the costco sauna!,124031880,gvh41,True,2976,Greater Philadelphia ,2,52,"October 9, 2025 at 02:25 AM"
1976111552546935016,https://x.com/fentyliyah/status/1976111552546935016,I’m late to the game but ladies get your tampons and pads from Sam’s Club or Costco.,904126985173176320,fentyliyah,False,468,Ethiopia,0,29,"October 9, 2025 at 02:24 AM"
1976111536780513600,https://x.com/13TRENIN/status/1976111536780513600,costco on the flames opening night roster. it's so beautiful I could cry,1088943254501052416,13TRENIN,False,460,21 |they/them| wild/preds/🔥s,0,28,"October 9, 2025 at 02:24 AM"
1976111472171520237,https://x.com/bulletscurses/status/1976111472171520237,@hyuuvita galleta de costco echada a perder,1812521650510032896,bulletscurses,False,14,,0,3,"October 9, 2025 at 02:24 AM"
1976292563544940899,https://x.com/wallybristles/status/1976292563544940899,"@drakemayeloverr That schedule’s a Costco pack of cupcakes, but the book bakes the frosting in. W‑L ≠ ATS. Our card: tease NE thru 3&amp;7 when short faves, hit Jets‑Pats divisional unders (twice!), and buy NE live after slow starts. Bet numbers, not vibes.",1965596368409690115,wallybristles,True,70,,0,408,"October 9, 2025 at 02:23 PM"
1976292548193685906,https://x.com/greetfriends/status/1976292548193685906,"@itsposhi To your point, very Bronze-Age-like, I have never seen an Asian lady be anybody else's Costco bitch, little ChiKo ladies fully managing traffic, asserting position, grabbing frozen salmon before everyone else as Mexiladies seethe",780557839836164096,greetfriends,True,2789,,0,8,"October 9, 2025 at 02:23 PM"
1976111285201997888,https://x.com/Objective_Adam/status/1976111285201997888,"@49erCarlos This is the kind of Costco price slashing drama im here for!! 
Gotta believe this is a direct result of the homies at Heinz doing they thing!",2249698033,Objective_Adam,False,15,Oregon,1,7,"October 9, 2025 at 02:23 AM"
1976111005349691715,https://x.com/MayhemMr_38/status/1976111005349691715,@Jessica55127532 @joe_Lnu @JSGuy2019 @Ur_a_Smartass_C Kory was quiet during this Costco glizzy conversation https://t.co/YWxS8r0cwU,1846676525757698049,MayhemMr_38,False,436,,1,13,"October 9, 2025 at 02:22 AM"
1976110972751556670,https://x.com/TortoiseCosta/status/1976110972751556670,@BigGlennNetwork Costco sells these little mini ones made by some different brand super good,1833994168374272000,TortoiseCosta,False,1687,The Land of Cotton,1,16,"October 9, 2025 at 02:22 AM"
1976291910789579218,https://x.com/CostcoAuto/status/1976291910789579218,"🚗💨 Skip the hassle, keep the savings. With Costco Auto Program the price is prearranged. Easy. Done. https://t.co/9jVTD9x66F https://t.co/FdrXCrYJAF",2546631674,CostcoAuto,False,10121,All Around!,0,35,"October 9, 2025 at 02:21 PM"
1976291883241337176,https://x.com/FieldofHistory/status/1976291883241337176,@BankerWeimar Still can’t buy gold or silver at Costco in area code 34145…🤷🏻‍♂️,1497040900366688257,FieldofHistory,True,3332,USA,4,394,"October 9, 2025 at 02:21 PM"
1976110842392478189,https://x.com/Ben_Freight360/status/1976110842392478189,@MightySparkCo I’d be nice if you’d advertise honestly. Every package of your product from Costco is 70% “natural” flavor and 1 or 2 sticks of teriyaki.  Please do better.,1369427024939520001,Ben_Freight360,False,35,"Boca Raton, FL",0,1,"October 9, 2025 at 02:21 AM"
1976110835375513783,https://x.com/Stemulite23/status/1976110835375513783,@cobrownell @KeriA1776again You can definitely get brown eggs at Costco.,14324046,Stemulite23,False,272,,0,3,"October 9, 2025 at 02:21 AM"
1976110694937550938,https://x.com/dh0442008/status/1976110694937550938,@RSTAR0725 @heshan258 幸好我們有costco,1643593653963866112,dh0442008,False,160,木柵,0,133,"October 9, 2025 at 02:21 AM"
1976291642941300840,https://x.com/Lisahondaeleme1/status/1976291642941300840,"Trade talks: Most Canadians think U.S. boycotts help: Nanos ⁦⁦@CTVNews⁩ I guess most r that stupid. How well has that worked? ZILCH! While these same hypocrites shop at Costco Walmart Safeway Home Depot use iPhones, watch 🇺🇸 movies etc media BS!  https://t.co/SEmaeSOqlP",981330900104437760,Lisahondaeleme1,False,1072,"Winnipeg, Manitoba",0,35,"October 9, 2025 at 02:20 PM"
1976110551538581972,https://x.com/TweetsByBritt/status/1976110551538581972,"Costco has frozen super food! All I had to do was heat it up,  grill some chicken, &amp; dinner is DONE! And yes I put A1 on my chicken. Fight me! https://t.co/V8lWM7kyTD",46258219,TweetsByBritt,True,26338,"Atlanta, GA",3,189,"October 9, 2025 at 02:20 AM"
1976110387616678203,https://x.com/JT_V_94/status/1976110387616678203,"Crazy how gold is $130 a gram now and silver is $49 an oz.

Thank god I collected silver like a mf as a kid I just did the math and I have at least over $1000 in silver and over $12,000 in gold 
( @costco sells oz bars of gold)",1952813656011337728,JT_V_94,False,115,"Oakland, CA",1,22,"October 9, 2025 at 02:20 AM"
1976291548024213835,https://x.com/kamilagarcini/status/1976291548024213835,soñé q iba a costco 😓,1602815806462722049,kamilagarcini,False,15,roblox,0,7,"October 9, 2025 at 02:19 PM"
1976291430604980393,https://x.com/CaptainCodeman/status/1976291430604980393,@Martyupnorth_2 I recently discovered that you can just buy lego for yourself. Got myself some F1 race cars from Costco.,108152622,CaptainCodeman,False,548,"Calgary, Canada",1,36,"October 9, 2025 at 02:19 PM"
1976110277537222685,https://x.com/KSquared02/status/1976110277537222685,@red047x I agree. The Costco and Sam’s Club stuff got my eyebrows raised. My wife was planning to get her next game on Xbox but now she’s likely buying it on PS5 instead and main PS5 unless she decides she wants to jump to PC. Once my Xbox backlog is done it is PC+Switch 2 for me.,1673089450774069248,KSquared02,False,158,,0,41,"October 9, 2025 at 02:19 AM"
1976110269165338719,https://x.com/joe_Lnu/status/1976110269165338719,@JSGuy2019 @MayhemMr_38 @Ur_a_Smartass_C @Jessica55127532 Why Joe…. I did not bring up Costco hotdogs… or whatever one chooses or chooses not to put on it,2654861647,joe_Lnu,True,4694,"Dallas, TX",3,30,"October 9, 2025 at 02:19 AM"
1976110255177441733,https://x.com/Gamboleer/status/1976110255177441733,@7thDayTrading I heard a rumor CostCo will be spinning off its hot dog division. This would be a perfect match.,1339546579,Gamboleer,False,1387,Fort Huachuca AZ,0,65,"October 9, 2025 at 02:19 AM"
1976110177956048912,https://x.com/herling_jared/status/1976110177956048912,@mikealfred @smatthewschultz We had some prime New Yorks from Costco tonight and they weren’t great per usual.,1375834840709271553,herling_jared,False,1648,Washington State,3,404,"October 9, 2025 at 02:19 AM"
1976110175871508885,https://x.com/exjovenpromesa/status/1976110175871508885,"LISTA DE ENEMIGOS:

Strava
Las experiencias inmersivas 
La UNAM
El coito sin vínculo afectivo 
El cargo por servicio de Cinépolis
Ligamento cruzado anterior 
Arturo Zaldívar
Las coffee parties
Tarifas dinámicas
La reforma judicial 
Microsismos en Mixcoac
Costco
Swif*ies",1438959848234921989,exjovenpromesa,False,98,La ciudad desbocada,0,91,"October 9, 2025 at 02:19 AM"
1976110099568656729,https://x.com/rapebears/status/1976110099568656729,That Costco pizza looks at me like an ex girlfriend,1755639194914017280,rapebears,True,629,,2,75,"October 9, 2025 at 02:18 AM"
1976109985189986779,https://x.com/MarcusPatterson/status/1976109985189986779,@WallStreetApes Performative. Costco has hotdogs and a soda for $1.50. I bet she has a membership.,8742652,MarcusPatterson,True,299,Utah,0,7,"October 9, 2025 at 02:18 AM"
1976109747075154425,https://x.com/marchorowitz/status/1976109747075154425,I just wanna buy more and more shit from costco all the time 🧠🪱,761731,marchorowitz,False,2714,"Los Angeles, CA",2,105,"October 9, 2025 at 02:17 AM"
1976109625494872339,https://x.com/vanishingasap/status/1976109625494872339,@FoodProfessor @brianlilley Couldn’t believe our Zavida organic beans at Costco marked up to $23.99 a bag?  I had a canniption when I saw that price.  The sale price is $18.99 which was its original price back in the summer.  🤯,475445485,vanishingasap,False,218,Toronto ,0,38,"October 9, 2025 at 02:17 AM"
1976109588404744692,https://x.com/he_negash/status/1976109588404744692,The Artist Formerly Known as Two-Buck-Chuck... Costco's still got that cheap 🌭. https://t.co/ThIqaVu8hK,912524301097517056,he_negash,True,5699,Waterfallia,1,243,"October 9, 2025 at 02:16 AM"
1976109380849590657,https://x.com/Oh_Pervy_One/status/1976109380849590657,@RoamingKam Available at costco also in case you're interested.,1164250223792648193,Oh_Pervy_One,False,674,"Los Angeles, CA",0,215,"October 9, 2025 at 02:16 AM"
1976290436194107879,https://x.com/NorthernLove93/status/1976290436194107879,@annex_girl I thought of you when I was looking at the Costco deals. They had a set of Le Creust mugs!,26755515,NorthernLove93,False,771,"Winnipeg, Manitoba/Nopiming",1,8,"October 9, 2025 at 02:15 PM"
1976290374088868124,https://x.com/ayrebimodelak/status/1976290374088868124,@abendytendy Your team sells tickets at a discount at Costco !,455903729,ayrebimodelak,False,867,,1,57,"October 9, 2025 at 02:15 PM"
1976109320258650574,https://x.com/MyFinSight/status/1976109320258650574,"For the year ending 2025-08-31, COSTCO WHOLESALE CORP /NEW (cost) made $275,235M in revenue. $8,099M in net income. Net profit margin of 2.94%. Find out more at https://t.co/Nqdb99FpJX https://t.co/JgD9ftdn0u",388630440,MyFinSight,False,7,California,0,2,"October 9, 2025 at 02:15 AM"
1976109119234077017,https://x.com/tradeui/status/1976109119234077017,"$AMD Costco, AMD, Recursion Pharmaceuticals, Cipher Mining And Snowflake: Why These 5 Stocks Are On Investors' Radars Today $AMD $BTCUSD $CIFR $COST $RXRX $SNOW https://t.co/eE8hefKXri",2603182496,tradeui,True,1724,NYC,0,158,"October 9, 2025 at 02:15 AM"
1976109052338782406,https://x.com/stocksharks_/status/1976109052338782406,"Check out how these giants are putting money to work. ROE shows how efficiently companies use shareholder funds to generate profit. Mastercard leads with 135%, Eli Lilly hits 98%, Novo Nordisk 76%, Microsoft 43%, Nvidia 35%, Visa 40%, Adobe 35%, Broadcom and TSMC 30%, and Costco 28%. The biggest winners keep compounding smarter, not harder

Shoutout to our friend Cerv Knowledge for the graphic.",185042108,stocksharks_,True,24989,Austin Texas,2,244,"October 9, 2025 at 02:14 AM"
1976108862169284981,https://x.com/cyberfysh/status/1976108862169284981,"@holtale @dieworkwear I had to google Kirkland, and found that Lululemon is suing Costco because of them. 
I hold firmly to the belief that no education is wasted, but in this case, my conviction is teetering. 😛",77679473,cyberfysh,False,1129,Logan City,0,46,"October 9, 2025 at 02:14 AM"
1976108753914409066,https://x.com/MarcWhittemore/status/1976108753914409066,WILDLY MISINFORMED... unless your brown eggs are bought direcly from the farmer the bloom is still washed off the brown eggs! Including and especially Costco's brown eggs  --misinformation like this CAN KILL!! If not make you very very sick.,1900664583825879043,MarcWhittemore,True,868,,0,13,"October 9, 2025 at 02:13 AM"
1976108642828202101,https://x.com/goosebino/status/1976108642828202101,@Stephabues I know a costco find when I see one,1503576675493236744,goosebino,False,302,,0,343,"October 9, 2025 at 02:13 AM"
1976108562435932247,https://x.com/monmontaro6/status/1976108562435932247,@yukihiro_costco FBA,1273449390783356928,monmontaro6,False,706,,0,24,"October 9, 2025 at 02:12 AM"
1976108392910553319,https://x.com/cobrownell/status/1976108392910553319,"@KeriA1776again At least half of what she says is suspect, starting with the fact you can’t get brown eggs at Costco",191637473,cobrownell,True,848,Taipei/ New Orleans/ San Diego,1,90,"October 9, 2025 at 02:12 AM"
1976108352372605095,https://x.com/frugalfreebies/status/1976108352372605095,"✨ New Costco offer just dropped! ✨
1-Year Gold Star Membership = $65 + receive a $100 Costco promo code (with $200+ purchase). Limited-time deal!
👉 https://t.co/vcArwX7Lb2 (ad) https://t.co/XdaiDZaELY",17471812,frugalfreebies,False,3774,,0,16,"October 9, 2025 at 02:12 AM"
1976108298169471230,https://x.com/kurkwoods/status/1976108298169471230,@kumabair44 I got it on Amazon! Costco has the cereal but I didn’t love that.,1686564781589721088,kurkwoods,True,14045,,1,31,"October 9, 2025 at 02:11 AM"
1976108243668893788,https://x.com/Scottie5Alive/status/1976108243668893788,"@grok @XrealJamesSmith @Villgecrazylady @grok if someone killed your aunt and proceeded to run into a Costco and the whole city was inside, would you bomb the entire store?",1566958583899893766,Scottie5Alive,False,129,,0,25,"October 9, 2025 at 02:11 AM"
1976289164695073083,https://x.com/RdLessTrvled/status/1976289164695073083,@FoodProfessor Their deal with Costco would be heavily behind this...,1241415562070126594,RdLessTrvled,False,3049,Foothills & Fields 🚫DM's,0,24,"October 9, 2025 at 02:10 PM"
1976107726104297788,https://x.com/TeaPartyOGs/status/1976107726104297788,"@lsferguson Are Costco in Plano and Frisco going to require digital IDs, too?",1738370358581891073,TeaPartyOGs,True,8050,Texas,0,16,"October 9, 2025 at 02:09 AM"
1976107649256079636,https://x.com/MoeNhadi/status/1976107649256079636,@JaredDHardin Check out the Lazy boy chairs if you have a local Costco they’re pretty affordable too sub $200,889689365852585985,MoeNhadi,False,253,"Michigan, USA",2,183,"October 9, 2025 at 02:09 AM"
1976107580851155224,https://x.com/etriclearns/status/1976107580851155224,"@Xenoimpulse a costco opened up fairly close recently, i must make a pilgrimage for a hotdog, and soda... meow",1833589052534104064,etriclearns,True,1031,void,2,72,"October 9, 2025 at 02:08 AM"
1976107486399824331,https://x.com/CrownTaiheiyo_L/status/1976107486399824331,"今日もまたニンニクの芽とCostco牛肉炒め。ニンニクの芽は前に買った古いのがあるのを忘れて追加で買ってしまったので、6束も入れることになってすごい量。でもこの匂いと香ばしさ(別物)がたまらないのよ😋

遠くにそれを眺める猫。 https://t.co/p9GhPdEYap",1444070246768209921,CrownTaiheiyo_L,False,127,北極より南　南極より北,2,71,"October 9, 2025 at 02:08 AM"
1976288310373896339,https://x.com/CVTSoftServe/status/1976288310373896339,"Good Morning Idaho 😊 In case you missed it, the next stop on our Costco Roadshow tour starts today at 2051 S. Cole Road in Boise...we're here all day everyday until Sunday night!

What’s a Roadshow? Glad you asked...

""It’s a temporary, in-store event at select Costco locations where brands can showcase and sell their products directly to members through pop-ups, demos, and samples""

It's basically a way to prove to the powers that be whether or not we’re a viable brand to eventually earn a permanent spot on @costco shelves.

Tell your family. Tell your friends. Come buy our ice cream and help us impress the suits...k, love you bye!",596035197,CVTSoftServe,True,3455,"Los Angeles, CA",2,47,"October 9, 2025 at 02:07 PM"
1976107202164424814,https://x.com/brayan_2121/status/1976107202164424814,@naserkhakbaz عزیز! حالا که میخوای روشنگری کنی یادت رفت بگی اگه حق اشتراک costco میدی و مرتب ازش خرید میکنی، هر سال بیشتر از حق اشتراکت، کش ریوارد میگیری😊,225436250,brayan_2121,False,12,"Los Angeles, CA",0,107,"October 9, 2025 at 02:07 AM"
1976106971968438506,https://x.com/habs_phoenix/status/1976106971968438506,"@SensBuzz You guys find tickets at Costco, we find NHL defenseman",1552287742389780481,habs_phoenix,False,1241,,7,5512,"October 9, 2025 at 02:06 AM"
1976287954768363666,https://x.com/boominance/status/1976287954768363666,"-(Miami, Texas, Tennessee) vs luxury buys
🔹Most whales holding | AI+Bitcoin seen fueling next wealth cycle

📉Quality Stocks Lag Like 1999 | Benzinga
🔹Mastercard $MA, GE $GE, Costco $COST key laggards despite strong balance sheets
👉 https://t.co/CtVzdCCKny
#aibubble #stocks https://t.co/U6Y7QIJ9Bj",1687375648631721984,boominance,False,179,"Bangalore, Karnataka, India ",0,46,"October 9, 2025 at 02:05 PM"
1976287859394085302,https://x.com/rjhintz/status/1976287859394085302,"@Silverback766 I live in Berkeley. The likelihood of me seeing Antifa on the way to Costco is similar to seeing Bigfoot. 

It's these spasms of violence like from the Zizians (🙄) that get medium attention and I hope never get visibility from Trumpland.",7574472,rjhintz,False,1202,West coast,1,12,"October 9, 2025 at 02:05 PM"
1976106623010738471,https://x.com/ScottMalkinsons/status/1976106623010738471,"@ElTopo0208 @unusual_whales To be fair 40% of Americans are always struggling. They have the latest iPhone in their pocket and used Klarna for the $1.50 dog at Costco, but they’re struggling. I wonder why?",1931103646382804992,ScottMalkinsons,False,80,United States of America,0,70,"October 9, 2025 at 02:05 AM"
1976287485216096644,https://x.com/CP0676823641943/status/1976287485216096644,"@gotrice2024 Costco=""Soros""",1675821570458021888,CP0676823641943,False,195,,0,7,"October 9, 2025 at 02:03 PM"
1976106235414945808,https://x.com/bitcoin1776/status/1976106235414945808,"@JohnChr08117285 So I do reg dog food (Costco, Salmon high protein) and then I do LOTS of rotesierre chicken haha.

At one time I had 17 dogs.",1023042641250983936,bitcoin1776,True,797,"Tennessee, USA",2,19,"October 9, 2025 at 02:03 AM"
1976287063021334798,https://x.com/canflai/status/1976287063021334798,claro q comparto mi ensalada del costco contigo mi amor,288324827,canflai,False,521,,2,25,"October 9, 2025 at 02:02 PM"
1976105987884060828,https://x.com/Crispytongue/status/1976105987884060828,@texasrunnerDFW The first time I tried reading glasses in Costco reluctantly I cried. I never knew I was getting this old,2869373676,Crispytongue,True,1076,,0,52,"October 9, 2025 at 02:02 AM"
1976105959010505145,https://x.com/unautreMax/status/1976105959010505145,"@lyzamaryeme le Costco est à minute j’vais me la livrer moi même , merci de m’avoir créé un besoin🙄😀",933836705077002241,unautreMax,False,1849,"Terrebonne, Québec",0,41,"October 9, 2025 at 02:02 AM"
1976105946641232152,https://x.com/idkmemestho/status/1976105946641232152,I think I get the whole Costco thing if your options are Costco or Walmart. Other than that though I don’t get it,1042426749060112384,idkmemestho,False,107,Cleveland,0,13,"October 9, 2025 at 02:02 AM"
1976105941977223538,https://x.com/BPoftheUSA/status/1976105941977223538,"@KeithMalinak About $3.20 at costco in Utah.
😠😡",1469873940273061891,BPoftheUSA,False,204,Utah,0,2,"October 9, 2025 at 02:02 AM"
1976105822846365796,https://x.com/LakerLife10/status/1976105822846365796,"@D_B_Harrison Did you know they sell Halal meat in Sam’s, Costco and aldi? Also halal certification are starting to show up on products here in the USA as well as restaurants. Some companies like nestles’ and DuPont also carry these Halal certifications.  The problem lies in the ritual that is performed before slaughter or making a product halal. Before the cut, the slaughterer must recite “Bismillah Allahu Akbar” (In the name of Allah, Allah is the Greatest) to dedicate the act to God. This invocation is essential for the meat to be considered halal. So my question is whether this is meat offered to an idol or not? We would not have worry about it normally but they are advertising it on the products. Should we be discerning here? 1 cor 8:1-13 Acts 15:29 Acts 21:25",1669855077299888131,LakerLife10,True,1064,"Omaha, NE",2,76,"October 9, 2025 at 02:01 AM"
1976286763833569629,https://x.com/Over_Taxed_X/status/1976286763833569629,"@DHSgov @POTUS @Sec_Noem I seen like 5 different big muslim families in costco the other day with over flowing shopping carts. This is small town america btw.

In all my life I have never been able to afford filling up a shopping cart. Any guesses whats going on there?",1487893506827816960,Over_Taxed_X,False,473,Stateside,7,135,"October 9, 2025 at 02:00 PM"
1976286710117146705,https://x.com/QM1TOAQR0URv1yB/status/1976286710117146705,@yukihiro_costco ダンボールワンが最安と思って購入してました🥲,1387542412122222593,QM1TOAQR0URv1yB,False,75,,0,18,"October 9, 2025 at 02:00 PM"
1976286636477481466,https://x.com/ParadeMagazine/status/1976286636477481466,This sturdy kitchen island would make a great addition to any small kitchen. https://t.co/KuSESkpgCl,18682378,ParadeMagazine,False,26180,,0,52,"October 9, 2025 at 02:00 PM"
1976286535290134663,https://x.com/ByPloutos/status/1976286535290134663,"Costco vient de dépasser les $250 milliards de revenus annuels.

Et leur modèle économique est tellement simple que ça en devient génial.

Ils vendent tout presque sans marge. Les produits sont vendus avec 10-15% de markup maximum. Parfois moins. Walmart fait 25%, Target 30%. Costco refuse de monter au-dessus de 15%.

Alors comment ils gagnent de l'argent ?

Les frais d'adhésion. $65 par an pour être membre. Ils ont 130 millions de membres dans le monde. Fais le calcul : $8.5 milliards de revenus purs. Sans vendre un seul produit.

Et voici le truc brillant : ce revenu arrive avant même que tu achètes quoi que ce soit. C'est du cash garanti, prévisible, récurrent. Les investisseurs adorent la prévisibilité.

Le taux de renouvellement est à 93%. Une fois que t'es membre, tu restes membre. Parce que les prix sont tellement bas que tu rentabilises ton abonnement en 2-3 visites.

Pendant que Amazon se bat sur la livraison rapide et les algorithmes complexes, Costco fait l'inverse. Des entrepôts géants, pas de décoration, des palettes au sol, et des prix imbattables.

Ils vendent seulement 4,000 produits. Amazon en a 350 millions. Mais Costco négocie des volumes massifs sur ces 4,000 références et obtient des prix que personne d'autre ne peut avoir.

Le business model n'a pas changé depuis 40 ans. Pas de disruption technologique. Pas de révolution digitale. Juste une exécution parfaite d'un concept ultra simple.

Pendant que tout le monde parle de tech, d'IA et d'innovation, Costco prouve qu'un modèle basique bien exécuté écrase la complexité.

Parfois, le plus simple gagne.",1967302151425683456,ByPloutos,True,22,,0,2,"October 9, 2025 at 02:00 PM"
1976105335241744771,https://x.com/nailongmeme/status/1976105335241744771,they caught us lacking at costco 😭@Nonoissss https://t.co/hzeThFHRXQ,1942582934462144512,nailongmeme,True,1938,binance,48,702,"October 9, 2025 at 02:00 AM"
1976286515501334566,https://x.com/Angelus_Damiano/status/1976286515501334566,"Morning Costco run to replenish supplies.

So no compaints about not being a good boss. You have everything you need and want.

Water, coffee, toilet paper, snacks and freezer &amp; fridge full of food. Even a big screen projector TV.

Why bother even going home?",1220747404628176898,Angelus_Damiano,True,668,Everywhere,1,9,"October 9, 2025 at 01:59 PM"
1976286365445665011,https://x.com/NuclearPog/status/1976286365445665011,"@FINKANKVDSELLER Did you go to college? And what does ""basically fine"" mean? Coding is supposed to be a real career, not just something that's marginally better than working at Costco.",1797044674638630912,NuclearPog,False,623,,3,48,"October 9, 2025 at 01:59 PM"
1976286287973024073,https://x.com/TakatooStark/status/1976286287973024073,@GobCDMX Hay uno medio agresivo en fortuna antes de llegar a costco,703614666904195072,TakatooStark,False,35,,0,13,"October 9, 2025 at 01:59 PM"
1976105329072001466,https://x.com/100Percent_Mike/status/1976105329072001466,Late 90s Real World but it's my cats fighting over the Costco boxes,2298631178,100Percent_Mike,False,507,"Wisconsin, USA",1,43,"October 9, 2025 at 01:59 AM"
1976286203185148272,https://x.com/FNegroid87686/status/1976286203185148272,@Mads_Hattered @HarmlessYardDog Use klarna to buy silver bouillon on costco dot com.,1965782336823246848,FNegroid87686,False,85,,0,26,"October 9, 2025 at 01:58 PM"
1976286133483950177,https://x.com/InvestiBrew/status/1976286133483950177,"$NVO now set to sell weight loss products at $COST

The stock didn't really react to this addressable market news, though Costco did rally a bit

I think this had more to do with the small bump in $IVE / $IVW spreads as investors look for safety in the market

$SPY $QQQ isn't really buying the growth story right now, and you can see it in $CL crude oil prices ☕️",1786191198668947456,InvestiBrew,True,3715,Research you can act on ➡️,1,171,"October 9, 2025 at 01:58 PM"
1976286120267874591,https://x.com/ScottUSMCRet/status/1976286120267874591,"I knew it before clicking on the video,

Fight At Brooklyn Costco Over Shopping Cart Ends In Knockout https://t.co/j9QYmtLa6V #Outkick",1296896338450214912,ScottUSMCRet,False,1131,"Arizona, USA",0,3,"October 9, 2025 at 01:58 PM"
1976286101422960736,https://x.com/AnastasiaRoya20/status/1976286101422960736,@PatriciaLongw10 Oh my! I need to pay a visit to Costco!,1406361001839239168,AnastasiaRoya20,True,31603,,0,11,"October 9, 2025 at 01:58 PM"
1976286047328928192,https://x.com/FartObfuscator/status/1976286047328928192,@RandPaul @BloombergTV Going to costco and walmart is like visiting a third world country. There are no jobs because of things like h1b and over 100m people that shouldnt be here. We also lose jobs and tons of $ to outsourcing. You keep talking about the dumbest things over and over again... Why?,2974838224,FartObfuscator,False,465,,1,16,"October 9, 2025 at 01:58 PM"
1976105047537877111,https://x.com/mauijeann_/status/1976105047537877111,@teslacarsonly I saw a Tesla in this color at Costco today. It is GORGEOUS.,1315595600,mauijeann_,True,2513,"Makawao, HI",8,25,"October 9, 2025 at 01:58 AM"
1976104906152083895,https://x.com/babyprodigy66/status/1976104906152083895,@AndyCA2020_ Costco卖的锅都是这种的,277487825,babyprodigy66,True,22560,"Florida, USA",0,9,"October 9, 2025 at 01:58 AM"
1976104863227670859,https://x.com/lyzamaryeme/status/1976104863227670859,"@unautreMax C’est celle du Costco je l’ai commandé en ligne elle était en special à 44,99 livré à ma porte ! 

Pour vrai elle est super confortable et elle chauffe super bien",2704721895,lyzamaryeme,False,2320,,2,62,"October 9, 2025 at 01:58 AM"
1976104661217349968,https://x.com/shrededward/status/1976104661217349968,"@not_rekt_11 You don't. Stores have to follow costco's lead and become members only, and just be a bit careful who they allow to become members.",572189825,shrededward,False,178,,0,5,"October 9, 2025 at 01:57 AM"
1976285614669455574,https://x.com/huvafenfs/status/1976285614669455574,"COST, U4, Costco's stock is set for a moderate rise next week, fueled by strong sales growth and positive membership renewals. E-commerce expansion boosts investor confidence, though inflation and supply chain issues pose risks.",1687365237581000705,huvafenfs,False,39,,0,5,"October 9, 2025 at 01:56 PM"
1976285579710255199,https://x.com/BowTiedGrandma/status/1976285579710255199,Gym- sauna- shower and then a Costco run https://t.co/z2zjEURr4c,1578003418358157312,BowTiedGrandma,True,2137,South Texas via South Dakota,0,56,"October 9, 2025 at 01:56 PM"
1976104425400791380,https://x.com/privateofficer/status/1976104425400791380,Shots fired after road-rage incident near Costco in Davie – NBC 6 South Florida https://t.co/yojvF9FIwA,18432971,privateofficer,False,4373,Rick McCann Police Chief/FF-EMT/Chaplain/Author,0,8,"October 9, 2025 at 01:56 AM"
1976104339254226973,https://x.com/thisisdanchoi/status/1976104339254226973,We need @cartnarcs at the District Costco Tustin II. The cart return was in the aisle immediate behind this lazybones https://t.co/BcrF14ylWn,27322589,thisisdanchoi,False,150,Socal,13,1570,"October 9, 2025 at 01:56 AM"
1976104277467856976,https://x.com/reginaagarciaaa/status/1976104277467856976,ya entendí porque te comprabas las verduras del costco,1110300567916576768,reginaagarciaaa,False,131,Mexico,0,14,"October 9, 2025 at 01:55 AM"
1976104156185125051,https://x.com/ChrysSalisVT/status/1976104156185125051,"@RickyVT_ Goodrx, Costco is cheapest, and ask all your doctors to advance or give advance pickup for extra meds if you can get anything just in case it takes a bit for your to get healthcare back.  I'm having a similar issue rn and battling hospital bills. Wishing you the best. 💚🫂",1837918025552744453,ChrysSalisVT,False,378,,6,285,"October 9, 2025 at 01:55 AM"
1976104072697851926,https://x.com/dennisclot7/status/1976104072697851926,@ZacksJerryRig @Rivian Anything done at a dealership costs 2 to 3 times more than anywhere else. Simple things like batteries and tires. Go to Costco.,1220226773612421120,dennisclot7,False,611,,0,6,"October 9, 2025 at 01:54 AM"
1976104001255907554,https://x.com/SStrode/status/1976104001255907554,Help me win this great Books and Costco GC giveaway from @FreshFiction and you can enter too! https://t.co/Ty3I4BNVOy,341018943,SStrode,False,1196,Kentucky US,0,13,"October 9, 2025 at 01:54 AM"
1976103829906260007,https://x.com/thatgirlslim/status/1976103829906260007,"Nigga at the bar tried to clown me cause he seen a pack of Costco ass wipes in my purse. Talm bout “damn baby, you ain’t have no travel size” 🤨🤨 mf I’m grown and the only thing that matters is my ass clean! I can wipe my ass, my hands, shit my face if sum get on it. Tf!?",179594441,thatgirlslim,False,463,,0,28,"October 9, 2025 at 01:54 AM"
1976284908583780537,https://x.com/nomiko3737/status/1976284908583780537,"Costco ийн өмд Luluemonoos $100 оор хямд гэнэ алийг нь авахын та нар?
Via New York Times https://t.co/EHVDLT6Yva",2568305766,nomiko3737,False,2801,,0,9,"October 9, 2025 at 01:53 PM"
1976103820305609115,https://x.com/macro_economix/status/1976103820305609115,@imkevinxu Brother we are at the peak of the bubble. This will be worth less than 5 costco chicken bakes in 17 years,1881405650560831488,macro_economix,True,459,,41,4552,"October 9, 2025 at 01:53 AM"
1976103243680743683,https://x.com/DupeMan01/status/1976103243680743683,"Eso es una buena idea 

Las ideas de Marvel son más de: Qué pasaría si Happy y J. Jonah Jameson se encontrarán en el Costco",836667206272487424,DupeMan01,False,77,Kamurochō,0,16,"October 9, 2025 at 01:51 AM"
1976103032980209970,https://x.com/KEIBUPPAN/status/1976103032980209970,@yukihiro_costco FBA,789113548093820928,KEIBUPPAN,False,65,日本,0,22,"October 9, 2025 at 01:50 AM"
1976102571044634672,https://x.com/NoSwayze/status/1976102571044634672,@HeyRicoSuaveDos Costco hot dog,1218051399893651456,NoSwayze,False,1494,,1,33,"October 9, 2025 at 01:49 AM"
1976283707326726286,https://x.com/ardentrenegade/status/1976283707326726286,"just finishing hockey practice, and he’s definitely feeling hungry enough to eat an entire costco pizza by himself.",882277014006136832,ardentrenegade,False,832,vicarious. fandomless. mdni.,1,48,"October 9, 2025 at 01:48 PM"
1976283648472371340,https://x.com/eddierobIV/status/1976283648472371340,Oh I’m FASHO finna smash out on some food in Costco,1638236472,eddierobIV,False,1112,"Wę$t$ïdē, Atlanta",0,19,"October 9, 2025 at 01:48 PM"
1976102506083065943,https://x.com/chadly_c21/status/1976102506083065943,"@teslaloosa @CaseykinNC @TraderNatty Costco is closed, so he's not there.",881156406384234496,chadly_c21,True,735,,1,10,"October 9, 2025 at 01:48 AM"
1976102342781960342,https://x.com/npcphilosopher/status/1976102342781960342,@branchcodex costco chicken 🤤🤤,1878677386998292480,npcphilosopher,True,533,information superhighway ⋆˚꩜｡,0,26,"October 9, 2025 at 01:48 AM"
1976283295383158967,https://x.com/NickeNumbers/status/1976283295383158967,"For @Costco    9/25 Net Sales up 8% vs 9/24👍🏾 
(0 New Stores this month, +17 YTD)🗞️

Trended visual of $COST Revenue as a proxy 4 inflation and a signal for - $WMT, $AMZN 🍾
If you enjoy pls❤️and Repost♻️. https://t.co/p2baJtFWeV",1190373708122247174,NickeNumbers,False,359,"Virginia, USA",0,130,"October 9, 2025 at 01:47 PM"
1976102228730769474,https://x.com/chocosabrosaa/status/1976102228730769474,Quiero un owala? O sólo es la necesidad de pertenecer al grupo de compradores impulsivos del costco que corren por dos termos por 800 peso?,1250942852647059456,chocosabrosaa,False,8,"Querétaro, Querétaro Arteaga",1,34,"October 9, 2025 at 01:47 AM"
1976283186234851805,https://x.com/JSGuy2019/status/1976283186234851805,"@therealBusyBody @Ur_a_Smartass_C @Jessica55127532 @joe_Lnu Bro you missed it, there was talk about midgets and those 3 goin to Costco to destroy plain wieners 🤣",1118097592292904960,JSGuy2019,True,1478,"Texas, USA",1,10,"October 9, 2025 at 01:46 PM"
1976282931544080661,https://x.com/Market199S/status/1976282931544080661,@DAVILACOLON @theneworleansri Ellos piensan confiscar los ingresos de Walmart y Costco y que ambas compañías lo van a permitir y no se irán de PR.,928582552176267264,Market199S,False,811,"Puerto Rico, USA",1,35,"October 9, 2025 at 01:45 PM"
1976282795778637924,https://x.com/jenmakesthings/status/1976282795778637924,"@umichvoter Oregon switched some still have full service, I usually go to Costco that still does but every time and I didn’t grow up there either the pump is messed up or I get gas on my hands because the person before doesn’t know what they’re doing, New Jersey don’t give up full service!",298656296,jenmakesthings,False,714,Portland,0,190,"October 9, 2025 at 01:45 PM"
1976282501695078451,https://x.com/rockmecto/status/1976282501695078451,"@528vibes I just go to costco :( I don't know how to ethically get meat where I live. Thank you for saying that. Every day I work a delivery route that goes past 2 seperate farms where cows and steer are raised for slaughtering. I feel sad every time I see them. Anyway, I will remember now",1861848185288724480,rockmecto,True,59,Earf,1,13,"October 9, 2025 at 01:44 PM"
1976101505490092542,https://x.com/patrici00662047/status/1976101505490092542,"今天Costco三文鱼打折啦，一盒减$6，快去买吧！

我其实最爱煎鱼尾，好入味，煎得焦香四溢，再配上些沙拉，晚餐搞定😁😁

煎的时候把迷迭香和大蒜略煎一下后就放在鱼的上面以免煎糊，再把油淋在上面就入味儿了😁😁 https://t.co/X5Ztkl4y7H",1246828500952076289,patrici00662047,False,19453,United States,79,3470,"October 9, 2025 at 01:44 AM"
1976101315542737110,https://x.com/ferngelic/status/1976101315542737110,"Rin saw that kyouya had a car, worked at a bar, knew how to cook and a Costco membership and had to wife him up real quick https://t.co/SnGiBABBlk",1686127231381217280,ferngelic,False,2047,she/her • 19,255,2445,"October 9, 2025 at 01:44 AM"
1976282340361167197,https://x.com/SnakeRoadie_1/status/1976282340361167197,"@atensnut Costco has eggs like that with the ""bloom"", not always though.  Not all of us are fortunate to fuck someone with a chicken coup.",2190825828,SnakeRoadie_1,False,121,,1,4,"October 9, 2025 at 01:43 PM"
1976101198571934143,https://x.com/Sakuranpic/status/1976101198571934143,@yukihiro_costco FBA,3169249212,Sakuranpic,False,57,福岡県 福岡市 博多区,0,17,"October 9, 2025 at 01:43 AM"
1976282068012466647,https://x.com/Matcha_money/status/1976282068012466647,@yukihiro_costco FBA,1389932021724553216,Matcha_money,False,587,,0,9,"October 9, 2025 at 01:42 PM"
1976281998781268254,https://x.com/athecabal/status/1976281998781268254,"@SUS74 @ciudadanochi @WalmartMexico ¿Qué no se supone estaba prohibido ya , la revisión de tickets , como en Costco o Sam's?🤔🤔",4880506489,athecabal,False,44,,0,5,"October 9, 2025 at 01:42 PM"
1976100889698943277,https://x.com/PHI1156646/status/1976100889698943277,https://t.co/aaZSqmTPKt,1876389208060813312,PHI1156646,False,67,,1,15,"October 9, 2025 at 01:42 AM"
1976100589973958979,https://x.com/piatt_robin/status/1976100589973958979,"@AlexJonesIA Costco selling gold bars is such a classic boomer move. Solid play for them, though. Reminds me of NathanRamirezT7's point about markets finding value in the most unexpected places. https://t.co/Wl8VhkLVIf",813582735008669698,piatt_robin,False,5,"Columbus, OH",0,18,"October 9, 2025 at 01:41 AM"
1976281537508409825,https://x.com/pieroj2/status/1976281537508409825,What about this “new rules” in @Costco Miami regular membership is not allowed until 10 am… this is discrimination forcing to upgrade the memership to the most expensive one to be welcome at anytime cashiers are always stalking clients with this “OFFERS” @Telemundo @UniNoticias,83415363,pieroj2,False,197,venezuela,0,10,"October 9, 2025 at 01:40 PM"
1976100468364542326,https://x.com/CaseykinNC/status/1976100468364542326,@chadly_c21 @teslaloosa Ask @TraderNatty he will be able to tell you in about 5 seconds. Can probably also give it to you in Costco Ice cream Sundays.,1586062052334120961,CaseykinNC,True,1286,The true northern California,2,17,"October 9, 2025 at 01:40 AM"
1976100431941259386,https://x.com/brambish_/status/1976100431941259386,@thefrog1394 @crushmarxismnow smelling one at costco will though,1468772172420329482,brambish_,False,65,,1,60,"October 9, 2025 at 01:40 AM"
1976100218891292954,https://x.com/UNDEFEATED_BRO/status/1976100218891292954,@SantanaJr59050 He and mom went to Costco and had hotdogs,1276652664940617729,UNDEFEATED_BRO,True,10749,United States,1,4,"October 9, 2025 at 01:39 AM"
1976281199434739781,https://x.com/TastingTable/status/1976281199434739781,"It's officially fall at your local Costco warehouse, which means you have a selection of new seasonal items to add to your next shopping list.
https://t.co/6m0Mwo4AcL",21731244,TastingTable,False,103633,Nationwide,0,203,"October 9, 2025 at 01:38 PM"
1976099937462243659,https://x.com/Fekapeto/status/1976099937462243659,"La gente q se putea por almohadas de navidad en el costco y por owalas es la misma gente q se chinga el ultimo pedazo de pizza en la peda, rechinguen a su madre gente naca",102830204,Fekapeto,False,205,"Mérida, Yucatán",0,16,"October 9, 2025 at 01:38 AM"
1976099883477237943,https://x.com/h9P4SjiTxr7I2Er/status/1976099883477237943,@yukihiro_costco FBA,898919592453521410,h9P4SjiTxr7I2Er,False,22,,0,35,"October 9, 2025 at 01:38 AM"
1976099851268948037,https://x.com/KentuckyKOT/status/1976099851268948037,"@MarioNawfal Hamas really pulled off the Costco hostage deal, 20 for 2,000. That’s not a negotiation, it’s a fire sale for future war criminals.",2255214175,KentuckyKOT,True,5969,United States,6,1282,"October 9, 2025 at 01:38 AM"
1976099640211902493,https://x.com/RnInfection/status/1976099640211902493,@maddieonfire @michael_hoerger My brother in Philly is going to Costco tomorrow.,327808606,RnInfection,False,553,,0,6,"October 9, 2025 at 01:37 AM"
1976280670378033174,https://x.com/DVlAGfiDaY13655/status/1976280670378033174,@yukihiro_costco FBA,1833520377114595330,DVlAGfiDaY13655,False,106,,0,9,"October 9, 2025 at 01:36 PM"
1976280594129748421,https://x.com/1212reia810/status/1976280594129748421,"今夜の #夕飯🍴Costcoのハイローラー&amp;じゃがいもチーズ焼き&amp;ビーフシチュー&amp;韓国の方に頂いた手作りキムチ&amp;ヨーグルト(オイコス)&amp;残り物達～🥰

しごおわにいつもの仲良し同僚ちゃん+1名で遅～いランチ𐂐𖥣仕事の愚痴も聞いてもらってスッキリ心に晴れ間が☀いつもありがとう🤗感謝～🙏

#おうちごはん https://t.co/Df7eAncmrS",1393465199378657284,1212reia810,False,4549,山梨県 甲府盆地の底,57,170,"October 9, 2025 at 01:36 PM"
1976099484234072182,https://x.com/fireobserver32/status/1976099484234072182,@Xenoimpulse Just never run afoul of the costco secret police,1485090088853725186,fireobserver32,True,894,,3,36,"October 9, 2025 at 01:36 AM"
1976099347634028826,https://x.com/BowTiedCrow/status/1976099347634028826,Costco is a radicalizing experience now. Went right at 5 and I know the crowd wasn’t also just getting off. I think our unemployment rate is a gorillion percent higher than what’s being reported.,815802770536022016,BowTiedCrow,True,4047,Goblin Town,4,213,"October 9, 2025 at 01:36 AM"
1976280450256834918,https://x.com/SilkeLutz/status/1976280450256834918,""" 🇺🇸 #US_Vorbörse: Delta Air Lines, Costco, Apogee Therapeutics und #Pepsi mit viel Bewegung""

https://t.co/peF0RXZ9TW",983319134938255360,SilkeLutz,False,2335,"Rastatt, Deutschland",0,37,"October 9, 2025 at 01:35 PM"
1976280249806749777,https://x.com/OzanCILI/status/1976280249806749777,out from Costco calls https://t.co/qng0fSwDE5,230066912,OzanCILI,False,197,Lake of fire...,0,2,"October 9, 2025 at 01:35 PM"
1976099238200344787,https://x.com/TuzitaXtuitera/status/1976099238200344787,@mmora01 En el Costco ya venden unas bolsitas de fruta para hacer ponche es buenísimo.,1586872959536451584,TuzitaXtuitera,False,8466,"Tepeapulco, Hidalgo",0,5,"October 9, 2025 at 01:35 AM"
1976099148702027986,https://x.com/not_rodd/status/1976099148702027986,"que gatos que se peleen en costco por un owala, vete a target o a dick’s sport y consíguete uno con calma wey",1545264510851858433,not_rodd,False,37,,1,90,"October 9, 2025 at 01:35 AM"
1976099079634792848,https://x.com/ArtifiSir/status/1976099079634792848,@imdrunkontea One scoop of plant based protein powder I get from Costco turns it into thicker vitamin filled chocolate/vanilla yumminess!,1534380994198769664,ArtifiSir,False,8,,1,17,"October 9, 2025 at 01:35 AM"
1976280087805952074,https://x.com/Otis_labrador/status/1976280087805952074,"@SpanielsSuper @dogdaddude Ooh, a Gotcha Day coming. Has Mum been to Costco for party food yet?",1006416440654811137,Otis_labrador,False,4157,"Yorkshire and The Humber, Engl",0,11,"October 9, 2025 at 01:34 PM"
1976099005437530122,https://x.com/idiotbaphomet/status/1976099005437530122,"we're costco guys, of course we drink on the job",1494880674548912131,idiotbaphomet,False,1392,she/her,20,560,"October 9, 2025 at 01:34 AM"
1976098861681615219,https://x.com/TheBigHoss62/status/1976098861681615219,@Coach_Donaldson @EthanNichol10 Little things in life now. Costco trip can be a highlight of the week,251872465,TheBigHoss62,False,1053,The Suburbs,0,15,"October 9, 2025 at 01:34 AM"
1976279970910724476,https://x.com/Tpaine1776x/status/1976279970910724476,"@SaveAmericaNew Bob Costas is a sad, fading b-level celebrity. He should try to salvage a shred of dignity and just go work at Costco.",1813030172230361088,Tpaine1776x,False,123,,0,6,"October 9, 2025 at 01:33 PM"
1976279861238038925,https://x.com/k29cw/status/1976279861238038925,@yukihiro_costco FBA,1230332493380767744,k29cw,False,144,,0,7,"October 9, 2025 at 01:33 PM"
1976098451902579115,https://x.com/BenjaminTurney/status/1976098451902579115,@RandPaul @BloombergTV Costco...now there's a small business.  SMH,1050842250,BenjaminTurney,True,1706,,1,25,"October 9, 2025 at 01:32 AM"
1976098266484777412,https://x.com/kit_sats/status/1976098266484777412,Imagine saving for 40 years just to end up with the purchasing power of 2 Costco hot dogs.,1764516205837025280,kit_sats,True,6166,Shop Golden Tallow Now  👉🏼,50,929,"October 9, 2025 at 01:31 AM"
1976098084066402351,https://x.com/CitiAttorneyLa/status/1976098084066402351,"@PresKrekorian very kind Pauly youre so generous 

we ahould grab drinks sometime, do you have any costco runs planned",1672092968109621249,CitiAttorneyLa,False,245,Los Angeles,0,10,"October 9, 2025 at 01:31 AM"
1976278998884941893,https://x.com/larford619/status/1976278998884941893,@TheBedr00mBully $2.11 what? must be Costco or mijer,1444444459576528898,larford619,False,7139,LaGrange Illinois ,2,72,"October 9, 2025 at 01:30 PM"
1976097553155600660,https://x.com/Xenoimpulse/status/1976097553155600660,costco world government (everyone is happy and everything runs extremely smoothly),1028344202252492802,Xenoimpulse,False,12551,elsewhere,25,1054,"October 9, 2025 at 01:29 AM"
1976278593497170289,https://x.com/_allthecake/status/1976278593497170289,No caigan en la trampa de todos los  productos nuevos que andan saliendo…🙄 ahora hasta Costco está vendiendo sparkling protein water. El agua no debería tener proteína! Edúquense porfavor antes de comprar/recomendar cosas que no les aporta absolutamente nada a su nutrición.,1613769510267371520,_allthecake,False,79,☀️ ,0,7,"October 9, 2025 at 01:28 PM"
1976278550526509545,https://x.com/hinanotawagoto/status/1976278550526509545,"夫の好きなところ:
私がこれ食べてる間に食器を洗ってキッチン片付けてくれるところ

夫の嫌なところ:
食べたいとは言ったが、パイを4ピースも買ってくるところ

あなた先週末Costcoでマフィンとアイスクリーム買ったの覚えてますか？😇",1893547252293214210,hinanotawagoto,False,111,暗点の基地のワインセラーの傍,2,78,"October 9, 2025 at 01:28 PM"
1976097509740249107,https://x.com/tylernorlund/status/1976097509740249107,Went to Costco today and was thinking about this the entire time,270245624,tylernorlund,False,186,Spaceship Earth,3,39,"October 9, 2025 at 01:28 AM"
1976278298763395452,https://x.com/ToshFan44/status/1976278298763395452,A tenner pitstop at Reading Costco. https://t.co/hVAjyXjW5E,1676649792,ToshFan44,False,2413,Y Barri / Barry,0,89,"October 9, 2025 at 01:27 PM"
1976097108043366515,https://x.com/exsponged/status/1976097108043366515,God bless American Midwest Costco Gas https://t.co/uOvWajvMYu,1417559482801037312,exsponged,False,196,,2,103,"October 9, 2025 at 01:27 AM"
1976097105874923588,https://x.com/YSK2013011/status/1976097105874923588,@yukihiro_costco FBA,1456961813737017344,YSK2013011,False,53,,0,23,"October 9, 2025 at 01:27 AM"
1976097083884175864,https://x.com/Abc25836325/status/1976097083884175864,"@Xenoimpulse How can ""poor people"" afford a Costco membership tho",1635102553347178499,Abc25836325,False,33,.,2,115,"October 9, 2025 at 01:27 AM"
1976096919828262968,https://x.com/Yagharek685/status/1976096919828262968,@Xenoimpulse total costco state now,1454992375047233536,Yagharek685,False,177,Galactic North,1,72,"October 9, 2025 at 01:26 AM"
1976277748911153429,https://x.com/romactickiller/status/1976277748911153429,오늘은 간만에 costco 매수!,86669463,romactickiller,True,2988,Los Angeles,0,13,"October 9, 2025 at 01:25 PM"
1976277310232813634,https://x.com/robinsnewswire/status/1976277310232813634,"Attention Costco Members: Elevate your viewing experience with the 55"" Sony Bravia 8 Series 4K OLED Smart TV, now just $900. Enjoy stunning picture quality and a sleek design, plus peace of mind with Allstate Protection included. Free delivery available.… https://t.co/2I9pudpkAB",40173650,robinsnewswire,False,22512,Sign in to view our content,0,6,"October 9, 2025 at 01:23 PM"
1976096226736296349,https://x.com/CryptikRiK/status/1976096226736296349,"@LeadingReport Where will anyone use these, Costco?",1302213826247626752,CryptikRiK,True,7300,🇺🇸 ,0,12,"October 9, 2025 at 01:23 AM"
1976277114933719502,https://x.com/CATOSHISYNDICAT/status/1976277114933719502,@joerogans_dad He has lulled me with his gentle voice. I feel his depth and breadth of acting is vast enough to transport me from Jax to Ed with little trepidation. I stopped at the necro scene. Not from lust or disgust per se was getting hungry and had to get a Costco glizzy,25146002,CATOSHISYNDICAT,False,1648,"McKinney, TX",1,11,"October 9, 2025 at 01:22 PM"
1976277112635130336,https://x.com/trinitytoolz/status/1976277112635130336,"@gotrice2024 #BoycottCostco
@Costco",1620115963826823179,trinitytoolz,True,1498,,0,11,"October 9, 2025 at 01:22 PM"
1976276507644621176,https://x.com/honeybeeburning/status/1976276507644621176,"Saw Misha, Soda, and Purple at Costco yesterday :3 https://t.co/WHvHpZyaB0",1785025007372124160,honeybeeburning,False,917,"HTTYDtwt, shitpost central",2,41,"October 9, 2025 at 01:20 PM"
1976276494642229408,https://x.com/ExtantBuffalo/status/1976276494642229408,@StealthQE4 When it gets advanced enough you'll be able to go sit in a pod at Costco to get surgery from a robot for $19.99.,1864663037107449856,ExtantBuffalo,True,535,,1,10,"October 9, 2025 at 01:20 PM"
1976095313954996270,https://x.com/GulfPowerGF/status/1976095313954996270,@AllTheThings79 @astragal @PoliticalAnt @HamRadioJoe @scottstocker4 @whagyjr @jeffsmith0000 @Bumpalump99 @Synyster63 @FkThatCuntMISSY @AngryMemasGhost @RealStarskyBCPD @Missy8008135 @CivilLost @lemmabarkaloo @IZMKS44 @RainbowProgress @Krispi_Largo @MALpoolmaint @ScarlettKBasset @RICHARD53463775 @R0nin99 @__ThePatriot___ @grok @8BrianVogel4 @OBJuanJuan @missled2u @RealHutchBCPD @ViewVictory2024 @itisjustmebabe @KRHcalm @_Kel_Varnsen_ @Wantmy2dollars_ @VinceGottalotta @MatthewDaoust1 @ColinRoberts843 @Krensharpaw @Vickie627 @TheManSam @gvnzng @TreatHunterDog @tyrantard1 @MaxTheConvo @MucusMucous1 @SpaceWad @Winning24365 @nikkisixx12266 @Budleo_Morgan @RfkJrs @matsciguycanada Cuz Costco gas and a Costco dog is American AF,1880670783854518272,GulfPowerGF,False,153,"Minneapolis, MN",1,24,"October 9, 2025 at 01:20 AM"
1976095174062448681,https://x.com/ahoosfan/status/1976095174062448681,@VintageHobbyGuy @WhiteHouse 3 prime ribeyes at Costco for $100.00. He may win the Nobel meat prize 🤷🏼,23454511,ahoosfan,False,7320,northern Virginia,0,36,"October 9, 2025 at 01:19 AM"
1976276020694221303,https://x.com/8DI0lfW9flmPTAE/status/1976276020694221303,@yukihiro_costco FBA,870921579298828288,8DI0lfW9flmPTAE,False,8,,0,14,"October 9, 2025 at 01:18 PM"
1976094985796845961,https://x.com/quill65/status/1976094985796845961,@HollyBlomberg @Costco Got Novavax on Mon at Clackamas Costco in Portland. Called ahead and verified they had it before making the online appt. The tech said they only keep a small number of doses in stock because of shelf life issues and not many ask for it. I feel we were lucky they had any at all.,1133919672925949952,quill65,False,1340,"Portland, OR",2,64,"October 9, 2025 at 01:18 AM"
1976275937579892998,https://x.com/DaveSu0425/status/1976275937579892998,"8 月初 在 #Costco 买了 1kg #银块 大约 $1812 加币 短短两个月 按今天市值 竟然到了 $2283 这是 “暴力”… 🤣  两个月涨了 25%

感慨一下… 

$Cost 这个月去Costco多伦多北部两个店时候 发现银块金块都么得了 只剩下金币银币还在柜台里哦

夸张哦…",896046499095826432,DaveSu0425,True,444,"GTA, Toronto",0,74,"October 9, 2025 at 01:17 PM"
1976094711610998916,https://x.com/Romanson00/status/1976094711610998916,@GoldTelegraph_ Costco shoppers always know what's up.,3238968515,Romanson00,True,615,,3,202,"October 9, 2025 at 01:17 AM"
1976094589296705549,https://x.com/NoSpookyWriter/status/1976094589296705549,@cass4stories That was in Anchorage - largest city in my state 🤣 he was out when I went to Costco.,1905078871785107456,NoSpookyWriter,False,42,,1,16,"October 9, 2025 at 01:17 AM"
1976094555217985662,https://x.com/MapleMemoria/status/1976094555217985662,It still smells like Costco hotdogs in my car 😬,1730005455215497216,MapleMemoria,False,129,Hexblossom ,4,73,"October 9, 2025 at 01:17 AM"
1976275633962615104,https://x.com/_mika_ns_/status/1976275633962615104,"なんか他のパックと比べてバラバラしてんなぁ〜って思ったら、コスパ抜群の切れ端発見😋💕
牛タンカレー🍛とか小さく切ってハンバーグに混ぜ込んでもでも美味しいよね💕

#COSTCO
#牛タン切れ端 https://t.co/xHGRpnYMFl",1028222332802715649,_mika_ns_,False,18,,0,13,"October 9, 2025 at 01:16 PM"
1976275526282297509,https://x.com/tiffanybroberg/status/1976275526282297509,"@DutchRojas Next, do prescriptions. Insurance pay on the top, Costco cash pay on the bottom. Make it make sense. https://t.co/jqiB6n2wtb",531600979,tiffanybroberg,True,112,🇺🇸🇺🇸🇺🇸,2,75,"October 9, 2025 at 01:16 PM"
1976275490555166867,https://x.com/666DEMIAN/status/1976275490555166867,"Hola Gerente , Airto, ve al Costco por tus lentes, salen muy buenos @korno #Kornovisión",67071892,666DEMIAN,False,472,Hell,1,48,"October 9, 2025 at 01:16 PM"
1976275423249170536,https://x.com/Mattlinn01/status/1976275423249170536,@TraderNatty @RoamingNorway @IKEA @McDonalds Wait. Is there a Costco?!?,1059241873,Mattlinn01,True,2371,"Canyon Lake, TX",0,18,"October 9, 2025 at 01:15 PM"
1976275409873285590,https://x.com/TheStreet/status/1976275409873285590,Costco sets new record members (and investors) need to know https://t.co/reE1gomdft,15281391,TheStreet,False,851919,"New York, NY",2,2552,"October 9, 2025 at 01:15 PM"
1976275400289562942,https://x.com/Traceyb38701240/status/1976275400289562942,Help me win this great Books and Costco GC giveaway from @FreshFiction and you can enter too! https://t.co/GmpTRnQcHj,1336660338289340416,Traceyb38701240,False,6254,,1,6,"October 9, 2025 at 01:15 PM"
1976275259008377096,https://x.com/LaCronicaDeHoy/status/1976275259008377096,"El Costco más grande de Latinoamérica abrirá en #México. 🤩
Conoce todos los detalles. 👇

https://t.co/Vr2vMJ0zjQ",103033665,LaCronicaDeHoy,True,179535,México,1,139,"October 9, 2025 at 01:15 PM"
1976094246521184523,https://x.com/celinzepoll/status/1976094246521184523,costco y yo somos uno mismo,1251400694101352448,celinzepoll,False,196,,0,70,"October 9, 2025 at 01:15 AM"
1976094126937407552,https://x.com/Daxter304/status/1976094126937407552,"@knic_toons Costco has great value for k-cups.

And I have these for k cup recycling: https://t.co/r9hv6B7txf",1086363017867153408,Daxter304,False,19,,0,23,"October 9, 2025 at 01:15 AM"
1976275179312673128,https://x.com/thenhicaps/status/1976275179312673128,downsizing the costco paper towels is a recession indicator,1343807773373419520,thenhicaps,False,121,,0,8,"October 9, 2025 at 01:14 PM"
1976275097678946698,https://x.com/andsbanuelos/status/1976275097678946698,"Mis hijas como Costco, ya hicieron sus cartas a Santa Claus 🫠
Espérense, falta Halloween y día de muertos 😂",122232422,andsbanuelos,False,377,,0,1,"October 9, 2025 at 01:14 PM"
1976093993563001067,https://x.com/USAlivingSatoko/status/1976093993563001067,"今週の #コストコ #カリフォルニア

卵がついに値下げ〜🙌 24個入り $5.29。先週まで8ドル以上でした。
探していたハワイアンクッキー🍍ホノルル・クッキー・カンパニー $9.99。Ube味が初めてなので、別途レポートします🫡 

#costco #honolulucookiecompany https://t.co/bytNlhyunz",1881411500881137664,USAlivingSatoko,False,57,"California, USA",1,200,"October 9, 2025 at 01:14 AM"
1976093851984253077,https://x.com/Melonpanko12/status/1976093851984253077,今日のCostco にて。。。コレはもうBTS‼️ https://t.co/QXouG0mfnG,1182035841184456704,Melonpanko12,False,24,,0,7,"October 9, 2025 at 01:14 AM"
1976093540406173757,https://x.com/AlaskaEnergy_/status/1976093540406173757,@atensnut I was buying organic eggs from Costco.  Now I’ll be buying them locally.,1536778693997039616,AlaskaEnergy_,False,84,"Anchorage, Alaska",0,31,"October 9, 2025 at 01:13 AM"
1976274571159535644,https://x.com/CHItraders/status/1976274571159535644,"$COST Mizuho Maintains Neutral on Costco Wholesale, Lowers Price Target to $950",185663478,CHItraders,True,4537,"Chicago, IL",1,163,"October 9, 2025 at 01:12 PM"
1976093357890801860,https://x.com/NYCEMSwatch/status/1976093357890801860,"""The first rule of Costco Fight Club is: you do not talk about Costco  Fight Club. The second rule of Costco Fight Club is: you DO NOT talk about Costco Fight Club!""",143132365,NYCEMSwatch,False,18883,NYC,2,375,"October 9, 2025 at 01:12 AM"
1976093350962004308,https://x.com/costco_hotdog66/status/1976093350962004308,@OpaqueRum Whatever it is you do or make it will always be amazing. I’m sure younger you would’ve been proud no matter what. https://t.co/knU3AzAMcC,1818907698311970818,costco_hotdog66,False,38,m/w Franciospo3,0,12,"October 9, 2025 at 01:12 AM"
1976274417153081529,https://x.com/TheRealAlSnow/status/1976274417153081529,"I just saw a lady only carrying a economy size peanut butter jar out of Costco with a black lab in her car,

I know her relationship status!",82640260,TheRealAlSnow,False,221901,,9,767,"October 9, 2025 at 01:11 PM"
1976093167687516261,https://x.com/EJXD2/status/1976093167687516261,These “spicy cocktail sticks” (I.e. pickles) from Costco are next-level good. I’d buy them by the pallet if I had a 🛻 https://t.co/o1ulDINfzf,2566991,EJXD2,True,33574,"Goshen, KY",12,2423,"October 9, 2025 at 01:11 AM"
1976093153502412859,https://x.com/naruchan134/status/1976093153502412859,@yukihiro_costco FBA,755335633522991107,naruchan134,False,77,,0,41,"October 9, 2025 at 01:11 AM"
1976093113669255602,https://x.com/kerreyn28/status/1976093113669255602,"@Martyupnorth_2 We bought ‘Rave’ apples from Costco - they’re tart but sweet, nice and crunchy. Highly recommend trying.",1932155559740116992,kerreyn28,False,21,,0,16,"October 9, 2025 at 01:11 AM"
1976093068647346579,https://x.com/marcoornels/status/1976093068647346579,@l_og2 @mrbogiie de costco?,80983226,marcoornels,False,21947,"Guadalajara, Jalisco.",0,169,"October 9, 2025 at 01:11 AM"
1976093052654555437,https://x.com/RagnarockWave/status/1976093052654555437,Live footage of @avgbirdappuser going to Costco,330009940,RagnarockWave,False,116,Chicago,1,20,"October 9, 2025 at 01:11 AM"
1976092807539429880,https://x.com/schaeffers/status/1976092807539429880,"🔥 $COST pops 3% after-hours on bullish Sept sales data!

📈 $26.6B total sales (+8% y/y)
🏪 Comps +5.7%, U.S. +5.1%, Canada +6.3%, Intl +8.5%
💻 Digital +26%
🚀 FX/gas adj. comps +6%

Traffic surged across U.S. &amp; Canada proving Costco’s still the king of value AND volume. https://t.co/8MzCxNKioE",22814481,schaeffers,True,11306,"Cincinnati, OH",6,1150,"October 9, 2025 at 01:10 AM"
1976092750014710189,https://x.com/bhodisativa/status/1976092750014710189,@spaceghost Is that the guy from Costco or st?,531992612,bhodisativa,False,244,the void,0,21,"October 9, 2025 at 01:10 AM"
1976092599153795441,https://x.com/toolgirlsgarage/status/1976092599153795441,"When that tool hits JUST right!!! What’s the handiest tool you own?!

For me- this @skilpowertools Power Cutter is one I reach for constantly! If you’re a Costco shopper- you know like everything is packaged like drill bits! Plus- for the crafter/homeowner/ legit everything, it’s a must for me to have around!!! 

#toolsilove #powercutter #womeninconstruction",1101321568054112256,toolgirlsgarage,True,641,Texas ,0,17,"October 9, 2025 at 01:09 AM"
1976092047976333819,https://x.com/doudemo456/status/1976092047976333819,@yukihiro_costco FBA,88852611,doudemo456,False,714,,0,20,"October 9, 2025 at 01:07 AM"
1976273022085672997,https://x.com/MD_Konsult/status/1976273022085672997,Costco Gold Star Membership Plus a $20 Digital Costco Shop Card for $65 𝗖𝘂𝗿𝗶𝗼𝘂𝘀? 𝗙𝗼𝗹𝗹𝗼𝘄 𝘂𝘀 𝗳𝗼𝗿 𝘁𝗵𝗲 𝗳𝘂𝗹𝗹 𝘀𝘁𝗼𝗿𝘆! https://t.co/68oxkUu7uQ,1619029431879598081,MD_Konsult,False,28,"Dallas, Texas",1,8,"October 9, 2025 at 01:06 PM"
1976272984597028979,https://x.com/KristinChristy/status/1976272984597028979,@lovestdiomande Yes but wegmans is the best Costco is ass,282768514,KristinChristy,False,24921,Long Island City,2,65,"October 9, 2025 at 01:06 PM"
1976272947842355433,https://x.com/smartkarma/status/1976272947842355433,"🛎️ US Pre-Market movers:

$RACE Ferrari NV -11.9% -9.8B
$DAL Delta Air Lines Inc +6.8% +2.7B
$UAL United Airlines Holdings Inc +5.3% +1.8B
$COST Costco Wholesale Corp +1.4% +5.8B
$FCX Freeport-McMoRan Inc +3.9% +2.5B

👇🏻 See Smartkarma TL;DR to briefly understand why
https://t.co/WEIOTD9eev",229050933,smartkarma,True,8204,Join now 👉,2,394,"October 9, 2025 at 01:06 PM"
1976272730141196647,https://x.com/vanesacarro_/status/1976272730141196647,Los Levi’s del Costco 🤜🏼🤛🏼 https://t.co/BdhnuYkiDg,203490924,vanesacarro_,False,1962,"Madrid, Comunidad de Madrid",3,94,"October 9, 2025 at 01:05 PM"
1976091692710203519,https://x.com/nypmetro/status/1976091692710203519,Wild video shows man punch fellow shopper in NYC Costco brawl over shopping cart https://t.co/TgAlFDY5ek https://t.co/DIEHewtQRy,1158638582,nypmetro,False,51729,"New York, New York",0,616,"October 9, 2025 at 01:05 AM"
1976091675198902741,https://x.com/nypost/status/1976091675198902741,Wild video shows man punch fellow shopper in NYC Costco brawl over shopping cart https://t.co/eaR0tddykV https://t.co/MJ7pQxzCxd,17469289,nypost,True,3552228,"New York, NY",26,18678,"October 9, 2025 at 01:05 AM"
1976091608333549922,https://x.com/bocchigames1/status/1976091608333549922,"エアーポッズとかアップル製品ってコストコがやっぱ安いよな

Amazonとかと比べても5,000円～10,000円くらい安い印象

#エアーポッズ #ipad #Macbook

※リンクはコストコのガソリンに関することです
https://t.co/lDGuNUpQLA",1701966348341882880,bocchigames1,False,290,,3,101,"October 9, 2025 at 01:05 AM"
1976272460938088574,https://x.com/DavidHoangNam/status/1976272460938088574,"Costco Pre_audit 🙂 !

#Costco_standard
#COC_day02 https://t.co/iilLQcYdBW",1625678419693551616,DavidHoangNam,False,6,"Ho Chi Minh, Vietnam",0,8,"October 9, 2025 at 01:04 PM"
1976091416041324765,https://x.com/KTVN/status/1976091416041324765,"NEW DETAILS
Reno officials have clarified that Costco has not submitted any permit applications yet for their proposed location in south Reno. https://t.co/rGMyTebXWR",16568530,KTVN,False,81919,"Reno, Nevada",2,468,"October 9, 2025 at 01:04 AM"
1976091344356716633,https://x.com/peculiarjoc/status/1976091344356716633,Really hope Costco brings back the churus they had for cats 🥲,1724470806,peculiarjoc,False,969,,1,38,"October 9, 2025 at 01:04 AM"
1976091240069242955,https://x.com/thebigtime/status/1976091240069242955,"🍰 Costco’s pumpkin cheesecake is so good, people can’t even wait to get home. #Costco #Dessert
 https://t.co/X45XqnoiEg",26602990,thebigtime,True,3589,Nationwide 🌎,0,28,"October 9, 2025 at 01:04 AM"
1976091113812582632,https://x.com/jjpracticealoha/status/1976091113812582632,@pepemoonboy Costco?,1176979927582724096,jjpracticealoha,True,2019,USA 2.0,2,33,"October 9, 2025 at 01:03 AM"
1976091108817113367,https://x.com/GregHeffley2011/status/1976091108817113367,Also @ajbefumo what do we think of the Costco 👀👀,1678627584169353216,GregHeffley2011,False,15671,Surrey Street,6,402,"October 9, 2025 at 01:03 AM"
1976091041884492163,https://x.com/sandner_paul/status/1976091041884492163,"@BrianEastwood_X Costco or Sam’s Club, hotdog combo or pizza combo.

I’m a basic guy. Cheap date too.",1518777973502976000,sandner_paul,False,4174,,0,10,"October 9, 2025 at 01:03 AM"
1976272117374337242,https://x.com/kazuki01517086/status/1976272117374337242,@yukihiro_costco FBA,737813954961891328,kazuki01517086,False,48,,0,19,"October 9, 2025 at 01:02 PM"
1976090869288796326,https://x.com/KabraxFX/status/1976090869288796326,"@longoption @realroseceline @andycyau @Costco @RootInsurance They already offer a more traditional insurer, American Family Insurance, but not sure its embedded at point of sale. I know its a separate page you can access for Home and Auto.",1520896000570789888,KabraxFX,True,4001,United States,0,63,"October 9, 2025 at 01:02 AM"
1976271926118244695,https://x.com/namagera/status/1976271926118244695,"Now, me, I am a caring and compassionate neighbour, but I also had some other place to be. My Uber (aka Taata Baby) was on the way to take us to Costco.",65522237,namagera,False,576,Virginia,0,5,"October 9, 2025 at 01:01 PM"
1976271686560514490,https://x.com/costco_johokan/status/1976271686560514490,"【コストコ新商品】人気のLINDTリンツリンドールに新作ミルク＆ホワイト登場！

https://t.co/GWxc0P09Vn",1400505993197359104,costco_johokan,False,2230,コストコ川崎倉庫店,3,234,"October 9, 2025 at 01:01 PM"
1976090692641505615,https://x.com/MybEarner/status/1976090692641505615,Costco sushi is on the dinner menu tonight,1839884338155900928,MybEarner,False,20,,0,27,"October 9, 2025 at 01:01 AM"
1976271619753382125,https://x.com/foodandwine/status/1976271619753382125,Running out of olive oil? This is where you should grab another bottle from. https://t.co/v8YRoSoNoK,30278532,foodandwine,True,7045720,,8,4286,"October 9, 2025 at 01:00 PM"
1976271485452116243,https://x.com/marche_artwork/status/1976271485452116243,"COSTCO 駐車場末端区画確保成功

光量が原因なのかどうかはわかりませんが、ヘッドライトがコワモテな感じに映りましたね

#RZ34
#NissanZ https://t.co/53wACJ9MpN",1716456497134362624,marche_artwork,False,78,Japan,2,70,"October 9, 2025 at 01:00 PM"
1976271442934440063,https://x.com/costco_ao/status/1976271442934440063,"この方法を夏に読んで、速攻やったら元気になって
いま季節の変わり目で思い出したようにまた試して、元気になってます。（本気ですごいって思う）",3256133268,costco_ao,True,4705,,2,360,"October 9, 2025 at 01:00 PM"
1976090458255401211,https://x.com/katznd/status/1976090458255401211,@femcelbeetle @prettimom0 40 calorie bread from costco and 60 calorie reduced fat string cheese Nevermind its 140 calories but still,1660807232882081793,katznd,False,25,my name still jeremiah,0,12,"October 9, 2025 at 01:00 AM"
1976090388474806307,https://x.com/Pushkin_Street/status/1976090388474806307,"@BlueBoxDave If they make exceptions for Costco &amp; Sam's Club, count me in.  Truly sucks at the warehouses.",1499372037181169667,Pushkin_Street,False,25,,0,28,"October 9, 2025 at 01:00 AM"
1976090383252848881,https://x.com/Martinez8732/status/1976090383252848881,@joansths1 How’s Brampton doing ? I heard Costco in Ontario has brought in driveway security bollards because car theft has gone rampant 🤷🏻‍♂️,1734316011288219648,Martinez8732,False,63,,0,14,"October 9, 2025 at 01:00 AM"
1976090279427117140,https://x.com/ContrarianDNA/status/1976090279427117140,"@GoldTelegraph_ 🤣 The real executive membership perk was the monetary sovereignty they sold you next to the $4.99 chicken.

#Gold #Costco $GOLD",1968832774636220417,ContrarianDNA,True,1171,,3,590,"October 9, 2025 at 01:00 AM"
